"corpus","path","block","source_line","receiver","member","inferred_type","candidates","offered","reason","polars_related","in_function","guarded","error"
"articles","README.Rmd",1,12,"knitr::opts_chunk","set","",0,FALSE,"unknown_result",FALSE,FALSE,FALSE,""
"articles","README.Rmd",4,79,"pl$scan_csv(csv_file, infer_schema_files = 10)$filter(pl$col(""Sepal.Length"") > 5)$group_by(""Species"", .maintain_order = TRUE)","agg","polars_lazy_group_by",13,TRUE,"offered",TRUE,FALSE,FALSE,""
"articles","README.Rmd",4,79,"pl$scan_csv(csv_file, infer_schema_files = 10)$filter(pl$col(""Sepal.Length"") > 5)","group_by","polars_lazy_frame",72,TRUE,"offered",TRUE,FALSE,FALSE,""
"articles","README.Rmd",4,79,"pl$scan_csv(csv_file, infer_schema_files = 10)","filter","polars_lazy_frame",72,TRUE,"offered",TRUE,FALSE,FALSE,""
"articles","README.Rmd",4,79,"pl","scan_csv","pl",103,TRUE,"offered",TRUE,FALSE,FALSE,""
"articles","README.Rmd",4,79,"pl","col","pl",103,TRUE,"offered",TRUE,FALSE,FALSE,""
"articles","README.Rmd",4,79,"pl$all()","sum","polars_expr",212,TRUE,"offered",TRUE,FALSE,FALSE,""
"articles","README.Rmd",4,79,"pl","all","pl",103,TRUE,"offered",TRUE,FALSE,FALSE,""
"articles","README.Rmd",4,79,"q","collect","polars_lazy_frame",72,TRUE,"offered",TRUE,FALSE,FALSE,""
"articles","vignettes/custom-functions.Rmd",1,11,"knitr::opts_chunk","set","",0,FALSE,"unknown_result",FALSE,FALSE,FALSE,""
"articles","vignettes/custom-functions.Rmd",3,36,"x","mean","",0,FALSE,"unknown_result",FALSE,TRUE,FALSE,""
"articles","vignettes/custom-functions.Rmd",3,36,"x","std","",0,FALSE,"unknown_result",FALSE,TRUE,FALSE,""
"articles","vignettes/custom-functions.Rmd",4,43,"dat","with_columns","polars_data_frame",89,TRUE,"offered",TRUE,FALSE,FALSE,""
"articles","vignettes/custom-functions.Rmd",4,43,"pl","col","pl",103,TRUE,"offered",TRUE,FALSE,FALSE,""
"articles","vignettes/custom-functions.Rmd",5,70,"dat","map_columns","polars_data_frame",89,TRUE,"offered",TRUE,FALSE,FALSE,""
"articles","vignettes/custom-functions.Rmd",5,70,"col","to_r_vector","",0,FALSE,"unknown_result",FALSE,TRUE,FALSE,""
"articles","vignettes/custom-functions.Rmd",9,99,"x","serialize","",0,FALSE,"unknown_result",FALSE,TRUE,FALSE,""
"articles","vignettes/custom-functions.Rmd",9,99,"x","serialize","",0,FALSE,"unknown_result",FALSE,TRUE,FALSE,""
"articles","vignettes/custom-functions.Rmd",9,99,"x","serialize","",0,FALSE,"unknown_result",FALSE,TRUE,FALSE,""
"articles","vignettes/custom-functions.Rmd",9,99,"polars::pl","deserialize_df","pl",103,TRUE,"offered",TRUE,TRUE,FALSE,""
"articles","vignettes/custom-functions.Rmd",9,99,"polars::pl","deserialize_lf","pl",103,TRUE,"offered",TRUE,TRUE,FALSE,""
"articles","vignettes/custom-functions.Rmd",9,99,"polars::pl","deserialize_series","pl",103,TRUE,"offered",TRUE,TRUE,FALSE,""
"articles","vignettes/custom-functions.Rmd",11,152,"s","to_r_vector","",0,FALSE,"unknown_result",FALSE,TRUE,FALSE,""
"articles","vignettes/install.Rmd",1,11,"knitr::opts_chunk","set","",0,FALSE,"unknown_result",FALSE,FALSE,FALSE,""
"articles","vignettes/performance.Rmd",1,11,"knitr::opts_chunk","set","",0,FALSE,"unknown_result",FALSE,FALSE,FALSE,""
"articles","vignettes/performance.Rmd",3,69,"test","country","data.frame",3,TRUE,"offered",FALSE,FALSE,FALSE,""
"articles","vignettes/performance.Rmd",3,69,"tmp","country","",0,FALSE,"unbound_receiver",FALSE,FALSE,FALSE,""
"articles","vignettes/performance.Rmd",4,103,"pl","DataFrame","pl",103,TRUE,"offered",TRUE,FALSE,FALSE,""
"articles","vignettes/performance.Rmd",4,103,"df_test","lazy","polars_data_frame",89,TRUE,"offered",TRUE,FALSE,FALSE,""
"articles","vignettes/performance.Rmd",5,118,"df_test$sort(pl$col(""country""))","filter","polars_data_frame",89,TRUE,"offered",TRUE,FALSE,FALSE,""
"articles","vignettes/performance.Rmd",5,118,"df_test","sort","polars_data_frame",89,TRUE,"offered",TRUE,FALSE,FALSE,""
"articles","vignettes/performance.Rmd",5,118,"pl","col","pl",103,TRUE,"offered",TRUE,FALSE,FALSE,""
"articles","vignettes/performance.Rmd",5,118,"pl$col(""country"")","is_in","polars_expr",212,TRUE,"offered",TRUE,FALSE,FALSE,""
"articles","vignettes/performance.Rmd",5,118,"pl","col","pl",103,TRUE,"offered",TRUE,FALSE,FALSE,""
"articles","vignettes/performance.Rmd",6,127,"lf_test$sort(pl$col(""country""))","filter","polars_lazy_frame",72,TRUE,"offered",TRUE,FALSE,FALSE,""
"articles","vignettes/performance.Rmd",6,127,"lf_test","sort","polars_lazy_frame",72,TRUE,"offered",TRUE,FALSE,FALSE,""
"articles","vignettes/performance.Rmd",6,127,"pl","col","pl",103,TRUE,"offered",TRUE,FALSE,FALSE,""
"articles","vignettes/performance.Rmd",6,127,"pl$col(""country"")","is_in","polars_expr",212,TRUE,"offered",TRUE,FALSE,FALSE,""
"articles","vignettes/performance.Rmd",6,127,"pl","col","pl",103,TRUE,"offered",TRUE,FALSE,FALSE,""
"articles","vignettes/performance.Rmd",7,138,"df_test$sort(pl$col(""country""))","filter","polars_data_frame",89,TRUE,"offered",TRUE,FALSE,FALSE,""
"articles","vignettes/performance.Rmd",7,138,"df_test","sort","polars_data_frame",89,TRUE,"offered",TRUE,FALSE,FALSE,""
"articles","vignettes/performance.Rmd",7,138,"pl","col","pl",103,TRUE,"offered",TRUE,FALSE,FALSE,""
"articles","vignettes/performance.Rmd",7,138,"pl$col(""country"")","is_in","polars_expr",212,TRUE,"offered",TRUE,FALSE,FALSE,""
"articles","vignettes/performance.Rmd",7,138,"pl","col","pl",103,TRUE,"offered",TRUE,FALSE,FALSE,""
"articles","vignettes/performance.Rmd",7,138,"lazy_query","collect","polars_lazy_frame",72,TRUE,"offered",TRUE,FALSE,FALSE,""
"articles","vignettes/performance.Rmd",8,162,"lazy_query","explain","polars_lazy_frame",72,TRUE,"offered",TRUE,FALSE,FALSE,""
"articles","vignettes/performance.Rmd",8,162,"lazy_query","explain","polars_lazy_frame",72,TRUE,"offered",TRUE,FALSE,FALSE,""
"articles","vignettes/performance.Rmd",9,191,"lazy_query","collect","polars_lazy_frame",72,TRUE,"offered",TRUE,FALSE,FALSE,""
"articles","vignettes/performance.Rmd",9,191,"lazy_query","collect","polars_lazy_frame",72,TRUE,"offered",TRUE,FALSE,FALSE,""
"articles","vignettes/performance.Rmd",10,216,"df_test","with_columns","polars_data_frame",89,TRUE,"offered",TRUE,FALSE,FALSE,""
"articles","vignettes/performance.Rmd",10,216,"pl$col(""country"")$str","contains","polars_namespace_expr_str",48,TRUE,"offered",TRUE,FALSE,FALSE,""
"articles","vignettes/performance.Rmd",10,216,"pl$col(""country"")","str","polars_expr",212,TRUE,"offered",TRUE,FALSE,FALSE,""
"articles","vignettes/performance.Rmd",10,216,"pl","col","pl",103,TRUE,"offered",TRUE,FALSE,FALSE,""
"articles","vignettes/performance.Rmd",10,216,"df_test","with_columns","polars_data_frame",89,TRUE,"offered",TRUE,FALSE,FALSE,""
"articles","vignettes/performance.Rmd",10,216,"pl$col(""country"")","map_batches","polars_expr",212,TRUE,"offered",TRUE,FALSE,FALSE,""
"articles","vignettes/performance.Rmd",10,216,"pl","col","pl",103,TRUE,"offered",TRUE,FALSE,FALSE,""
"articles","vignettes/polars.Rmd",1,11,"knitr::opts_chunk","set","",0,FALSE,"unknown_result",FALSE,FALSE,FALSE,""
"articles","vignettes/polars.Rmd",3,94,"df$group_by(""id"")","mean","",0,FALSE,"unknown_result",FALSE,FALSE,FALSE,""
"articles","vignettes/polars.Rmd",3,94,"df","group_by","",0,FALSE,"unbound_receiver",FALSE,FALSE,FALSE,""
"articles","vignettes/polars.Rmd",4,112,"pl","Series","pl",103,TRUE,"offered",TRUE,FALSE,FALSE,""
"articles","vignettes/polars.Rmd",4,112,"pl","DataFrame","pl",103,TRUE,"offered",TRUE,FALSE,FALSE,""
"articles","vignettes/polars.Rmd",6,138,"pl","DataFrame","pl",103,TRUE,"offered",TRUE,FALSE,FALSE,""
"articles","vignettes/polars.Rmd",8,174,"ser","sort","polars_series",226,TRUE,"offered",TRUE,FALSE,FALSE,""
"articles","vignettes/polars.Rmd",9,180,"ser","max","polars_series",226,TRUE,"offered",TRUE,FALSE,FALSE,""
"articles","vignettes/polars.Rmd",9,180,"dat","slice","polars_data_frame",89,TRUE,"offered",TRUE,FALSE,FALSE,""
"articles","vignettes/polars.Rmd",10,212,"dat","max","polars_data_frame",89,TRUE,"offered",TRUE,FALSE,FALSE,""
"articles","vignettes/polars.Rmd",11,219,"dat$tail(10)","max","polars_data_frame",89,TRUE,"offered",TRUE,FALSE,FALSE,""
"articles","vignettes/polars.Rmd",11,219,"dat","tail","polars_data_frame",89,TRUE,"offered",TRUE,FALSE,FALSE,""
"articles","vignettes/polars.Rmd",12,225,"dat$tail(10)","max","polars_data_frame",89,TRUE,"offered",TRUE,FALSE,FALSE,""
"articles","vignettes/polars.Rmd",12,225,"dat","tail","polars_data_frame",89,TRUE,"offered",TRUE,FALSE,FALSE,""
"articles","vignettes/polars.Rmd",13,234,"dat$group_by(""cyl"")","mean","polars_group_by",16,TRUE,"offered",TRUE,FALSE,FALSE,""
"articles","vignettes/polars.Rmd",13,234,"dat","group_by","polars_data_frame",89,TRUE,"offered",TRUE,FALSE,FALSE,""
"articles","vignettes/polars.Rmd",14,247,"dat","filter","polars_data_frame",89,TRUE,"offered",TRUE,FALSE,FALSE,""
"articles","vignettes/polars.Rmd",14,247,"pl","col","pl",103,TRUE,"offered",TRUE,FALSE,FALSE,""
"articles","vignettes/polars.Rmd",14,247,"dat","filter","polars_data_frame",89,TRUE,"offered",TRUE,FALSE,FALSE,""
"articles","vignettes/polars.Rmd",14,247,"pl","col","pl",103,TRUE,"offered",TRUE,FALSE,FALSE,""
"articles","vignettes/polars.Rmd",14,247,"pl","col","pl",103,TRUE,"offered",TRUE,FALSE,FALSE,""
"articles","vignettes/polars.Rmd",14,247,"dat","select","polars_data_frame",89,TRUE,"offered",TRUE,FALSE,FALSE,""
"articles","vignettes/polars.Rmd",14,247,"pl","col","pl",103,TRUE,"offered",TRUE,FALSE,FALSE,""
"articles","vignettes/polars.Rmd",15,257,"dat$filter(pl$col(""cyl"") == 6)","select","polars_data_frame",89,TRUE,"offered",TRUE,FALSE,FALSE,""
"articles","vignettes/polars.Rmd",15,257,"dat","filter","polars_data_frame",89,TRUE,"offered",TRUE,FALSE,FALSE,""
"articles","vignettes/polars.Rmd",15,257,"pl","col","pl",103,TRUE,"offered",TRUE,FALSE,FALSE,""
"articles","vignettes/polars.Rmd",15,257,"pl","col","pl",103,TRUE,"offered",TRUE,FALSE,FALSE,""
"articles","vignettes/polars.Rmd",16,276,"dat","with_columns","polars_data_frame",89,TRUE,"offered",TRUE,FALSE,FALSE,""
"articles","vignettes/polars.Rmd",16,276,"pl$col(""mpg"")$sum()$over(""cyl"")","alias","polars_expr",212,TRUE,"offered",TRUE,FALSE,FALSE,""
"articles","vignettes/polars.Rmd",16,276,"pl$col(""mpg"")$sum()","over","polars_expr",212,TRUE,"offered",TRUE,FALSE,FALSE,""
"articles","vignettes/polars.Rmd",16,276,"pl$col(""mpg"")","sum","polars_expr",212,TRUE,"offered",TRUE,FALSE,FALSE,""
"articles","vignettes/polars.Rmd",16,276,"pl","col","pl",103,TRUE,"offered",TRUE,FALSE,FALSE,""
"articles","vignettes/polars.Rmd",16,276,"pl$col(""hp"")$sum()$over(""cyl"")","alias","polars_expr",212,TRUE,"offered",TRUE,FALSE,FALSE,""
"articles","vignettes/polars.Rmd",16,276,"pl$col(""hp"")$sum()","over","polars_expr",212,TRUE,"offered",TRUE,FALSE,FALSE,""
"articles","vignettes/polars.Rmd",16,276,"pl$col(""hp"")","sum","polars_expr",212,TRUE,"offered",TRUE,FALSE,FALSE,""
"articles","vignettes/polars.Rmd",16,276,"pl","col","pl",103,TRUE,"offered",TRUE,FALSE,FALSE,""
"articles","vignettes/polars.Rmd",17,286,"dat","with_columns","polars_data_frame",89,TRUE,"offered",TRUE,FALSE,FALSE,""
"articles","vignettes/polars.Rmd",17,286,"pl$col(c(""mpg"", ""hp""))$sum()$over(""cyl"")$name","prefix","polars_namespace_expr_name",9,TRUE,"offered",TRUE,FALSE,FALSE,""
"articles","vignettes/polars.Rmd",17,286,"pl$col(c(""mpg"", ""hp""))$sum()$over(""cyl"")","name","polars_expr",212,TRUE,"offered",TRUE,FALSE,FALSE,""
"articles","vignettes/polars.Rmd",17,286,"pl$col(c(""mpg"", ""hp""))$sum()","over","polars_expr",212,TRUE,"offered",TRUE,FALSE,FALSE,""
"articles","vignettes/polars.Rmd",17,286,"pl$col(c(""mpg"", ""hp""))","sum","polars_expr",212,TRUE,"offered",TRUE,FALSE,FALSE,""
"articles","vignettes/polars.Rmd",17,286,"pl","col","pl",103,TRUE,"offered",TRUE,FALSE,FALSE,""
"articles","vignettes/polars.Rmd",18,296,"dat$group_by(""cyl"", .maintain_order = TRUE)","agg","polars_group_by",16,TRUE,"offered",TRUE,FALSE,FALSE,""
"articles","vignettes/polars.Rmd",18,296,"dat","group_by","polars_data_frame",89,TRUE,"offered",TRUE,FALSE,FALSE,""
"articles","vignettes/polars.Rmd",18,296,"pl$col(c(""mpg"", ""hp""))","sum","polars_expr",212,TRUE,"offered",TRUE,FALSE,FALSE,""
"articles","vignettes/polars.Rmd",18,296,"pl","col","pl",103,TRUE,"offered",TRUE,FALSE,FALSE,""
"articles","vignettes/polars.Rmd",19,309,"dat$group_by(""cyl"", manual = pl$col(""am"")$cast(pl$Boolean))","agg","polars_group_by",16,TRUE,"offered",TRUE,FALSE,FALSE,""
"articles","vignettes/polars.Rmd",19,309,"dat","group_by","polars_data_frame",89,TRUE,"offered",TRUE,FALSE,FALSE,""
"articles","vignettes/polars.Rmd",19,309,"pl$col(""am"")","cast","polars_expr",212,TRUE,"offered",TRUE,FALSE,FALSE,""
"articles","vignettes/polars.Rmd",19,309,"pl","col","pl",103,TRUE,"offered",TRUE,FALSE,FALSE,""
"articles","vignettes/polars.Rmd",19,309,"pl","Boolean","pl",103,TRUE,"offered",TRUE,FALSE,FALSE,""
"articles","vignettes/polars.Rmd",19,309,"pl$col(""mpg"")","mean","polars_expr",212,TRUE,"offered",TRUE,FALSE,FALSE,""
"articles","vignettes/polars.Rmd",19,309,"pl","col","pl",103,TRUE,"offered",TRUE,FALSE,FALSE,""
"articles","vignettes/polars.Rmd",19,309,"pl$col(""hp"")","median","polars_expr",212,TRUE,"offered",TRUE,FALSE,FALSE,""
"articles","vignettes/polars.Rmd",19,309,"pl","col","pl",103,TRUE,"offered",TRUE,FALSE,FALSE,""
"articles","vignettes/polars.Rmd",21,338,"indo","pivot","polars_data_frame",89,TRUE,"offered",TRUE,FALSE,FALSE,""
"articles","vignettes/polars.Rmd",22,345,"indo_wide","unpivot","polars_data_frame",89,TRUE,"offered",TRUE,FALSE,FALSE,""
"articles","vignettes/polars.Rmd",23,357,"dat","pivot","polars_data_frame",89,TRUE,"offered",TRUE,FALSE,FALSE,""
"articles","vignettes/polars.Rmd",24,376,"flights","join","",0,FALSE,"unknown_result",TRUE,FALSE,FALSE,""
"articles","vignettes/polars.Rmd",25,404,"dat","lazy","polars_data_frame",89,TRUE,"offered",TRUE,FALSE,FALSE,""
"articles","vignettes/polars.Rmd",27,418,"ldat$filter(pl$col(""cyl"") == 6)","select","polars_lazy_frame",72,TRUE,"offered",TRUE,FALSE,FALSE,""
"articles","vignettes/polars.Rmd",27,418,"ldat","filter","polars_lazy_frame",72,TRUE,"offered",TRUE,FALSE,FALSE,""
"articles","vignettes/polars.Rmd",27,418,"pl","col","pl",103,TRUE,"offered",TRUE,FALSE,FALSE,""
"articles","vignettes/polars.Rmd",27,418,"pl","col","pl",103,TRUE,"offered",TRUE,FALSE,FALSE,""
"articles","vignettes/polars.Rmd",28,432,"subset_query","explain","polars_lazy_frame",72,TRUE,"offered",TRUE,FALSE,FALSE,""
"articles","vignettes/polars.Rmd",29,447,"subset_query","collect","polars_lazy_frame",72,TRUE,"offered",TRUE,FALSE,FALSE,""
"articles","vignettes/polars.Rmd",30,456,"pl","read_csv","pl",103,TRUE,"offered",TRUE,FALSE,FALSE,""
"articles","vignettes/polars.Rmd",31,464,"pl","scan_csv","pl",103,TRUE,"offered",TRUE,FALSE,FALSE,""
"articles","vignettes/polars.Rmd",32,473,"as_polars_df(airquality)","write_parquet","polars_data_frame",89,TRUE,"offered",TRUE,FALSE,FALSE,""
"articles","vignettes/polars.Rmd",32,473,"pl","read_parquet","pl",103,TRUE,"offered",TRUE,FALSE,FALSE,""
"articles","vignettes/polars.Rmd",32,473,"pl","scan_parquet","pl",103,TRUE,"offered",TRUE,FALSE,FALSE,""
"articles","vignettes/polars.Rmd",32,473,"aq$filter(pl$col(""Month"") <= 6)$group_by(""Month"")$agg(pl$col(c(""Ozone"", ""Temp""))$mean())","collect","polars_lazy_frame",72,TRUE,"offered",TRUE,FALSE,FALSE,""
"articles","vignettes/polars.Rmd",32,473,"aq$filter(pl$col(""Month"") <= 6)$group_by(""Month"")","agg","polars_lazy_group_by",13,TRUE,"offered",TRUE,FALSE,FALSE,""
"articles","vignettes/polars.Rmd",32,473,"aq$filter(pl$col(""Month"") <= 6)","group_by","polars_lazy_frame",72,TRUE,"offered",TRUE,FALSE,FALSE,""
"articles","vignettes/polars.Rmd",32,473,"aq","filter","polars_lazy_frame",72,TRUE,"offered",TRUE,FALSE,FALSE,""
"articles","vignettes/polars.Rmd",32,473,"pl","col","pl",103,TRUE,"offered",TRUE,FALSE,FALSE,""
"articles","vignettes/polars.Rmd",32,473,"pl$col(c(""Ozone"", ""Temp""))","mean","polars_expr",212,TRUE,"offered",TRUE,FALSE,FALSE,""
"articles","vignettes/polars.Rmd",32,473,"pl","col","pl",103,TRUE,"offered",TRUE,FALSE,FALSE,""
"articles","vignettes/polars.Rmd",33,494,"pl","scan_parquet","pl",103,TRUE,"offered",TRUE,FALSE,FALSE,""
"articles","vignettes/polars.Rmd",33,494,"aq2$head(2)","collect","polars_lazy_frame",72,TRUE,"offered",TRUE,FALSE,FALSE,""
"articles","vignettes/polars.Rmd",33,494,"aq2","head","polars_lazy_frame",72,TRUE,"offered",TRUE,FALSE,FALSE,""
"articles","vignettes/polars.Rmd",36,533,"x","serialize","",0,FALSE,"unknown_result",FALSE,TRUE,FALSE,""
"articles","vignettes/polars.Rmd",36,533,"x","serialize","",0,FALSE,"unknown_result",FALSE,TRUE,FALSE,""
"articles","vignettes/polars.Rmd",36,533,"x","serialize","",0,FALSE,"unknown_result",FALSE,TRUE,FALSE,""
"articles","vignettes/polars.Rmd",36,533,"polars::pl","deserialize_df","pl",103,TRUE,"offered",TRUE,TRUE,FALSE,""
"articles","vignettes/polars.Rmd",36,533,"polars::pl","deserialize_lf","pl",103,TRUE,"offered",TRUE,TRUE,FALSE,""
"articles","vignettes/polars.Rmd",36,533,"polars::pl","deserialize_series","pl",103,TRUE,"offered",TRUE,TRUE,FALSE,""
"articles","vignettes/polars.Rmd",37,563,"pl$DataFrame(a = 1, b = 2, c = 3, d = 4)","cast","polars_data_frame",89,TRUE,"offered",TRUE,FALSE,FALSE,""
"articles","vignettes/polars.Rmd",37,563,"pl","DataFrame","pl",103,TRUE,"offered",TRUE,FALSE,FALSE,""
"articles","vignettes/polars.Rmd",37,563,"pl","Int128","pl",103,TRUE,"offered",TRUE,FALSE,FALSE,""
"articles","vignettes/polars.Rmd",39,583,"pl","Float64","pl",103,TRUE,"offered",TRUE,FALSE,FALSE,""
"articles","altdoc/reference_home.Rmd",1,8,"knitr::opts_chunk","set","",0,FALSE,"unknown_result",FALSE,FALSE,FALSE,""
"articles","altdoc/reference_home.Rmd",3,64,"test","with_columns","polars_data_frame",89,TRUE,"offered",TRUE,FALSE,FALSE,""
"articles","altdoc/reference_home.Rmd",3,64,"pl","col","pl",103,TRUE,"offered",TRUE,FALSE,FALSE,""
"articles","altdoc/reference_home.Rmd",4,69,"test","with_columns","polars_data_frame",89,TRUE,"offered",TRUE,FALSE,FALSE,""
"articles","altdoc/reference_home.Rmd",4,69,"pl$col(""mpg"")","slice","polars_expr",212,TRUE,"offered",TRUE,FALSE,FALSE,""
"articles","altdoc/reference_home.Rmd",4,69,"pl","col","pl",103,TRUE,"offered",TRUE,FALSE,FALSE,""
"articles","altdoc/reference_home.Rmd",5,78,"test$group_by(pl$col(""cyl""))","agg","polars_group_by",16,TRUE,"offered",TRUE,FALSE,FALSE,""
"articles","altdoc/reference_home.Rmd",5,78,"test","group_by","polars_data_frame",89,TRUE,"offered",TRUE,FALSE,FALSE,""
"articles","altdoc/reference_home.Rmd",5,78,"pl","col","pl",103,TRUE,"offered",TRUE,FALSE,FALSE,""
"articles","altdoc/reference_home.Rmd",5,78,"pl","col","pl",103,TRUE,"offered",TRUE,FALSE,FALSE,""
"articles","altdoc/reference_home.Rmd",5,78,"pl$col(""mpg"")$slice(0, 2)$name","suffix","polars_namespace_expr_name",9,TRUE,"offered",TRUE,FALSE,FALSE,""
"articles","altdoc/reference_home.Rmd",5,78,"pl$col(""mpg"")$slice(0, 2)","name","polars_expr",212,TRUE,"offered",TRUE,FALSE,FALSE,""
"articles","altdoc/reference_home.Rmd",5,78,"pl$col(""mpg"")","slice","polars_expr",212,TRUE,"offered",TRUE,FALSE,FALSE,""
"articles","altdoc/reference_home.Rmd",5,78,"pl","col","pl",103,TRUE,"offered",TRUE,FALSE,FALSE,""
"articles","altdoc/reference_home.Rmd",5,78,"pl$col(""mpg"")$sum()$name","suffix","polars_namespace_expr_name",9,TRUE,"offered",TRUE,FALSE,FALSE,""
"articles","altdoc/reference_home.Rmd",5,78,"pl$col(""mpg"")$sum()","name","polars_expr",212,TRUE,"offered",TRUE,FALSE,FALSE,""
"articles","altdoc/reference_home.Rmd",5,78,"pl$col(""mpg"")","sum","polars_expr",212,TRUE,"offered",TRUE,FALSE,FALSE,""
"articles","altdoc/reference_home.Rmd",5,78,"pl","col","pl",103,TRUE,"offered",TRUE,FALSE,FALSE,""
"articles","altdoc/reference_home.Rmd",6,100,"pl$DataFrame(a = 1:4)","with_columns","polars_data_frame",89,TRUE,"offered",TRUE,FALSE,FALSE,""
"articles","altdoc/reference_home.Rmd",6,100,"pl","DataFrame","pl",103,TRUE,"offered",TRUE,FALSE,FALSE,""
"articles","altdoc/reference_home.Rmd",6,100,"pl$col(""a"")$cos()","sin","polars_expr",212,TRUE,"offered",TRUE,FALSE,FALSE,""
"articles","altdoc/reference_home.Rmd",6,100,"pl$col(""a"")","cos","polars_expr",212,TRUE,"offered",TRUE,FALSE,FALSE,""
"articles","altdoc/reference_home.Rmd",6,100,"pl","col","pl",103,TRUE,"offered",TRUE,FALSE,FALSE,""
"articles","altdoc/reference_home.Rmd",6,100,"pl","col","pl",103,TRUE,"offered",TRUE,FALSE,FALSE,""
"articles","altdoc/reference_home.Rmd",6,100,"pl$col(""a"")","mean","polars_expr",212,TRUE,"offered",TRUE,FALSE,FALSE,""
"articles","altdoc/reference_home.Rmd",6,100,"pl","col","pl",103,TRUE,"offered",TRUE,FALSE,FALSE,""
"articles","altdoc/reference_home.Rmd",6,100,"pl$col(""a"")","std","polars_expr",212,TRUE,"offered",TRUE,FALSE,FALSE,""
"articles","altdoc/reference_home.Rmd",6,100,"pl","col","pl",103,TRUE,"offered",TRUE,FALSE,FALSE,""
"articles","altdoc/reference_home.Rmd",6,100,"pl$lit(1:3)","sum","polars_expr",212,TRUE,"offered",TRUE,FALSE,FALSE,""
"articles","altdoc/reference_home.Rmd",6,100,"pl","lit","pl",103,TRUE,"offered",TRUE,FALSE,FALSE,""
"articles","altdoc/reference_home.Rmd",7,128,"pl","select","pl",103,TRUE,"offered",TRUE,FALSE,FALSE,""
"articles","altdoc/reference_home.Rmd",7,128,"pl","date_range","pl",103,TRUE,"offered",TRUE,FALSE,FALSE,""
"articles","altdoc/reference_home.Rmd",8,143,"df","with_columns","polars_data_frame",89,TRUE,"offered",TRUE,FALSE,FALSE,""
"articles","altdoc/reference_home.Rmd",8,143,"pl$col(""date"")$dt","year","polars_namespace_expr_dt",45,TRUE,"offered",TRUE,FALSE,FALSE,""
"articles","altdoc/reference_home.Rmd",8,143,"pl$col(""date"")","dt","polars_expr",212,TRUE,"offered",TRUE,FALSE,FALSE,""
"articles","altdoc/reference_home.Rmd",8,143,"pl","col","pl",103,TRUE,"offered",TRUE,FALSE,FALSE,""
"articles","altdoc/reference_home.Rmd",9,150,"pl$DataFrame(foo = c(""jake"", ""mary"", ""john peter""))","with_columns","polars_data_frame",89,TRUE,"offered",TRUE,FALSE,FALSE,""
"articles","altdoc/reference_home.Rmd",9,150,"pl","DataFrame","pl",103,TRUE,"offered",TRUE,FALSE,FALSE,""
"articles","altdoc/reference_home.Rmd",9,150,"pl$col(""foo"")$str","to_uppercase","polars_namespace_expr_str",48,TRUE,"offered",TRUE,FALSE,FALSE,""
"articles","altdoc/reference_home.Rmd",9,150,"pl$col(""foo"")","str","polars_expr",212,TRUE,"offered",TRUE,FALSE,FALSE,""
"articles","altdoc/reference_home.Rmd",9,150,"pl","col","pl",103,TRUE,"offered",TRUE,FALSE,FALSE,""
"reference","man/as_polars_expr.Rd",1,86,"pl","col","pl",103,TRUE,"offered",TRUE,FALSE,FALSE,""
"reference","man/cs__all.Rd",1,15,"pl","DataFrame","pl",103,TRUE,"offered",TRUE,FALSE,FALSE,""
"reference","man/cs__all.Rd",1,15,"df","select","polars_data_frame",89,TRUE,"offered",TRUE,FALSE,FALSE,""
"reference","man/cs__all.Rd",1,15,"cs$all()","cast","polars_selector",214,TRUE,"offered",TRUE,FALSE,FALSE,""
"reference","man/cs__all.Rd",1,15,"cs","all","cs",35,TRUE,"offered",TRUE,FALSE,FALSE,""
"reference","man/cs__all.Rd",1,15,"pl","String","pl",103,TRUE,"offered",TRUE,FALSE,FALSE,""
"reference","man/cs__all.Rd",1,15,"df","select","polars_data_frame",89,TRUE,"offered",TRUE,FALSE,FALSE,""
"reference","man/cs__all.Rd",1,15,"cs","all","cs",35,TRUE,"offered",TRUE,FALSE,FALSE,""
"reference","man/cs__all.Rd",1,15,"cs","numeric","cs",35,TRUE,"offered",TRUE,FALSE,FALSE,""
"reference","man/cs__alpha.Rd",1,31,"pl","DataFrame","pl",103,TRUE,"offered",TRUE,FALSE,FALSE,""
"reference","man/cs__alpha.Rd",1,31,"df","select","polars_data_frame",89,TRUE,"offered",TRUE,FALSE,FALSE,""
"reference","man/cs__alpha.Rd",1,31,"cs","alpha","cs",35,TRUE,"offered",TRUE,FALSE,FALSE,""
"reference","man/cs__alpha.Rd",1,31,"df","select","polars_data_frame",89,TRUE,"offered",TRUE,FALSE,FALSE,""
"reference","man/cs__alpha.Rd",1,31,"cs","alpha","cs",35,TRUE,"offered",TRUE,FALSE,FALSE,""
"reference","man/cs__alpha.Rd",1,31,"df","select","polars_data_frame",89,TRUE,"offered",TRUE,FALSE,FALSE,""
"reference","man/cs__alpha.Rd",1,31,"cs","alpha","cs",35,TRUE,"offered",TRUE,FALSE,FALSE,""
"reference","man/cs__alpha.Rd",1,31,"df","select","polars_data_frame",89,TRUE,"offered",TRUE,FALSE,FALSE,""
"reference","man/cs__alpha.Rd",1,31,"cs","alpha","cs",35,TRUE,"offered",TRUE,FALSE,FALSE,""
"reference","man/cs__alpha.Rd",1,31,"df","select","polars_data_frame",89,TRUE,"offered",TRUE,FALSE,FALSE,""
"reference","man/cs__alpha.Rd",1,31,"cs","alpha","cs",35,TRUE,"offered",TRUE,FALSE,FALSE,""
"reference","man/cs__alphanumeric.Rd",1,31,"pl","DataFrame","pl",103,TRUE,"offered",TRUE,FALSE,FALSE,""
"reference","man/cs__alphanumeric.Rd",1,31,"df","select","polars_data_frame",89,TRUE,"offered",TRUE,FALSE,FALSE,""
"reference","man/cs__alphanumeric.Rd",1,31,"cs","alphanumeric","cs",35,TRUE,"offered",TRUE,FALSE,FALSE,""
"reference","man/cs__alphanumeric.Rd",1,31,"df","select","polars_data_frame",89,TRUE,"offered",TRUE,FALSE,FALSE,""
"reference","man/cs__alphanumeric.Rd",1,31,"cs","alphanumeric","cs",35,TRUE,"offered",TRUE,FALSE,FALSE,""
"reference","man/cs__alphanumeric.Rd",1,31,"df","select","polars_data_frame",89,TRUE,"offered",TRUE,FALSE,FALSE,""
"reference","man/cs__alphanumeric.Rd",1,31,"cs","alphanumeric","cs",35,TRUE,"offered",TRUE,FALSE,FALSE,""
"reference","man/cs__alphanumeric.Rd",1,31,"df","select","polars_data_frame",89,TRUE,"offered",TRUE,FALSE,FALSE,""
"reference","man/cs__alphanumeric.Rd",1,31,"cs","alphanumeric","cs",35,TRUE,"offered",TRUE,FALSE,FALSE,""
"reference","man/cs__array.Rd",1,24,"pl","DataFrame","pl",103,TRUE,"offered",TRUE,FALSE,FALSE,""
"reference","man/cs__array.Rd",1,24,"pl","Array","pl",103,TRUE,"offered",TRUE,FALSE,FALSE,""
"reference","man/cs__array.Rd",1,24,"pl","String","pl",103,TRUE,"offered",TRUE,FALSE,FALSE,""
"reference","man/cs__array.Rd",1,24,"pl","Array","pl",103,TRUE,"offered",TRUE,FALSE,FALSE,""
"reference","man/cs__array.Rd",1,24,"pl","Int64","pl",103,TRUE,"offered",TRUE,FALSE,FALSE,""
"reference","man/cs__array.Rd",1,24,"df","select","polars_data_frame",89,TRUE,"offered",TRUE,FALSE,FALSE,""
"reference","man/cs__array.Rd",1,24,"cs","array","cs",35,TRUE,"offered",TRUE,FALSE,FALSE,""
"reference","man/cs__array.Rd",1,24,"df","select","polars_data_frame",89,TRUE,"offered",TRUE,FALSE,FALSE,""
"reference","man/cs__array.Rd",1,24,"cs","array","cs",35,TRUE,"offered",TRUE,FALSE,FALSE,""
"reference","man/cs__array.Rd",1,24,"df","select","polars_data_frame",89,TRUE,"offered",TRUE,FALSE,FALSE,""
"reference","man/cs__array.Rd",1,24,"cs","array","cs",35,TRUE,"offered",TRUE,FALSE,FALSE,""
"reference","man/cs__array.Rd",1,24,"cs","string","cs",35,TRUE,"offered",TRUE,FALSE,FALSE,""
"reference","man/cs__array.Rd",1,24,"df","select","polars_data_frame",89,TRUE,"offered",TRUE,FALSE,FALSE,""
"reference","man/cs__array.Rd",1,24,"cs","array","cs",35,TRUE,"offered",TRUE,FALSE,FALSE,""
"reference","man/cs__array.Rd",1,24,"df","select","polars_data_frame",89,TRUE,"offered",TRUE,FALSE,FALSE,""
"reference","man/cs__array.Rd",1,24,"cs","array","cs",35,TRUE,"offered",TRUE,FALSE,FALSE,""
"reference","man/cs__array.Rd",1,24,"cs","string","cs",35,TRUE,"offered",TRUE,FALSE,FALSE,""
"reference","man/cs__array.Rd",1,24,"cs","numeric","cs",35,TRUE,"offered",TRUE,FALSE,FALSE,""
"reference","man/cs__binary.Rd",1,15,"pl","select","pl",103,TRUE,"offered",TRUE,FALSE,FALSE,""
"reference","man/cs__binary.Rd",1,15,"pl","lit","pl",103,TRUE,"offered",TRUE,FALSE,FALSE,""
"reference","man/cs__binary.Rd",1,15,"pl","lit","pl",103,TRUE,"offered",TRUE,FALSE,FALSE,""
"reference","man/cs__binary.Rd",1,15,"df","select","polars_data_frame",89,TRUE,"offered",TRUE,FALSE,FALSE,""
"reference","man/cs__binary.Rd",1,15,"cs","binary","cs",35,TRUE,"offered",TRUE,FALSE,FALSE,""
"reference","man/cs__binary.Rd",1,15,"df","select","polars_data_frame",89,TRUE,"offered",TRUE,FALSE,FALSE,""
"reference","man/cs__binary.Rd",1,15,"cs","binary","cs",35,TRUE,"offered",TRUE,FALSE,FALSE,""
"reference","man/cs__boolean.Rd",1,15,"pl","DataFrame","pl",103,TRUE,"offered",TRUE,FALSE,FALSE,""
"reference","man/cs__boolean.Rd",1,15,"df","with_columns","polars_data_frame",89,TRUE,"offered",TRUE,FALSE,FALSE,""
"reference","man/cs__boolean.Rd",1,15,"cs$boolean()","not","polars_selector",214,TRUE,"offered",TRUE,FALSE,FALSE,""
"reference","man/cs__boolean.Rd",1,15,"cs","boolean","cs",35,TRUE,"offered",TRUE,FALSE,FALSE,""
"reference","man/cs__boolean.Rd",1,15,"df","select","polars_data_frame",89,TRUE,"offered",TRUE,FALSE,FALSE,""
"reference","man/cs__boolean.Rd",1,15,"cs","boolean","cs",35,TRUE,"offered",TRUE,FALSE,FALSE,""
"reference","man/cs__by_dtype.Rd",1,20,"pl","DataFrame","pl",103,TRUE,"offered",TRUE,FALSE,FALSE,""
"reference","man/cs__by_dtype.Rd",1,20,"df","select","polars_data_frame",89,TRUE,"offered",TRUE,FALSE,FALSE,""
"reference","man/cs__by_dtype.Rd",1,20,"cs","by_dtype","cs",35,TRUE,"offered",TRUE,FALSE,FALSE,""
"reference","man/cs__by_dtype.Rd",1,20,"pl","Date","pl",103,TRUE,"offered",TRUE,FALSE,FALSE,""
"reference","man/cs__by_dtype.Rd",1,20,"pl","String","pl",103,TRUE,"offered",TRUE,FALSE,FALSE,""
"reference","man/cs__by_dtype.Rd",1,20,"df","select","polars_data_frame",89,TRUE,"offered",TRUE,FALSE,FALSE,""
"reference","man/cs__by_dtype.Rd",1,20,"cs","by_dtype","cs",35,TRUE,"offered",TRUE,FALSE,FALSE,""
"reference","man/cs__by_dtype.Rd",1,20,"pl","Date","pl",103,TRUE,"offered",TRUE,FALSE,FALSE,""
"reference","man/cs__by_dtype.Rd",1,20,"pl","String","pl",103,TRUE,"offered",TRUE,FALSE,FALSE,""
"reference","man/cs__by_dtype.Rd",1,20,"df$group_by(cs$string())$agg(cs$numeric()$sum())","sort","polars_data_frame",89,TRUE,"offered",TRUE,FALSE,FALSE,""
"reference","man/cs__by_dtype.Rd",1,20,"df$group_by(cs$string())","agg","polars_group_by",16,TRUE,"offered",TRUE,FALSE,FALSE,""
"reference","man/cs__by_dtype.Rd",1,20,"df","group_by","polars_data_frame",89,TRUE,"offered",TRUE,FALSE,FALSE,""
"reference","man/cs__by_dtype.Rd",1,20,"cs","string","cs",35,TRUE,"offered",TRUE,FALSE,FALSE,""
"reference","man/cs__by_dtype.Rd",1,20,"cs$numeric()","sum","polars_selector",214,TRUE,"offered",TRUE,FALSE,FALSE,""
"reference","man/cs__by_dtype.Rd",1,20,"cs","numeric","cs",35,TRUE,"offered",TRUE,FALSE,FALSE,""
"reference","man/cs__by_index.Rd",1,27,"pl","DataFrame","pl",103,TRUE,"offered",TRUE,FALSE,FALSE,""
"reference","man/cs__by_index.Rd",1,27,"df","select","polars_data_frame",89,TRUE,"offered",TRUE,FALSE,FALSE,""
"reference","man/cs__by_index.Rd",1,27,"cs","by_index","cs",35,TRUE,"offered",TRUE,FALSE,FALSE,""
"reference","man/cs__by_index.Rd",1,27,"df","select","polars_data_frame",89,TRUE,"offered",TRUE,FALSE,FALSE,""
"reference","man/cs__by_index.Rd",1,27,"cs","by_index","cs",35,TRUE,"offered",TRUE,FALSE,FALSE,""
"reference","man/cs__by_index.Rd",1,27,"df","select","polars_data_frame",89,TRUE,"offered",TRUE,FALSE,FALSE,""
"reference","man/cs__by_index.Rd",1,27,"cs","by_index","cs",35,TRUE,"offered",TRUE,FALSE,FALSE,""
"reference","man/cs__by_index.Rd",1,27,"df","select","polars_data_frame",89,TRUE,"offered",TRUE,FALSE,FALSE,""
"reference","man/cs__by_index.Rd",1,27,"cs","by_index","cs",35,TRUE,"offered",TRUE,FALSE,FALSE,""
"reference","man/cs__by_name.Rd",1,29,"pl","DataFrame","pl",103,TRUE,"offered",TRUE,FALSE,FALSE,""
"reference","man/cs__by_name.Rd",1,29,"df","select","polars_data_frame",89,TRUE,"offered",TRUE,FALSE,FALSE,""
"reference","man/cs__by_name.Rd",1,29,"cs","by_name","cs",35,TRUE,"offered",TRUE,FALSE,FALSE,""
"reference","man/cs__by_name.Rd",1,29,"df","select","polars_data_frame",89,TRUE,"offered",TRUE,FALSE,FALSE,""
"reference","man/cs__by_name.Rd",1,29,"cs","by_name","cs",35,TRUE,"offered",TRUE,FALSE,FALSE,""
"reference","man/cs__by_name.Rd",1,29,"df","select","polars_data_frame",89,TRUE,"offered",TRUE,FALSE,FALSE,""
"reference","man/cs__by_name.Rd",1,29,"cs","by_name","cs",35,TRUE,"offered",TRUE,FALSE,FALSE,""
"reference","man/cs__categorical.Rd",1,15,"pl","DataFrame","pl",103,TRUE,"offered",TRUE,FALSE,FALSE,""
"reference","man/cs__categorical.Rd",1,15,"pl","Categorical","pl",103,TRUE,"offered",TRUE,FALSE,FALSE,""
"reference","man/cs__categorical.Rd",1,15,"df","select","polars_data_frame",89,TRUE,"offered",TRUE,FALSE,FALSE,""
"reference","man/cs__categorical.Rd",1,15,"cs","categorical","cs",35,TRUE,"offered",TRUE,FALSE,FALSE,""
"reference","man/cs__categorical.Rd",1,15,"df","select","polars_data_frame",89,TRUE,"offered",TRUE,FALSE,FALSE,""
"reference","man/cs__categorical.Rd",1,15,"cs","categorical","cs",35,TRUE,"offered",TRUE,FALSE,FALSE,""
"reference","man/cs__contains.Rd",1,19,"pl","DataFrame","pl",103,TRUE,"offered",TRUE,FALSE,FALSE,""
"reference","man/cs__contains.Rd",1,19,"df","select","polars_data_frame",89,TRUE,"offered",TRUE,FALSE,FALSE,""
"reference","man/cs__contains.Rd",1,19,"cs","contains","cs",35,TRUE,"offered",TRUE,FALSE,FALSE,""
"reference","man/cs__contains.Rd",1,19,"df","select","polars_data_frame",89,TRUE,"offered",TRUE,FALSE,FALSE,""
"reference","man/cs__contains.Rd",1,19,"cs","contains","cs",35,TRUE,"offered",TRUE,FALSE,FALSE,""
"reference","man/cs__contains.Rd",1,19,"df","select","polars_data_frame",89,TRUE,"offered",TRUE,FALSE,FALSE,""
"reference","man/cs__contains.Rd",1,19,"cs","contains","cs",35,TRUE,"offered",TRUE,FALSE,FALSE,""
"reference","man/cs__date.Rd",1,15,"pl","DataFrame","pl",103,TRUE,"offered",TRUE,FALSE,FALSE,""
"reference","man/cs__date.Rd",1,15,"df","select","polars_data_frame",89,TRUE,"offered",TRUE,FALSE,FALSE,""
"reference","man/cs__date.Rd",1,15,"cs","date","cs",35,TRUE,"offered",TRUE,FALSE,FALSE,""
"reference","man/cs__date.Rd",1,15,"df","select","polars_data_frame",89,TRUE,"offered",TRUE,FALSE,FALSE,""
"reference","man/cs__date.Rd",1,15,"cs","date","cs",35,TRUE,"offered",TRUE,FALSE,FALSE,""
"reference","man/cs__datetime.Rd",1,31,"pl","DataFrame","pl",103,TRUE,"offered",TRUE,FALSE,FALSE,""
"reference","man/cs__datetime.Rd",1,31,"df","select","polars_data_frame",89,TRUE,"offered",TRUE,FALSE,FALSE,""
"reference","man/cs__datetime.Rd",1,31,"cs","datetime","cs",35,TRUE,"offered",TRUE,FALSE,FALSE,""
"reference","man/cs__datetime.Rd",1,31,"df","select","polars_data_frame",89,TRUE,"offered",TRUE,FALSE,FALSE,""
"reference","man/cs__datetime.Rd",1,31,"cs","datetime","cs",35,TRUE,"offered",TRUE,FALSE,FALSE,""
"reference","man/cs__datetime.Rd",1,31,"df","select","polars_data_frame",89,TRUE,"offered",TRUE,FALSE,FALSE,""
"reference","man/cs__datetime.Rd",1,31,"cs","datetime","cs",35,TRUE,"offered",TRUE,FALSE,FALSE,""
"reference","man/cs__datetime.Rd",1,31,"df","select","polars_data_frame",89,TRUE,"offered",TRUE,FALSE,FALSE,""
"reference","man/cs__datetime.Rd",1,31,"cs","datetime","cs",35,TRUE,"offered",TRUE,FALSE,FALSE,""
"reference","man/cs__datetime.Rd",1,31,"df","select","polars_data_frame",89,TRUE,"offered",TRUE,FALSE,FALSE,""
"reference","man/cs__datetime.Rd",1,31,"cs","datetime","cs",35,TRUE,"offered",TRUE,FALSE,FALSE,""
"reference","man/cs__datetime.Rd",1,31,"df","select","polars_data_frame",89,TRUE,"offered",TRUE,FALSE,FALSE,""
"reference","man/cs__datetime.Rd",1,31,"cs","datetime","cs",35,TRUE,"offered",TRUE,FALSE,FALSE,""
"reference","man/cs__decimal.Rd",1,15,"pl","DataFrame","pl",103,TRUE,"offered",TRUE,FALSE,FALSE,""
"reference","man/cs__decimal.Rd",1,15,"pl","Decimal","pl",103,TRUE,"offered",TRUE,FALSE,FALSE,""
"reference","man/cs__decimal.Rd",1,15,"pl","Decimal","pl",103,TRUE,"offered",TRUE,FALSE,FALSE,""
"reference","man/cs__decimal.Rd",1,15,"df","select","polars_data_frame",89,TRUE,"offered",TRUE,FALSE,FALSE,""
"reference","man/cs__decimal.Rd",1,15,"cs","decimal","cs",35,TRUE,"offered",TRUE,FALSE,FALSE,""
"reference","man/cs__decimal.Rd",1,15,"df","select","polars_data_frame",89,TRUE,"offered",TRUE,FALSE,FALSE,""
"reference","man/cs__decimal.Rd",1,15,"cs","decimal","cs",35,TRUE,"offered",TRUE,FALSE,FALSE,""
"reference","man/cs__digit.Rd",1,25,"pl","DataFrame","pl",103,TRUE,"offered",TRUE,FALSE,FALSE,""
"reference","man/cs__digit.Rd",1,25,"df","select","polars_data_frame",89,TRUE,"offered",TRUE,FALSE,FALSE,""
"reference","man/cs__digit.Rd",1,25,"cs","digit","cs",35,TRUE,"offered",TRUE,FALSE,FALSE,""
"reference","man/cs__digit.Rd",1,25,"df","select","polars_data_frame",89,TRUE,"offered",TRUE,FALSE,FALSE,""
"reference","man/cs__digit.Rd",1,25,"cs","digit","cs",35,TRUE,"offered",TRUE,FALSE,FALSE,""
"reference","man/cs__digit.Rd",1,25,"pl","DataFrame","pl",103,TRUE,"offered",TRUE,FALSE,FALSE,""
"reference","man/cs__digit.Rd",1,25,"df","select","polars_data_frame",89,TRUE,"offered",TRUE,FALSE,FALSE,""
"reference","man/cs__digit.Rd",1,25,"cs","digit","cs",35,TRUE,"offered",TRUE,FALSE,FALSE,""
"reference","man/cs__digit.Rd",1,25,"df","select","polars_data_frame",89,TRUE,"offered",TRUE,FALSE,FALSE,""
"reference","man/cs__digit.Rd",1,25,"cs","digit","cs",35,TRUE,"offered",TRUE,FALSE,FALSE,""
"reference","man/cs__duration.Rd",1,20,"pl","DataFrame","pl",103,TRUE,"offered",TRUE,FALSE,TRUE,""
"reference","man/cs__duration.Rd",1,20,"df","select","polars_data_frame",89,TRUE,"offered",TRUE,FALSE,TRUE,""
"reference","man/cs__duration.Rd",1,20,"cs","duration","cs",35,TRUE,"offered",TRUE,FALSE,TRUE,""
"reference","man/cs__duration.Rd",1,20,"df","select","polars_data_frame",89,TRUE,"offered",TRUE,FALSE,TRUE,""
"reference","man/cs__duration.Rd",1,20,"cs","duration","cs",35,TRUE,"offered",TRUE,FALSE,TRUE,""
"reference","man/cs__duration.Rd",1,20,"df","select","polars_data_frame",89,TRUE,"offered",TRUE,FALSE,TRUE,""
"reference","man/cs__duration.Rd",1,20,"cs","duration","cs",35,TRUE,"offered",TRUE,FALSE,TRUE,""
"reference","man/cs__duration.Rd",1,20,"df","select","polars_data_frame",89,TRUE,"offered",TRUE,FALSE,TRUE,""
"reference","man/cs__duration.Rd",1,20,"cs","duration","cs",35,TRUE,"offered",TRUE,FALSE,TRUE,""
"reference","man/cs__empty.Rd",1,15,"pl$DataFrame(a = 1, b = 2)","select","polars_data_frame",89,TRUE,"offered",TRUE,FALSE,FALSE,""
"reference","man/cs__empty.Rd",1,15,"pl","DataFrame","pl",103,TRUE,"offered",TRUE,FALSE,FALSE,""
"reference","man/cs__empty.Rd",1,15,"cs","empty","cs",35,TRUE,"offered",TRUE,FALSE,FALSE,""
"reference","man/cs__ends_with.Rd",1,19,"pl","DataFrame","pl",103,TRUE,"offered",TRUE,FALSE,FALSE,""
"reference","man/cs__ends_with.Rd",1,19,"df","select","polars_data_frame",89,TRUE,"offered",TRUE,FALSE,FALSE,""
"reference","man/cs__ends_with.Rd",1,19,"cs","ends_with","cs",35,TRUE,"offered",TRUE,FALSE,FALSE,""
"reference","man/cs__ends_with.Rd",1,19,"df","select","polars_data_frame",89,TRUE,"offered",TRUE,FALSE,FALSE,""
"reference","man/cs__ends_with.Rd",1,19,"cs","ends_with","cs",35,TRUE,"offered",TRUE,FALSE,FALSE,""
"reference","man/cs__ends_with.Rd",1,19,"df","select","polars_data_frame",89,TRUE,"offered",TRUE,FALSE,FALSE,""
"reference","man/cs__ends_with.Rd",1,19,"cs","ends_with","cs",35,TRUE,"offered",TRUE,FALSE,FALSE,""
"reference","man/cs__enum.Rd",1,15,"pl","DataFrame","pl",103,TRUE,"offered",TRUE,FALSE,FALSE,""
"reference","man/cs__enum.Rd",1,15,"pl","Enum","pl",103,TRUE,"offered",TRUE,FALSE,FALSE,""
"reference","man/cs__enum.Rd",1,15,"pl","Enum","pl",103,TRUE,"offered",TRUE,FALSE,FALSE,""
"reference","man/cs__enum.Rd",1,15,"df","select","polars_data_frame",89,TRUE,"offered",TRUE,FALSE,FALSE,""
"reference","man/cs__enum.Rd",1,15,"cs","enum","cs",35,TRUE,"offered",TRUE,FALSE,FALSE,""
"reference","man/cs__enum.Rd",1,15,"df","select","polars_data_frame",89,TRUE,"offered",TRUE,FALSE,FALSE,""
"reference","man/cs__enum.Rd",1,15,"cs","enum","cs",35,TRUE,"offered",TRUE,FALSE,FALSE,""
"reference","man/cs__enum.Rd",1,15,"df","select","polars_data_frame",89,TRUE,"offered",TRUE,FALSE,FALSE,""
"reference","man/cs__enum.Rd",1,15,"cs","by_dtype","cs",35,TRUE,"offered",TRUE,FALSE,FALSE,""
"reference","man/cs__enum.Rd",1,15,"pl","Enum","pl",103,TRUE,"offered",TRUE,FALSE,FALSE,""
"reference","man/cs__exclude.Rd",1,23,"pl","DataFrame","pl",103,TRUE,"offered",TRUE,FALSE,FALSE,""
"reference","man/cs__exclude.Rd",1,23,"df","select","polars_data_frame",89,TRUE,"offered",TRUE,FALSE,FALSE,""
"reference","man/cs__exclude.Rd",1,23,"cs","exclude","cs",35,TRUE,"offered",TRUE,FALSE,FALSE,""
"reference","man/cs__exclude.Rd",1,23,"df","select","polars_data_frame",89,TRUE,"offered",TRUE,FALSE,FALSE,""
"reference","man/cs__exclude.Rd",1,23,"cs","exclude","cs",35,TRUE,"offered",TRUE,FALSE,FALSE,""
"reference","man/cs__exclude.Rd",1,23,"cs","string","cs",35,TRUE,"offered",TRUE,FALSE,FALSE,""
"reference","man/cs__exclude.Rd",1,23,"pl","Int32","pl",103,TRUE,"offered",TRUE,FALSE,FALSE,""
"reference","man/cs__first.Rd",1,20,"pl","DataFrame","pl",103,TRUE,"offered",TRUE,FALSE,FALSE,""
"reference","man/cs__first.Rd",1,20,"df","select","polars_data_frame",89,TRUE,"offered",TRUE,FALSE,FALSE,""
"reference","man/cs__first.Rd",1,20,"cs","first","cs",35,TRUE,"offered",TRUE,FALSE,FALSE,""
"reference","man/cs__first.Rd",1,20,"df","select","polars_data_frame",89,TRUE,"offered",TRUE,FALSE,FALSE,""
"reference","man/cs__first.Rd",1,20,"cs","first","cs",35,TRUE,"offered",TRUE,FALSE,FALSE,""
"reference","man/cs__float.Rd",1,15,"pl","DataFrame","pl",103,TRUE,"offered",TRUE,FALSE,FALSE,""
"reference","man/cs__float.Rd",1,15,"pl","Float32","pl",103,TRUE,"offered",TRUE,FALSE,FALSE,""
"reference","man/cs__float.Rd",1,15,"pl","Float64","pl",103,TRUE,"offered",TRUE,FALSE,FALSE,""
"reference","man/cs__float.Rd",1,15,"df","select","polars_data_frame",89,TRUE,"offered",TRUE,FALSE,FALSE,""
"reference","man/cs__float.Rd",1,15,"cs","float","cs",35,TRUE,"offered",TRUE,FALSE,FALSE,""
"reference","man/cs__float.Rd",1,15,"df","select","polars_data_frame",89,TRUE,"offered",TRUE,FALSE,FALSE,""
"reference","man/cs__float.Rd",1,15,"cs","float","cs",35,TRUE,"offered",TRUE,FALSE,FALSE,""
"reference","man/cs__integer.Rd",1,15,"pl","DataFrame","pl",103,TRUE,"offered",TRUE,FALSE,FALSE,""
"reference","man/cs__integer.Rd",1,15,"df","select","polars_data_frame",89,TRUE,"offered",TRUE,FALSE,FALSE,""
"reference","man/cs__integer.Rd",1,15,"cs","integer","cs",35,TRUE,"offered",TRUE,FALSE,FALSE,""
"reference","man/cs__integer.Rd",1,15,"df","select","polars_data_frame",89,TRUE,"offered",TRUE,FALSE,FALSE,""
"reference","man/cs__integer.Rd",1,15,"cs","integer","cs",35,TRUE,"offered",TRUE,FALSE,FALSE,""
"reference","man/cs__last.Rd",1,20,"pl","DataFrame","pl",103,TRUE,"offered",TRUE,FALSE,FALSE,""
"reference","man/cs__last.Rd",1,20,"df","select","polars_data_frame",89,TRUE,"offered",TRUE,FALSE,FALSE,""
"reference","man/cs__last.Rd",1,20,"cs","last","cs",35,TRUE,"offered",TRUE,FALSE,FALSE,""
"reference","man/cs__last.Rd",1,20,"df","select","polars_data_frame",89,TRUE,"offered",TRUE,FALSE,FALSE,""
"reference","man/cs__last.Rd",1,20,"cs","last","cs",35,TRUE,"offered",TRUE,FALSE,FALSE,""
"reference","man/cs__list.Rd",1,19,"pl","DataFrame","pl",103,TRUE,"offered",TRUE,FALSE,FALSE,""
"reference","man/cs__list.Rd",1,19,"df","select","polars_data_frame",89,TRUE,"offered",TRUE,FALSE,FALSE,""
"reference","man/cs__list.Rd",1,19,"cs","list","cs",35,TRUE,"offered",TRUE,FALSE,FALSE,""
"reference","man/cs__list.Rd",1,19,"df","select","polars_data_frame",89,TRUE,"offered",TRUE,FALSE,FALSE,""
"reference","man/cs__list.Rd",1,19,"cs","list","cs",35,TRUE,"offered",TRUE,FALSE,FALSE,""
"reference","man/cs__list.Rd",1,19,"df","select","polars_data_frame",89,TRUE,"offered",TRUE,FALSE,FALSE,""
"reference","man/cs__list.Rd",1,19,"cs","list","cs",35,TRUE,"offered",TRUE,FALSE,FALSE,""
"reference","man/cs__list.Rd",1,19,"cs","string","cs",35,TRUE,"offered",TRUE,FALSE,FALSE,""
"reference","man/cs__matches.Rd",1,19,"pl","DataFrame","pl",103,TRUE,"offered",TRUE,FALSE,FALSE,""
"reference","man/cs__matches.Rd",1,19,"df","select","polars_data_frame",89,TRUE,"offered",TRUE,FALSE,FALSE,""
"reference","man/cs__matches.Rd",1,19,"cs","matches","cs",35,TRUE,"offered",TRUE,FALSE,FALSE,""
"reference","man/cs__matches.Rd",1,19,"df","select","polars_data_frame",89,TRUE,"offered",TRUE,FALSE,FALSE,""
"reference","man/cs__matches.Rd",1,19,"cs","matches","cs",35,TRUE,"offered",TRUE,FALSE,FALSE,""
"reference","man/cs__nested.Rd",1,16,"pl","DataFrame","pl",103,TRUE,"offered",TRUE,FALSE,FALSE,""
"reference","man/cs__nested.Rd",1,16,"df","select","polars_data_frame",89,TRUE,"offered",TRUE,FALSE,FALSE,""
"reference","man/cs__nested.Rd",1,16,"cs","nested","cs",35,TRUE,"offered",TRUE,FALSE,FALSE,""
"reference","man/cs__nested.Rd",1,16,"df","select","polars_data_frame",89,TRUE,"offered",TRUE,FALSE,FALSE,""
"reference","man/cs__nested.Rd",1,16,"cs","nested","cs",35,TRUE,"offered",TRUE,FALSE,FALSE,""
"reference","man/cs__numeric.Rd",1,15,"pl","DataFrame","pl",103,TRUE,"offered",TRUE,FALSE,FALSE,""
"reference","man/cs__numeric.Rd",1,15,"pl","Int16","pl",103,TRUE,"offered",TRUE,FALSE,FALSE,""
"reference","man/cs__numeric.Rd",1,15,"pl","Float32","pl",103,TRUE,"offered",TRUE,FALSE,FALSE,""
"reference","man/cs__numeric.Rd",1,15,"pl","UInt8","pl",103,TRUE,"offered",TRUE,FALSE,FALSE,""
"reference","man/cs__numeric.Rd",1,15,"df","select","polars_data_frame",89,TRUE,"offered",TRUE,FALSE,FALSE,""
"reference","man/cs__numeric.Rd",1,15,"cs","numeric","cs",35,TRUE,"offered",TRUE,FALSE,FALSE,""
"reference","man/cs__numeric.Rd",1,15,"df","select","polars_data_frame",89,TRUE,"offered",TRUE,FALSE,FALSE,""
"reference","man/cs__numeric.Rd",1,15,"cs","numeric","cs",35,TRUE,"offered",TRUE,FALSE,FALSE,""
"reference","man/cs__signed_integer.Rd",1,15,"pl","DataFrame","pl",103,TRUE,"offered",TRUE,FALSE,FALSE,""
"reference","man/cs__signed_integer.Rd",1,15,"pl","UInt32","pl",103,TRUE,"offered",TRUE,FALSE,FALSE,""
"reference","man/cs__signed_integer.Rd",1,15,"pl","UInt64","pl",103,TRUE,"offered",TRUE,FALSE,FALSE,""
"reference","man/cs__signed_integer.Rd",1,15,"df","select","polars_data_frame",89,TRUE,"offered",TRUE,FALSE,FALSE,""
"reference","man/cs__signed_integer.Rd",1,15,"cs","signed_integer","cs",35,TRUE,"offered",TRUE,FALSE,FALSE,""
"reference","man/cs__signed_integer.Rd",1,15,"df","select","polars_data_frame",89,TRUE,"offered",TRUE,FALSE,FALSE,""
"reference","man/cs__signed_integer.Rd",1,15,"cs","signed_integer","cs",35,TRUE,"offered",TRUE,FALSE,FALSE,""
"reference","man/cs__signed_integer.Rd",1,15,"df","select","polars_data_frame",89,TRUE,"offered",TRUE,FALSE,FALSE,""
"reference","man/cs__signed_integer.Rd",1,15,"cs","integer","cs",35,TRUE,"offered",TRUE,FALSE,FALSE,""
"reference","man/cs__starts_with.Rd",1,19,"pl","DataFrame","pl",103,TRUE,"offered",TRUE,FALSE,FALSE,""
"reference","man/cs__starts_with.Rd",1,19,"df","select","polars_data_frame",89,TRUE,"offered",TRUE,FALSE,FALSE,""
"reference","man/cs__starts_with.Rd",1,19,"cs","starts_with","cs",35,TRUE,"offered",TRUE,FALSE,FALSE,""
"reference","man/cs__starts_with.Rd",1,19,"df","select","polars_data_frame",89,TRUE,"offered",TRUE,FALSE,FALSE,""
"reference","man/cs__starts_with.Rd",1,19,"cs","starts_with","cs",35,TRUE,"offered",TRUE,FALSE,FALSE,""
"reference","man/cs__starts_with.Rd",1,19,"df","select","polars_data_frame",89,TRUE,"offered",TRUE,FALSE,FALSE,""
"reference","man/cs__starts_with.Rd",1,19,"cs","starts_with","cs",35,TRUE,"offered",TRUE,FALSE,FALSE,""
"reference","man/cs__string.Rd",1,20,"pl$DataFrame(w = c(""xx"", ""yy"", ""xx"", ""yy"", ""xx""), x = c(1, 2, 1, 4, -2), y = c(3, 4.5, 1, 2.5, -2), z = c(""a"", ""b"", ""a"", ""b"", ""b""))","with_columns","polars_data_frame",89,TRUE,"offered",TRUE,FALSE,FALSE,""
"reference","man/cs__string.Rd",1,20,"pl","DataFrame","pl",103,TRUE,"offered",TRUE,FALSE,FALSE,""
"reference","man/cs__string.Rd",1,20,"pl$col(""z"")","cast","polars_expr",212,TRUE,"offered",TRUE,FALSE,FALSE,""
"reference","man/cs__string.Rd",1,20,"pl","col","pl",103,TRUE,"offered",TRUE,FALSE,FALSE,""
"reference","man/cs__string.Rd",1,20,"pl","Categorical","pl",103,TRUE,"offered",TRUE,FALSE,FALSE,""
"reference","man/cs__string.Rd",1,20,"df$group_by(cs$string())$agg(cs$numeric()$sum())","sort","polars_data_frame",89,TRUE,"offered",TRUE,FALSE,FALSE,""
"reference","man/cs__string.Rd",1,20,"df$group_by(cs$string())","agg","polars_group_by",16,TRUE,"offered",TRUE,FALSE,FALSE,""
"reference","man/cs__string.Rd",1,20,"df","group_by","polars_data_frame",89,TRUE,"offered",TRUE,FALSE,FALSE,""
"reference","man/cs__string.Rd",1,20,"cs","string","cs",35,TRUE,"offered",TRUE,FALSE,FALSE,""
"reference","man/cs__string.Rd",1,20,"cs$numeric()","sum","polars_selector",214,TRUE,"offered",TRUE,FALSE,FALSE,""
"reference","man/cs__string.Rd",1,20,"cs","numeric","cs",35,TRUE,"offered",TRUE,FALSE,FALSE,""
"reference","man/cs__string.Rd",1,20,"cs","string","cs",35,TRUE,"offered",TRUE,FALSE,FALSE,""
"reference","man/cs__string.Rd",1,20,"df$group_by(cs$string(include_categorical = TRUE))$agg(cs$numeric()$sum())","sort","polars_data_frame",89,TRUE,"offered",TRUE,FALSE,FALSE,""
"reference","man/cs__string.Rd",1,20,"df$group_by(cs$string(include_categorical = TRUE))","agg","polars_group_by",16,TRUE,"offered",TRUE,FALSE,FALSE,""
"reference","man/cs__string.Rd",1,20,"df","group_by","polars_data_frame",89,TRUE,"offered",TRUE,FALSE,FALSE,""
"reference","man/cs__string.Rd",1,20,"cs","string","cs",35,TRUE,"offered",TRUE,FALSE,FALSE,""
"reference","man/cs__string.Rd",1,20,"cs$numeric()","sum","polars_selector",214,TRUE,"offered",TRUE,FALSE,FALSE,""
"reference","man/cs__string.Rd",1,20,"cs","numeric","cs",35,TRUE,"offered",TRUE,FALSE,FALSE,""
"reference","man/cs__string.Rd",1,20,"cs","string","cs",35,TRUE,"offered",TRUE,FALSE,FALSE,""
"reference","man/cs__struct.Rd",1,15,"pl","DataFrame","pl",103,TRUE,"offered",TRUE,FALSE,FALSE,""
"reference","man/cs__struct.Rd",1,15,"df","select","polars_data_frame",89,TRUE,"offered",TRUE,FALSE,FALSE,""
"reference","man/cs__struct.Rd",1,15,"cs","struct","cs",35,TRUE,"offered",TRUE,FALSE,FALSE,""
"reference","man/cs__struct.Rd",1,15,"df","select","polars_data_frame",89,TRUE,"offered",TRUE,FALSE,FALSE,""
"reference","man/cs__struct.Rd",1,15,"cs","struct","cs",35,TRUE,"offered",TRUE,FALSE,FALSE,""
"reference","man/cs__struct.Rd",1,15,"df","select","polars_data_frame",89,TRUE,"offered",TRUE,FALSE,FALSE,""
"reference","man/cs__struct.Rd",1,15,"cs","by_dtype","cs",35,TRUE,"offered",TRUE,FALSE,FALSE,""
"reference","man/cs__struct.Rd",1,15,"pl","Struct","pl",103,TRUE,"offered",TRUE,FALSE,FALSE,""
"reference","man/cs__struct.Rd",1,15,"pl","String","pl",103,TRUE,"offered",TRUE,FALSE,FALSE,""
"reference","man/cs__struct.Rd",1,15,"pl","String","pl",103,TRUE,"offered",TRUE,FALSE,FALSE,""
"reference","man/cs__temporal.Rd",1,15,"pl","DataFrame","pl",103,TRUE,"offered",TRUE,FALSE,FALSE,""
"reference","man/cs__temporal.Rd",1,15,"df","select","polars_data_frame",89,TRUE,"offered",TRUE,FALSE,FALSE,""
"reference","man/cs__temporal.Rd",1,15,"cs","temporal","cs",35,TRUE,"offered",TRUE,FALSE,FALSE,""
"reference","man/cs__temporal.Rd",1,15,"df","select","polars_data_frame",89,TRUE,"offered",TRUE,FALSE,FALSE,""
"reference","man/cs__temporal.Rd",1,15,"cs","temporal","cs",35,TRUE,"offered",TRUE,FALSE,FALSE,""
"reference","man/cs__temporal.Rd",1,15,"cs","datetime","cs",35,TRUE,"offered",TRUE,FALSE,FALSE,""
"reference","man/cs__temporal.Rd",1,15,"df","select","polars_data_frame",89,TRUE,"offered",TRUE,FALSE,FALSE,""
"reference","man/cs__temporal.Rd",1,15,"cs","temporal","cs",35,TRUE,"offered",TRUE,FALSE,FALSE,""
"reference","man/cs__time.Rd",1,15,"pl","DataFrame","pl",103,TRUE,"offered",TRUE,FALSE,TRUE,""
"reference","man/cs__time.Rd",1,15,"df","select","polars_data_frame",89,TRUE,"offered",TRUE,FALSE,TRUE,""
"reference","man/cs__time.Rd",1,15,"cs","time","cs",35,TRUE,"offered",TRUE,FALSE,TRUE,""
"reference","man/cs__time.Rd",1,15,"df","select","polars_data_frame",89,TRUE,"offered",TRUE,FALSE,TRUE,""
"reference","man/cs__time.Rd",1,15,"cs","time","cs",35,TRUE,"offered",TRUE,FALSE,TRUE,""
"reference","man/cs__unsigned_integer.Rd",1,15,"pl","DataFrame","pl",103,TRUE,"offered",TRUE,FALSE,FALSE,""
"reference","man/cs__unsigned_integer.Rd",1,15,"pl","UInt32","pl",103,TRUE,"offered",TRUE,FALSE,FALSE,""
"reference","man/cs__unsigned_integer.Rd",1,15,"pl","UInt64","pl",103,TRUE,"offered",TRUE,FALSE,FALSE,""
"reference","man/cs__unsigned_integer.Rd",1,15,"df","select","polars_data_frame",89,TRUE,"offered",TRUE,FALSE,FALSE,""
"reference","man/cs__unsigned_integer.Rd",1,15,"cs","unsigned_integer","cs",35,TRUE,"offered",TRUE,FALSE,FALSE,""
"reference","man/cs__unsigned_integer.Rd",1,15,"df","select","polars_data_frame",89,TRUE,"offered",TRUE,FALSE,FALSE,""
"reference","man/cs__unsigned_integer.Rd",1,15,"cs","unsigned_integer","cs",35,TRUE,"offered",TRUE,FALSE,FALSE,""
"reference","man/cs__unsigned_integer.Rd",1,15,"df","select","polars_data_frame",89,TRUE,"offered",TRUE,FALSE,FALSE,""
"reference","man/cs__unsigned_integer.Rd",1,15,"cs","integer","cs",35,TRUE,"offered",TRUE,FALSE,FALSE,""
"reference","man/cs.Rd",1,42,"pl","DataFrame","pl",103,TRUE,"offered",TRUE,FALSE,FALSE,""
"reference","man/cs.Rd",1,42,"df","select","polars_data_frame",89,TRUE,"offered",TRUE,FALSE,FALSE,""
"reference","man/cs.Rd",1,42,"cs","boolean","cs",35,TRUE,"offered",TRUE,FALSE,FALSE,""
"reference","man/cs.Rd",1,42,"df","select","polars_data_frame",89,TRUE,"offered",TRUE,FALSE,FALSE,""
"reference","man/cs.Rd",1,42,"cs$boolean()","as_expr","polars_selector",214,TRUE,"offered",TRUE,FALSE,FALSE,""
"reference","man/cs.Rd",1,42,"cs","boolean","cs",35,TRUE,"offered",TRUE,FALSE,FALSE,""
"reference","man/dataframe__bottom_k.Rd",1,29,"pl","DataFrame","pl",103,TRUE,"offered",TRUE,FALSE,FALSE,""
"reference","man/dataframe__bottom_k.Rd",1,29,"df","bottom_k","polars_data_frame",89,TRUE,"offered",TRUE,FALSE,FALSE,""
"reference","man/dataframe__bottom_k.Rd",1,29,"df","bottom_k","polars_data_frame",89,TRUE,"offered",TRUE,FALSE,FALSE,""
"reference","man/dataframe__cast.Rd",1,25,"pl","DataFrame","pl",103,TRUE,"offered",TRUE,FALSE,FALSE,""
"reference","man/dataframe__cast.Rd",1,25,"df","cast","polars_data_frame",89,TRUE,"offered",TRUE,FALSE,FALSE,""
"reference","man/dataframe__cast.Rd",1,25,"pl","Float32","pl",103,TRUE,"offered",TRUE,FALSE,FALSE,""
"reference","man/dataframe__cast.Rd",1,25,"pl","UInt8","pl",103,TRUE,"offered",TRUE,FALSE,FALSE,""
"reference","man/dataframe__cast.Rd",1,25,"df","cast","polars_data_frame",89,TRUE,"offered",TRUE,FALSE,FALSE,""
"reference","man/dataframe__cast.Rd",1,25,"pl","String","pl",103,TRUE,"offered",TRUE,FALSE,FALSE,""
"reference","man/dataframe__clear.Rd",1,19,"pl","DataFrame","pl",103,TRUE,"offered",TRUE,FALSE,FALSE,""
"reference","man/dataframe__clear.Rd",1,19,"df","clear","polars_data_frame",89,TRUE,"offered",TRUE,FALSE,FALSE,""
"reference","man/dataframe__clear.Rd",1,19,"df","clear","polars_data_frame",89,TRUE,"offered",TRUE,FALSE,FALSE,""
"reference","man/dataframe__clone.Rd",1,18,"df1","clone","polars_data_frame",89,TRUE,"offered",TRUE,FALSE,FALSE,""
"reference","man/dataframe__clone.Rd",1,18,"data","clone","",0,FALSE,"unknown_result",FALSE,TRUE,FALSE,""
"reference","man/dataframe__count.Rd",1,15,"pl","DataFrame","pl",103,TRUE,"offered",TRUE,FALSE,FALSE,""
"reference","man/dataframe__count.Rd",1,15,"df","count","polars_data_frame",89,TRUE,"offered",TRUE,FALSE,FALSE,""
"reference","man/dataframe__describe.Rd",1,35,"pl","DataFrame","pl",103,TRUE,"offered",TRUE,FALSE,FALSE,""
"reference","man/dataframe__describe.Rd",1,35,"df","describe","polars_data_frame",89,TRUE,"offered",TRUE,FALSE,FALSE,""
"reference","man/dataframe__describe.Rd",1,35,"df","describe","polars_data_frame",89,TRUE,"offered",TRUE,FALSE,FALSE,""
"reference","man/dataframe__drop_nans.Rd",1,20,"pl","DataFrame","pl",103,TRUE,"offered",TRUE,FALSE,FALSE,""
"reference","man/dataframe__drop_nans.Rd",1,20,"df","drop_nans","polars_data_frame",89,TRUE,"offered",TRUE,FALSE,FALSE,""
"reference","man/dataframe__drop_nans.Rd",1,20,"df","drop_nans","polars_data_frame",89,TRUE,"offered",TRUE,FALSE,FALSE,""
"reference","man/dataframe__drop_nans.Rd",1,20,"pl","DataFrame","pl",103,TRUE,"offered",TRUE,FALSE,FALSE,""
"reference","man/dataframe__drop_nans.Rd",1,20,"df","filter","polars_data_frame",89,TRUE,"offered",TRUE,FALSE,FALSE,""
"reference","man/dataframe__drop_nans.Rd",1,20,"pl","all_horizontal","pl",103,TRUE,"offered",TRUE,FALSE,FALSE,""
"reference","man/dataframe__drop_nans.Rd",1,20,"pl$all()","is_nan","polars_expr",212,TRUE,"offered",TRUE,FALSE,FALSE,""
"reference","man/dataframe__drop_nans.Rd",1,20,"pl","all","pl",103,TRUE,"offered",TRUE,FALSE,FALSE,""
"reference","man/dataframe__drop_nulls.Rd",1,20,"pl","DataFrame","pl",103,TRUE,"offered",TRUE,FALSE,FALSE,""
"reference","man/dataframe__drop_nulls.Rd",1,20,"df","drop_nulls","polars_data_frame",89,TRUE,"offered",TRUE,FALSE,FALSE,""
"reference","man/dataframe__drop_nulls.Rd",1,20,"df","drop_nulls","polars_data_frame",89,TRUE,"offered",TRUE,FALSE,FALSE,""
"reference","man/dataframe__drop_nulls.Rd",1,20,"cs","integer","cs",35,TRUE,"offered",TRUE,FALSE,FALSE,""
"reference","man/dataframe__drop.Rd",1,22,"pl","DataFrame","pl",103,TRUE,"offered",TRUE,FALSE,FALSE,""
"reference","man/dataframe__drop.Rd",1,22,"df","drop","polars_data_frame",89,TRUE,"offered",TRUE,FALSE,FALSE,""
"reference","man/dataframe__drop.Rd",1,22,"df","drop","polars_data_frame",89,TRUE,"offered",TRUE,FALSE,FALSE,""
"reference","man/dataframe__drop.Rd",1,22,"df","drop","polars_data_frame",89,TRUE,"offered",TRUE,FALSE,FALSE,""
"reference","man/dataframe__drop.Rd",1,22,"cs","all","cs",35,TRUE,"offered",TRUE,FALSE,FALSE,""
"reference","man/dataframe__equals.Rd",1,22,"dat1","equals","polars_data_frame",89,TRUE,"offered",TRUE,FALSE,FALSE,""
"reference","man/dataframe__equals.Rd",1,22,"dat1","equals","polars_data_frame",89,TRUE,"offered",TRUE,FALSE,FALSE,""
"reference","man/dataframe__explode.Rd",1,25,"pl","DataFrame","pl",103,TRUE,"offered",TRUE,FALSE,FALSE,""
"reference","man/dataframe__explode.Rd",1,25,"df","explode","polars_data_frame",89,TRUE,"offered",TRUE,FALSE,FALSE,""
"reference","man/dataframe__fill_nan.Rd",1,18,"pl","DataFrame","pl",103,TRUE,"offered",TRUE,FALSE,FALSE,""
"reference","man/dataframe__fill_nan.Rd",1,18,"df","fill_nan","polars_data_frame",89,TRUE,"offered",TRUE,FALSE,FALSE,""
"reference","man/dataframe__fill_null.Rd",1,36,"pl","DataFrame","pl",103,TRUE,"offered",TRUE,FALSE,FALSE,""
"reference","man/dataframe__fill_null.Rd",1,36,"df","fill_null","polars_data_frame",89,TRUE,"offered",TRUE,FALSE,FALSE,""
"reference","man/dataframe__fill_null.Rd",1,36,"df","fill_null","polars_data_frame",89,TRUE,"offered",TRUE,FALSE,FALSE,""
"reference","man/dataframe__fill_null.Rd",1,36,"df","fill_null","polars_data_frame",89,TRUE,"offered",TRUE,FALSE,FALSE,""
"reference","man/dataframe__fill_null.Rd",1,36,"df","fill_null","polars_data_frame",89,TRUE,"offered",TRUE,FALSE,FALSE,""
"reference","man/dataframe__filter.Rd",1,20,"df","filter","polars_data_frame",89,TRUE,"offered",TRUE,FALSE,FALSE,""
"reference","man/dataframe__filter.Rd",1,20,"pl","col","pl",103,TRUE,"offered",TRUE,FALSE,FALSE,""
"reference","man/dataframe__filter.Rd",1,20,"df","filter","polars_data_frame",89,TRUE,"offered",TRUE,FALSE,FALSE,""
"reference","man/dataframe__filter.Rd",1,20,"pl","col","pl",103,TRUE,"offered",TRUE,FALSE,FALSE,""
"reference","man/dataframe__filter.Rd",1,20,"pl","col","pl",103,TRUE,"offered",TRUE,FALSE,FALSE,""
"reference","man/dataframe__filter.Rd",1,20,"df","filter","polars_data_frame",89,TRUE,"offered",TRUE,FALSE,FALSE,""
"reference","man/dataframe__filter.Rd",1,20,"pl","col","pl",103,TRUE,"offered",TRUE,FALSE,FALSE,""
"reference","man/dataframe__gather_every.Rd",1,20,"pl","DataFrame","pl",103,TRUE,"offered",TRUE,FALSE,FALSE,""
"reference","man/dataframe__gather_every.Rd",1,20,"df","gather_every","polars_data_frame",89,TRUE,"offered",TRUE,FALSE,FALSE,""
"reference","man/dataframe__gather_every.Rd",1,20,"df","gather_every","polars_data_frame",89,TRUE,"offered",TRUE,FALSE,FALSE,""
"reference","man/dataframe__get_column_index.Rd",1,18,"pl","DataFrame","pl",103,TRUE,"offered",TRUE,FALSE,FALSE,""
"reference","man/dataframe__get_column_index.Rd",1,18,"df","get_column_index","polars_data_frame",89,TRUE,"offered",TRUE,FALSE,FALSE,""
"reference","man/dataframe__get_column_index.Rd",1,18,"df","get_column_index","polars_data_frame",89,TRUE,"offered",TRUE,FALSE,FALSE,""
"reference","man/dataframe__get_column.Rd",1,18,"pl","DataFrame","pl",103,TRUE,"offered",TRUE,FALSE,FALSE,""
"reference","man/dataframe__get_column.Rd",1,18,"df","get_column","polars_data_frame",89,TRUE,"offered",TRUE,FALSE,FALSE,""
"reference","man/dataframe__get_column.Rd",1,18,"df","get_column","polars_data_frame",89,TRUE,"offered",TRUE,FALSE,FALSE,""
"reference","man/dataframe__get_columns.Rd",1,15,"pl","DataFrame","pl",103,TRUE,"offered",TRUE,FALSE,FALSE,""
"reference","man/dataframe__get_columns.Rd",1,15,"df","get_columns","polars_data_frame",89,TRUE,"offered",TRUE,FALSE,FALSE,""
"reference","man/dataframe__get_columns.Rd",1,15,"pl","DataFrame","pl",103,TRUE,"offered",TRUE,FALSE,FALSE,""
"reference","man/dataframe__get_columns.Rd",1,15,"df","get_columns","polars_data_frame",89,TRUE,"offered",TRUE,FALSE,FALSE,""
"reference","man/dataframe__glimpse.Rd",1,25,"df","glimpse","polars_data_frame",89,TRUE,"offered",TRUE,FALSE,FALSE,""
"reference","man/dataframe__glimpse.Rd",1,25,"df","glimpse","polars_data_frame",89,TRUE,"offered",TRUE,FALSE,FALSE,""
"reference","man/dataframe__glimpse.Rd",1,25,"df","glimpse","polars_data_frame",89,TRUE,"offered",TRUE,FALSE,FALSE,""
"reference","man/dataframe__group_by_dynamic.Rd",1,112,"pl","select","pl",103,TRUE,"offered",TRUE,FALSE,FALSE,""
"reference","man/dataframe__group_by_dynamic.Rd",1,112,"pl","datetime_range","pl",103,TRUE,"offered",TRUE,FALSE,FALSE,""
"reference","man/dataframe__group_by_dynamic.Rd",1,112,"df$group_by_dynamic(""time"", every = ""1h"", closed = ""right"")","agg","polars_group_by_dynamic",13,TRUE,"offered",TRUE,FALSE,FALSE,""
"reference","man/dataframe__group_by_dynamic.Rd",1,112,"df","group_by_dynamic","polars_data_frame",89,TRUE,"offered",TRUE,FALSE,FALSE,""
"reference","man/dataframe__group_by_dynamic.Rd",1,112,"pl","col","pl",103,TRUE,"offered",TRUE,FALSE,FALSE,""
"reference","man/dataframe__group_by_dynamic.Rd",1,112,"df$group_by_dynamic(""time"", every = ""1h"", include_boundaries = TRUE, closed = ""right"")","agg","polars_group_by_dynamic",13,TRUE,"offered",TRUE,FALSE,FALSE,""
"reference","man/dataframe__group_by_dynamic.Rd",1,112,"df","group_by_dynamic","polars_data_frame",89,TRUE,"offered",TRUE,FALSE,FALSE,""
"reference","man/dataframe__group_by_dynamic.Rd",1,112,"pl$col(""n"")","mean","polars_expr",212,TRUE,"offered",TRUE,FALSE,FALSE,""
"reference","man/dataframe__group_by_dynamic.Rd",1,112,"pl","col","pl",103,TRUE,"offered",TRUE,FALSE,FALSE,""
"reference","man/dataframe__group_by_dynamic.Rd",1,112,"df$group_by_dynamic(""time"", every = ""1h"", closed = ""left"")","agg","polars_group_by_dynamic",13,TRUE,"offered",TRUE,FALSE,FALSE,""
"reference","man/dataframe__group_by_dynamic.Rd",1,112,"df","group_by_dynamic","polars_data_frame",89,TRUE,"offered",TRUE,FALSE,FALSE,""
"reference","man/dataframe__group_by_dynamic.Rd",1,112,"pl","col","pl",103,TRUE,"offered",TRUE,FALSE,FALSE,""
"reference","man/dataframe__group_by_dynamic.Rd",1,112,"df$group_by_dynamic(""time"", every = ""1h"", closed = ""both"")","agg","polars_group_by_dynamic",13,TRUE,"offered",TRUE,FALSE,FALSE,""
"reference","man/dataframe__group_by_dynamic.Rd",1,112,"df","group_by_dynamic","polars_data_frame",89,TRUE,"offered",TRUE,FALSE,FALSE,""
"reference","man/dataframe__group_by_dynamic.Rd",1,112,"pl","col","pl",103,TRUE,"offered",TRUE,FALSE,FALSE,""
"reference","man/dataframe__group_by_dynamic.Rd",1,112,"df","with_columns","polars_data_frame",89,TRUE,"offered",TRUE,FALSE,FALSE,""
"reference","man/dataframe__group_by_dynamic.Rd",1,112,"df$group_by_dynamic(""time"", every = ""1h"", closed = ""both"", group_by = ""groups"", include_boundaries = TRUE)","agg","polars_group_by_dynamic",13,TRUE,"offered",TRUE,FALSE,FALSE,""
"reference","man/dataframe__group_by_dynamic.Rd",1,112,"df","group_by_dynamic","polars_data_frame",89,TRUE,"offered",TRUE,FALSE,FALSE,""
"reference","man/dataframe__group_by_dynamic.Rd",1,112,"pl","col","pl",103,TRUE,"offered",TRUE,FALSE,FALSE,""
"reference","man/dataframe__group_by_dynamic.Rd",1,112,"pl$DataFrame(idx = 0:5, A = c(""A"", ""A"", ""B"", ""B"", ""B"", ""C""))","with_columns","polars_data_frame",89,TRUE,"offered",TRUE,FALSE,FALSE,""
"reference","man/dataframe__group_by_dynamic.Rd",1,112,"pl","DataFrame","pl",103,TRUE,"offered",TRUE,FALSE,FALSE,""
"reference","man/dataframe__group_by_dynamic.Rd",1,112,"pl$col(""idx"")","set_sorted","polars_expr",212,TRUE,"offered",TRUE,FALSE,FALSE,""
"reference","man/dataframe__group_by_dynamic.Rd",1,112,"pl","col","pl",103,TRUE,"offered",TRUE,FALSE,FALSE,""
"reference","man/dataframe__group_by_dynamic.Rd",1,112,"df$group_by_dynamic(""idx"", every = ""2i"", period = ""3i"", include_boundaries = TRUE, closed = ""right"")","agg","polars_group_by_dynamic",13,TRUE,"offered",TRUE,FALSE,FALSE,""
"reference","man/dataframe__group_by_dynamic.Rd",1,112,"df","group_by_dynamic","polars_data_frame",89,TRUE,"offered",TRUE,FALSE,FALSE,""
"reference","man/dataframe__group_by_dynamic.Rd",1,112,"pl","col","pl",103,TRUE,"offered",TRUE,FALSE,FALSE,""
"reference","man/dataframe__group_by.Rd",1,27,"pl","DataFrame","pl",103,TRUE,"offered",TRUE,FALSE,FALSE,""
"reference","man/dataframe__group_by.Rd",1,27,"df$group_by(""a"")","agg","polars_group_by",16,TRUE,"offered",TRUE,FALSE,FALSE,""
"reference","man/dataframe__group_by.Rd",1,27,"df","group_by","polars_data_frame",89,TRUE,"offered",TRUE,FALSE,FALSE,""
"reference","man/dataframe__group_by.Rd",1,27,"pl$col(""b"")","sum","polars_expr",212,TRUE,"offered",TRUE,FALSE,FALSE,""
"reference","man/dataframe__group_by.Rd",1,27,"pl","col","pl",103,TRUE,"offered",TRUE,FALSE,FALSE,""
"reference","man/dataframe__group_by.Rd",1,27,"df$group_by(""a"", .maintain_order = TRUE)","agg","polars_group_by",16,TRUE,"offered",TRUE,FALSE,FALSE,""
"reference","man/dataframe__group_by.Rd",1,27,"df","group_by","polars_data_frame",89,TRUE,"offered",TRUE,FALSE,FALSE,""
"reference","man/dataframe__group_by.Rd",1,27,"pl","col","pl",103,TRUE,"offered",TRUE,FALSE,FALSE,""
"reference","man/dataframe__group_by.Rd",1,27,"df$group_by(c(""a"", ""b""))","agg","polars_group_by",16,TRUE,"offered",TRUE,FALSE,FALSE,""
"reference","man/dataframe__group_by.Rd",1,27,"df","group_by","polars_data_frame",89,TRUE,"offered",TRUE,FALSE,FALSE,""
"reference","man/dataframe__group_by.Rd",1,27,"pl","max","pl",103,TRUE,"offered",TRUE,FALSE,FALSE,""
"reference","man/dataframe__group_by.Rd",1,27,"df$group_by(""a"", pl$col(""b"")%/%2)","agg","polars_group_by",16,TRUE,"offered",TRUE,FALSE,FALSE,""
"reference","man/dataframe__group_by.Rd",1,27,"df","group_by","polars_data_frame",89,TRUE,"offered",TRUE,FALSE,FALSE,""
"reference","man/dataframe__group_by.Rd",1,27,"pl","col","pl",103,TRUE,"offered",TRUE,FALSE,FALSE,""
"reference","man/dataframe__group_by.Rd",1,27,"pl$col(""c"")","mean","polars_expr",212,TRUE,"offered",TRUE,FALSE,FALSE,""
"reference","man/dataframe__group_by.Rd",1,27,"pl","col","pl",103,TRUE,"offered",TRUE,FALSE,FALSE,""
"reference","man/dataframe__group_by.Rd",1,27,"df$group_by(d = ""a"", e = pl$col(""b"")%/%2)","agg","polars_group_by",16,TRUE,"offered",TRUE,FALSE,FALSE,""
"reference","man/dataframe__group_by.Rd",1,27,"df","group_by","polars_data_frame",89,TRUE,"offered",TRUE,FALSE,FALSE,""
"reference","man/dataframe__group_by.Rd",1,27,"pl","col","pl",103,TRUE,"offered",TRUE,FALSE,FALSE,""
"reference","man/dataframe__group_by.Rd",1,27,"pl$col(""c"")","mean","polars_expr",212,TRUE,"offered",TRUE,FALSE,FALSE,""
"reference","man/dataframe__group_by.Rd",1,27,"pl","col","pl",103,TRUE,"offered",TRUE,FALSE,FALSE,""
"reference","man/dataframe__hash_rows.Rd",1,22,"pl","DataFrame","pl",103,TRUE,"offered",TRUE,FALSE,FALSE,""
"reference","man/dataframe__hash_rows.Rd",1,22,"df","hash_rows","polars_data_frame",89,TRUE,"offered",TRUE,FALSE,FALSE,""
"reference","man/dataframe__head.Rd",1,19,"pl","DataFrame","pl",103,TRUE,"offered",TRUE,FALSE,FALSE,""
"reference","man/dataframe__head.Rd",1,19,"df","head","polars_data_frame",89,TRUE,"offered",TRUE,FALSE,FALSE,""
"reference","man/dataframe__head.Rd",1,19,"df","head","polars_data_frame",89,TRUE,"offered",TRUE,FALSE,FALSE,""
"reference","man/dataframe__is_duplicated.Rd",1,15,"pl","DataFrame","pl",103,TRUE,"offered",TRUE,FALSE,FALSE,""
"reference","man/dataframe__is_duplicated.Rd",1,15,"df","is_duplicated","polars_data_frame",89,TRUE,"offered",TRUE,FALSE,FALSE,""
"reference","man/dataframe__is_duplicated.Rd",1,15,"df","filter","polars_data_frame",89,TRUE,"offered",TRUE,FALSE,FALSE,""
"reference","man/dataframe__is_duplicated.Rd",1,15,"df","is_duplicated","polars_data_frame",89,TRUE,"offered",TRUE,FALSE,FALSE,""
"reference","man/dataframe__is_empty.Rd",1,15,"pl","DataFrame","pl",103,TRUE,"offered",TRUE,FALSE,FALSE,""
"reference","man/dataframe__is_empty.Rd",1,15,"df","is_empty","polars_data_frame",89,TRUE,"offered",TRUE,FALSE,FALSE,""
"reference","man/dataframe__is_empty.Rd",1,15,"df$filter(pl$col(""a"") > 99)","is_empty","polars_data_frame",89,TRUE,"offered",TRUE,FALSE,FALSE,""
"reference","man/dataframe__is_empty.Rd",1,15,"df","filter","polars_data_frame",89,TRUE,"offered",TRUE,FALSE,FALSE,""
"reference","man/dataframe__is_empty.Rd",1,15,"pl","col","pl",103,TRUE,"offered",TRUE,FALSE,FALSE,""
"reference","man/dataframe__is_unique.Rd",1,15,"pl","DataFrame","pl",103,TRUE,"offered",TRUE,FALSE,FALSE,""
"reference","man/dataframe__is_unique.Rd",1,15,"df","is_unique","polars_data_frame",89,TRUE,"offered",TRUE,FALSE,FALSE,""
"reference","man/dataframe__is_unique.Rd",1,15,"df","filter","polars_data_frame",89,TRUE,"offered",TRUE,FALSE,FALSE,""
"reference","man/dataframe__is_unique.Rd",1,15,"df","is_unique","polars_data_frame",89,TRUE,"offered",TRUE,FALSE,FALSE,""
"reference","man/dataframe__join_asof.Rd",1,121,"pl","DataFrame","pl",103,TRUE,"offered",TRUE,FALSE,FALSE,""
"reference","man/dataframe__join_asof.Rd",1,121,"pl","DataFrame","pl",103,TRUE,"offered",TRUE,FALSE,FALSE,""
"reference","man/dataframe__join_asof.Rd",1,121,"gdp","sort","polars_data_frame",89,TRUE,"offered",TRUE,FALSE,FALSE,""
"reference","man/dataframe__join_asof.Rd",1,121,"pop","sort","polars_data_frame",89,TRUE,"offered",TRUE,FALSE,FALSE,""
"reference","man/dataframe__join_asof.Rd",1,121,"pop","join_asof","polars_data_frame",89,TRUE,"offered",TRUE,FALSE,FALSE,""
"reference","man/dataframe__join_asof.Rd",1,121,"pop","join_asof","polars_data_frame",89,TRUE,"offered",TRUE,FALSE,FALSE,""
"reference","man/dataframe__join_asof.Rd",1,121,"pop","join_asof","polars_data_frame",89,TRUE,"offered",TRUE,FALSE,FALSE,""
"reference","man/dataframe__join_asof.Rd",1,121,"pop","join_asof","polars_data_frame",89,TRUE,"offered",TRUE,FALSE,FALSE,""
"reference","man/dataframe__join_asof.Rd",1,121,"pl$DataFrame(country = rep(c(""Germany"", ""Netherlands""), each = 5), date = rep(as.Date(c(""2016-1-1"", ""2017-1-1"", ""2018-1-1"", ""2019-1-1"", ""2020-1-1"")), 2), gdp = c(4164, 4411, 4566, ","sort","polars_data_frame",89,TRUE,"offered",TRUE,FALSE,FALSE,""
"reference","man/dataframe__join_asof.Rd",1,121,"pl","DataFrame","pl",103,TRUE,"offered",TRUE,FALSE,FALSE,""
"reference","man/dataframe__join_asof.Rd",1,121,"pl$DataFrame(country = rep(c(""Germany"", ""Netherlands""), each = 3), date = rep(as.Date(c(""2016-3-1"", ""2018-8-1"", ""2019-1-1"")), 2), population = c(82.19, 82.66, 83.12, 17.11, 17.32, ","sort","polars_data_frame",89,TRUE,"offered",TRUE,FALSE,FALSE,""
"reference","man/dataframe__join_asof.Rd",1,121,"pl","DataFrame","pl",103,TRUE,"offered",TRUE,FALSE,FALSE,""
"reference","man/dataframe__join_asof.Rd",1,121,"pop2","join_asof","polars_data_frame",89,TRUE,"offered",TRUE,FALSE,FALSE,""
"reference","man/dataframe__join_where.Rd",1,40,"pl","DataFrame","pl",103,TRUE,"offered",TRUE,FALSE,FALSE,""
"reference","man/dataframe__join_where.Rd",1,40,"pl","DataFrame","pl",103,TRUE,"offered",TRUE,FALSE,FALSE,""
"reference","man/dataframe__join_where.Rd",1,40,"east","join_where","polars_data_frame",89,TRUE,"offered",TRUE,FALSE,FALSE,""
"reference","man/dataframe__join_where.Rd",1,40,"pl","col","pl",103,TRUE,"offered",TRUE,FALSE,FALSE,""
"reference","man/dataframe__join_where.Rd",1,40,"pl","col","pl",103,TRUE,"offered",TRUE,FALSE,FALSE,""
"reference","man/dataframe__join_where.Rd",1,40,"pl","col","pl",103,TRUE,"offered",TRUE,FALSE,FALSE,""
"reference","man/dataframe__join_where.Rd",1,40,"pl","col","pl",103,TRUE,"offered",TRUE,FALSE,FALSE,""
"reference","man/dataframe__join.Rd",1,105,"pl","DataFrame","pl",103,TRUE,"offered",TRUE,FALSE,FALSE,""
"reference","man/dataframe__join.Rd",1,105,"pl","DataFrame","pl",103,TRUE,"offered",TRUE,FALSE,FALSE,""
"reference","man/dataframe__join.Rd",1,105,"df","join","polars_data_frame",89,TRUE,"offered",TRUE,FALSE,FALSE,""
"reference","man/dataframe__join.Rd",1,105,"df","join","polars_data_frame",89,TRUE,"offered",TRUE,FALSE,FALSE,""
"reference","man/dataframe__join.Rd",1,105,"df","join","polars_data_frame",89,TRUE,"offered",TRUE,FALSE,FALSE,""
"reference","man/dataframe__join.Rd",1,105,"df","join","polars_data_frame",89,TRUE,"offered",TRUE,FALSE,FALSE,""
"reference","man/dataframe__join.Rd",1,105,"df","join","polars_data_frame",89,TRUE,"offered",TRUE,FALSE,FALSE,""
"reference","man/dataframe__lazy.Rd",1,15,"pl$DataFrame(a = 1:2, b = c(NA, ""a""))","lazy","polars_data_frame",89,TRUE,"offered",TRUE,FALSE,FALSE,""
"reference","man/dataframe__lazy.Rd",1,15,"pl","DataFrame","pl",103,TRUE,"offered",TRUE,FALSE,FALSE,""
"reference","man/dataframe__map_columns.Rd",1,30,"pl","DataFrame","pl",103,TRUE,"offered",TRUE,FALSE,FALSE,""
"reference","man/dataframe__map_columns.Rd",1,30,"df1","map_columns","polars_data_frame",89,TRUE,"offered",TRUE,FALSE,FALSE,""
"reference","man/dataframe__map_columns.Rd",1,30,"s","shrink_dtype","",0,FALSE,"unknown_result",FALSE,TRUE,FALSE,""
"reference","man/dataframe__map_columns.Rd",1,30,"df1","map_columns","polars_data_frame",89,TRUE,"offered",TRUE,FALSE,FALSE,""
"reference","man/dataframe__map_columns.Rd",1,30,"s","to_r_vector","",0,FALSE,"unknown_result",FALSE,TRUE,FALSE,""
"reference","man/dataframe__map_columns.Rd",1,30,"pl","DataFrame","pl",103,TRUE,"offered",TRUE,FALSE,FALSE,""
"reference","man/dataframe__map_columns.Rd",1,30,"pl","Struct","pl",103,TRUE,"offered",TRUE,FALSE,FALSE,""
"reference","man/dataframe__map_columns.Rd",1,30,"pl","Int64","pl",103,TRUE,"offered",TRUE,FALSE,FALSE,""
"reference","man/dataframe__map_columns.Rd",1,30,"df2","map_columns","polars_data_frame",89,TRUE,"offered",TRUE,FALSE,FALSE,""
"reference","man/dataframe__map_columns.Rd",1,30,"s$str","json_decode","",0,FALSE,"unknown_result",FALSE,TRUE,FALSE,""
"reference","man/dataframe__map_columns.Rd",1,30,"s","str","",0,FALSE,"unknown_result",FALSE,TRUE,FALSE,""
"reference","man/dataframe__map_columns.Rd",1,30,"df2","map_columns","polars_data_frame",89,TRUE,"offered",TRUE,FALSE,FALSE,""
"reference","man/dataframe__map_columns.Rd",1,30,"cs","all","cs",35,TRUE,"offered",TRUE,FALSE,FALSE,""
"reference","man/dataframe__map_columns.Rd",1,30,"s$str","json_decode","",0,FALSE,"unknown_result",FALSE,TRUE,FALSE,""
"reference","man/dataframe__map_columns.Rd",1,30,"s","str","",0,FALSE,"unknown_result",FALSE,TRUE,FALSE,""
"reference","man/dataframe__max_horizontal.Rd",1,15,"pl","DataFrame","pl",103,TRUE,"offered",TRUE,FALSE,FALSE,""
"reference","man/dataframe__max_horizontal.Rd",1,15,"df","max_horizontal","polars_data_frame",89,TRUE,"offered",TRUE,FALSE,FALSE,""
"reference","man/dataframe__max.Rd",1,15,"pl","DataFrame","pl",103,TRUE,"offered",TRUE,FALSE,FALSE,""
"reference","man/dataframe__max.Rd",1,15,"df","max","polars_data_frame",89,TRUE,"offered",TRUE,FALSE,FALSE,""
"reference","man/dataframe__mean_horizontal.Rd",1,21,"pl","DataFrame","pl",103,TRUE,"offered",TRUE,FALSE,FALSE,""
"reference","man/dataframe__mean_horizontal.Rd",1,21,"df","mean_horizontal","polars_data_frame",89,TRUE,"offered",TRUE,FALSE,FALSE,""
"reference","man/dataframe__mean.Rd",1,15,"pl","DataFrame","pl",103,TRUE,"offered",TRUE,FALSE,FALSE,""
"reference","man/dataframe__mean.Rd",1,15,"df","mean","polars_data_frame",89,TRUE,"offered",TRUE,FALSE,FALSE,""
"reference","man/dataframe__median.Rd",1,15,"pl","DataFrame","pl",103,TRUE,"offered",TRUE,FALSE,FALSE,""
"reference","man/dataframe__median.Rd",1,15,"df","median","polars_data_frame",89,TRUE,"offered",TRUE,FALSE,FALSE,""
"reference","man/dataframe__merge_sorted.Rd",1,28,"pl$DataFrame(name = c(""steve"", ""elise"", ""bob""), age = c(42, 44, 18))","sort","polars_data_frame",89,TRUE,"offered",TRUE,FALSE,FALSE,""
"reference","man/dataframe__merge_sorted.Rd",1,28,"pl","DataFrame","pl",103,TRUE,"offered",TRUE,FALSE,FALSE,""
"reference","man/dataframe__merge_sorted.Rd",1,28,"pl$DataFrame(name = c(""anna"", ""megan"", ""steve"", ""thomas""), age = c(21, 33, 42, 20))","sort","polars_data_frame",89,TRUE,"offered",TRUE,FALSE,FALSE,""
"reference","man/dataframe__merge_sorted.Rd",1,28,"pl","DataFrame","pl",103,TRUE,"offered",TRUE,FALSE,FALSE,""
"reference","man/dataframe__merge_sorted.Rd",1,28,"df1","merge_sorted","polars_data_frame",89,TRUE,"offered",TRUE,FALSE,FALSE,""
"reference","man/dataframe__min_horizontal.Rd",1,15,"pl","DataFrame","pl",103,TRUE,"offered",TRUE,FALSE,FALSE,""
"reference","man/dataframe__min_horizontal.Rd",1,15,"df","min_horizontal","polars_data_frame",89,TRUE,"offered",TRUE,FALSE,FALSE,""
"reference","man/dataframe__min.Rd",1,15,"pl","DataFrame","pl",103,TRUE,"offered",TRUE,FALSE,FALSE,""
"reference","man/dataframe__min.Rd",1,15,"df","min","polars_data_frame",89,TRUE,"offered",TRUE,FALSE,FALSE,""
"reference","man/dataframe__n_chunks.Rd",1,19,"pl","DataFrame","pl",103,TRUE,"offered",TRUE,FALSE,FALSE,""
"reference","man/dataframe__n_chunks.Rd",1,19,"df","n_chunks","polars_data_frame",89,TRUE,"offered",TRUE,FALSE,FALSE,""
"reference","man/dataframe__n_chunks.Rd",1,19,"df","n_chunks","polars_data_frame",89,TRUE,"offered",TRUE,FALSE,FALSE,""
"reference","man/dataframe__partition_by.Rd",1,25,"pl","DataFrame","pl",103,TRUE,"offered",TRUE,FALSE,FALSE,""
"reference","man/dataframe__partition_by.Rd",1,25,"df","partition_by","polars_data_frame",89,TRUE,"offered",TRUE,FALSE,FALSE,""
"reference","man/dataframe__partition_by.Rd",1,25,"df","partition_by","polars_data_frame",89,TRUE,"offered",TRUE,FALSE,FALSE,""
"reference","man/dataframe__pivot.Rd",1,69,"pl","DataFrame","pl",103,TRUE,"offered",TRUE,FALSE,FALSE,""
"reference","man/dataframe__pivot.Rd",1,69,"df","pivot","polars_data_frame",89,TRUE,"offered",TRUE,FALSE,FALSE,""
"reference","man/dataframe__pivot.Rd",1,69,"df","pivot","polars_data_frame",89,TRUE,"offered",TRUE,FALSE,FALSE,""
"reference","man/dataframe__pivot.Rd",1,69,"cs","starts_with","cs",35,TRUE,"offered",TRUE,FALSE,FALSE,""
"reference","man/dataframe__pivot.Rd",1,69,"pl","DataFrame","pl",103,TRUE,"offered",TRUE,FALSE,FALSE,""
"reference","man/dataframe__pivot.Rd",1,69,"df","pivot","polars_data_frame",89,TRUE,"offered",TRUE,FALSE,FALSE,""
"reference","man/dataframe__pivot.Rd",1,69,"pl","DataFrame","pl",103,TRUE,"offered",TRUE,FALSE,FALSE,""
"reference","man/dataframe__pivot.Rd",1,69,"df","pivot","polars_data_frame",89,TRUE,"offered",TRUE,FALSE,FALSE,""
"reference","man/dataframe__pivot.Rd",1,69,"pl$element()$tanh()","mean","polars_expr",212,TRUE,"offered",TRUE,FALSE,FALSE,""
"reference","man/dataframe__pivot.Rd",1,69,"pl$element()","tanh","polars_expr",212,TRUE,"offered",TRUE,FALSE,FALSE,""
"reference","man/dataframe__pivot.Rd",1,69,"pl","element","pl",103,TRUE,"offered",TRUE,FALSE,FALSE,""
"reference","man/dataframe__quantile.Rd",1,23,"pl","DataFrame","pl",103,TRUE,"offered",TRUE,FALSE,FALSE,""
"reference","man/dataframe__quantile.Rd",1,23,"df","quantile","polars_data_frame",89,TRUE,"offered",TRUE,FALSE,FALSE,""
"reference","man/dataframe__remove.Rd",1,21,"pl","DataFrame","pl",103,TRUE,"offered",TRUE,FALSE,FALSE,""
"reference","man/dataframe__remove.Rd",1,21,"df","remove","polars_data_frame",89,TRUE,"offered",TRUE,FALSE,FALSE,""
"reference","man/dataframe__remove.Rd",1,21,"pl","col","pl",103,TRUE,"offered",TRUE,FALSE,FALSE,""
"reference","man/dataframe__remove.Rd",1,21,"df","filter","polars_data_frame",89,TRUE,"offered",TRUE,FALSE,FALSE,""
"reference","man/dataframe__remove.Rd",1,21,"pl","col","pl",103,TRUE,"offered",TRUE,FALSE,FALSE,""
"reference","man/dataframe__remove.Rd",1,21,"df","remove","polars_data_frame",89,TRUE,"offered",TRUE,FALSE,FALSE,""
"reference","man/dataframe__remove.Rd",1,21,"pl","col","pl",103,TRUE,"offered",TRUE,FALSE,FALSE,""
"reference","man/dataframe__remove.Rd",1,21,"pl","col","pl",103,TRUE,"offered",TRUE,FALSE,FALSE,""
"reference","man/dataframe__remove.Rd",1,21,"df","remove","polars_data_frame",89,TRUE,"offered",TRUE,FALSE,FALSE,""
"reference","man/dataframe__remove.Rd",1,21,"pl","col","pl",103,TRUE,"offered",TRUE,FALSE,FALSE,""
"reference","man/dataframe__remove.Rd",1,21,"pl","col","pl",103,TRUE,"offered",TRUE,FALSE,FALSE,""
"reference","man/dataframe__rename.Rd",1,28,"pl","DataFrame","pl",103,TRUE,"offered",TRUE,FALSE,FALSE,""
"reference","man/dataframe__rename.Rd",1,28,"df","rename","polars_data_frame",89,TRUE,"offered",TRUE,FALSE,FALSE,""
"reference","man/dataframe__reverse.Rd",1,15,"pl","DataFrame","pl",103,TRUE,"offered",TRUE,FALSE,FALSE,""
"reference","man/dataframe__reverse.Rd",1,15,"df","reverse","polars_data_frame",89,TRUE,"offered",TRUE,FALSE,FALSE,""
"reference","man/dataframe__rolling.Rd",1,62,"pl$DataFrame(dt = dates, a = c(3, 7, 5, 9, 2, 1))","with_columns","polars_data_frame",89,TRUE,"offered",TRUE,FALSE,FALSE,""
"reference","man/dataframe__rolling.Rd",1,62,"pl","DataFrame","pl",103,TRUE,"offered",TRUE,FALSE,FALSE,""
"reference","man/dataframe__rolling.Rd",1,62,"pl$col(""dt"")$str","strptime","polars_namespace_expr_str",48,TRUE,"offered",TRUE,FALSE,FALSE,""
"reference","man/dataframe__rolling.Rd",1,62,"pl$col(""dt"")","str","polars_expr",212,TRUE,"offered",TRUE,FALSE,FALSE,""
"reference","man/dataframe__rolling.Rd",1,62,"pl","col","pl",103,TRUE,"offered",TRUE,FALSE,FALSE,""
"reference","man/dataframe__rolling.Rd",1,62,"pl","Datetime","pl",103,TRUE,"offered",TRUE,FALSE,FALSE,""
"reference","man/dataframe__rolling.Rd",1,62,"df$rolling(index_column = ""dt"", period = ""2d"")","agg","polars_rolling_group_by",9,TRUE,"offered",TRUE,FALSE,FALSE,""
"reference","man/dataframe__rolling.Rd",1,62,"df","rolling","polars_data_frame",89,TRUE,"offered",TRUE,FALSE,FALSE,""
"reference","man/dataframe__rolling.Rd",1,62,"pl$col(""a"")","sum","polars_expr",212,TRUE,"offered",TRUE,FALSE,FALSE,""
"reference","man/dataframe__rolling.Rd",1,62,"pl","col","pl",103,TRUE,"offered",TRUE,FALSE,FALSE,""
"reference","man/dataframe__rolling.Rd",1,62,"pl$col(""a"")","min","polars_expr",212,TRUE,"offered",TRUE,FALSE,FALSE,""
"reference","man/dataframe__rolling.Rd",1,62,"pl","col","pl",103,TRUE,"offered",TRUE,FALSE,FALSE,""
"reference","man/dataframe__rolling.Rd",1,62,"pl$col(""a"")","max","polars_expr",212,TRUE,"offered",TRUE,FALSE,FALSE,""
"reference","man/dataframe__rolling.Rd",1,62,"pl","col","pl",103,TRUE,"offered",TRUE,FALSE,FALSE,""
"reference","man/dataframe__sample.Rd",1,42,"pl","DataFrame","pl",103,TRUE,"offered",TRUE,FALSE,FALSE,""
"reference","man/dataframe__sample.Rd",1,42,"df","sample","polars_data_frame",89,TRUE,"offered",TRUE,FALSE,FALSE,""
"reference","man/dataframe__select_seq.Rd",1,23,"pl","DataFrame","pl",103,TRUE,"offered",TRUE,FALSE,FALSE,""
"reference","man/dataframe__select_seq.Rd",1,23,"df","select_seq","polars_data_frame",89,TRUE,"offered",TRUE,FALSE,FALSE,""
"reference","man/dataframe__select_seq.Rd",1,23,"pl","col","pl",103,TRUE,"offered",TRUE,FALSE,FALSE,""
"reference","man/dataframe__select.Rd",1,28,"as_polars_df(iris)","select","polars_data_frame",89,TRUE,"offered",TRUE,FALSE,FALSE,""
"reference","man/dataframe__select.Rd",1,28,"pl$col(""Sepal.Length"")","abs","polars_expr",212,TRUE,"offered",TRUE,FALSE,FALSE,""
"reference","man/dataframe__select.Rd",1,28,"pl","col","pl",103,TRUE,"offered",TRUE,FALSE,FALSE,""
"reference","man/dataframe__select.Rd",1,28,"pl","col","pl",103,TRUE,"offered",TRUE,FALSE,FALSE,""
"reference","man/dataframe__serialize.Rd",1,26,"pl$DataFrame(foo = 1:3, bar = 6:8, )","cast","polars_data_frame",89,TRUE,"offered",TRUE,FALSE,FALSE,""
"reference","man/dataframe__serialize.Rd",1,26,"pl","DataFrame","pl",103,TRUE,"offered",TRUE,FALSE,FALSE,""
"reference","man/dataframe__serialize.Rd",1,26,"pl","UInt8","pl",103,TRUE,"offered",TRUE,FALSE,FALSE,""
"reference","man/dataframe__serialize.Rd",1,26,"df","serialize","polars_data_frame",89,TRUE,"offered",TRUE,FALSE,FALSE,""
"reference","man/dataframe__serialize.Rd",1,26,"pl","deserialize_df","pl",103,TRUE,"offered",TRUE,FALSE,FALSE,""
"reference","man/dataframe__set_sorted.Rd",1,23,"pl$DataFrame(name = c(""steve"", ""elise"", ""bob""), age = c(42, 44, 18))","set_sorted","polars_data_frame",89,TRUE,"offered",TRUE,FALSE,FALSE,""
"reference","man/dataframe__set_sorted.Rd",1,23,"pl","DataFrame","pl",103,TRUE,"offered",TRUE,FALSE,FALSE,""
"reference","man/dataframe__set_sorted.Rd",1,23,"df1","flags","polars_data_frame",89,TRUE,"offered",TRUE,FALSE,FALSE,""
"reference","man/dataframe__shift.Rd",1,24,"pl","DataFrame","pl",103,TRUE,"offered",TRUE,FALSE,FALSE,""
"reference","man/dataframe__shift.Rd",1,24,"df","shift","polars_data_frame",89,TRUE,"offered",TRUE,FALSE,FALSE,""
"reference","man/dataframe__shift.Rd",1,24,"df","shift","polars_data_frame",89,TRUE,"offered",TRUE,FALSE,FALSE,""
"reference","man/dataframe__shift.Rd",1,24,"df","shift","polars_data_frame",89,TRUE,"offered",TRUE,FALSE,FALSE,""
"reference","man/dataframe__slice.Rd",1,22,"as_polars_df(mtcars)","slice","polars_data_frame",89,TRUE,"offered",TRUE,FALSE,FALSE,""
"reference","man/dataframe__sort.Rd",1,37,"pl","DataFrame","pl",103,TRUE,"offered",TRUE,FALSE,FALSE,""
"reference","man/dataframe__sort.Rd",1,37,"df","sort","polars_data_frame",89,TRUE,"offered",TRUE,FALSE,FALSE,""
"reference","man/dataframe__sort.Rd",1,37,"df","sort","polars_data_frame",89,TRUE,"offered",TRUE,FALSE,FALSE,""
"reference","man/dataframe__sort.Rd",1,37,"pl","col","pl",103,TRUE,"offered",TRUE,FALSE,FALSE,""
"reference","man/dataframe__sort.Rd",1,37,"pl","col","pl",103,TRUE,"offered",TRUE,FALSE,FALSE,""
"reference","man/dataframe__sort.Rd",1,37,"df","sort","polars_data_frame",89,TRUE,"offered",TRUE,FALSE,FALSE,""
"reference","man/dataframe__sort.Rd",1,37,"df","sort","polars_data_frame",89,TRUE,"offered",TRUE,FALSE,FALSE,""
"reference","man/dataframe__std.Rd",1,20,"pl","DataFrame","pl",103,TRUE,"offered",TRUE,FALSE,FALSE,""
"reference","man/dataframe__std.Rd",1,20,"df","std","polars_data_frame",89,TRUE,"offered",TRUE,FALSE,FALSE,""
"reference","man/dataframe__std.Rd",1,20,"df","std","polars_data_frame",89,TRUE,"offered",TRUE,FALSE,FALSE,""
"reference","man/dataframe__sum_horizontal.Rd",1,21,"pl","DataFrame","pl",103,TRUE,"offered",TRUE,FALSE,FALSE,""
"reference","man/dataframe__sum_horizontal.Rd",1,21,"df","sum_horizontal","polars_data_frame",89,TRUE,"offered",TRUE,FALSE,FALSE,""
"reference","man/dataframe__sum.Rd",1,15,"pl","DataFrame","pl",103,TRUE,"offered",TRUE,FALSE,FALSE,""
"reference","man/dataframe__sum.Rd",1,15,"df","sum","polars_data_frame",89,TRUE,"offered",TRUE,FALSE,FALSE,""
"reference","man/dataframe__tail.Rd",1,19,"pl","DataFrame","pl",103,TRUE,"offered",TRUE,FALSE,FALSE,""
"reference","man/dataframe__tail.Rd",1,19,"df","tail","polars_data_frame",89,TRUE,"offered",TRUE,FALSE,FALSE,""
"reference","man/dataframe__tail.Rd",1,19,"df","tail","polars_data_frame",89,TRUE,"offered",TRUE,FALSE,FALSE,""
"reference","man/dataframe__to_dummies.Rd",1,31,"pl","DataFrame","pl",103,TRUE,"offered",TRUE,FALSE,FALSE,""
"reference","man/dataframe__to_dummies.Rd",1,31,"df","to_dummies","polars_data_frame",89,TRUE,"offered",TRUE,FALSE,FALSE,""
"reference","man/dataframe__to_dummies.Rd",1,31,"df","to_dummies","polars_data_frame",89,TRUE,"offered",TRUE,FALSE,FALSE,""
"reference","man/dataframe__to_dummies.Rd",1,31,"df","to_dummies","polars_data_frame",89,TRUE,"offered",TRUE,FALSE,FALSE,""
"reference","man/dataframe__to_dummies.Rd",1,31,"df","to_dummies","polars_data_frame",89,TRUE,"offered",TRUE,FALSE,FALSE,""
"reference","man/dataframe__to_dummies.Rd",1,31,"df","to_dummies","polars_data_frame",89,TRUE,"offered",TRUE,FALSE,FALSE,""
"reference","man/dataframe__to_dummies.Rd",1,31,"cs","integer","cs",35,TRUE,"offered",TRUE,FALSE,FALSE,""
"reference","man/dataframe__to_dummies.Rd",1,31,"df","to_dummies","polars_data_frame",89,TRUE,"offered",TRUE,FALSE,FALSE,""
"reference","man/dataframe__to_dummies.Rd",1,31,"cs","integer","cs",35,TRUE,"offered",TRUE,FALSE,FALSE,""
"reference","man/dataframe__to_series.Rd",1,19,"df","to_series","polars_data_frame",89,TRUE,"offered",TRUE,FALSE,FALSE,""
"reference","man/dataframe__to_series.Rd",1,19,"df","to_series","polars_data_frame",89,TRUE,"offered",TRUE,FALSE,FALSE,""
"reference","man/dataframe__to_struct.Rd",1,18,"pl","DataFrame","pl",103,TRUE,"offered",TRUE,FALSE,FALSE,""
"reference","man/dataframe__to_struct.Rd",1,18,"df","to_struct","polars_data_frame",89,TRUE,"offered",TRUE,FALSE,FALSE,""
"reference","man/dataframe__top_k.Rd",1,29,"pl","DataFrame","pl",103,TRUE,"offered",TRUE,FALSE,FALSE,""
"reference","man/dataframe__top_k.Rd",1,29,"df","top_k","polars_data_frame",89,TRUE,"offered",TRUE,FALSE,FALSE,""
"reference","man/dataframe__top_k.Rd",1,29,"df","top_k","polars_data_frame",89,TRUE,"offered",TRUE,FALSE,FALSE,""
"reference","man/dataframe__transpose.Rd",1,36,"pl","DataFrame","pl",103,TRUE,"offered",TRUE,FALSE,FALSE,""
"reference","man/dataframe__transpose.Rd",1,36,"df","transpose","polars_data_frame",89,TRUE,"offered",TRUE,FALSE,FALSE,""
"reference","man/dataframe__transpose.Rd",1,36,"df","transpose","polars_data_frame",89,TRUE,"offered",TRUE,FALSE,FALSE,""
"reference","man/dataframe__transpose.Rd",1,36,"df","transpose","polars_data_frame",89,TRUE,"offered",TRUE,FALSE,FALSE,""
"reference","man/dataframe__transpose.Rd",1,36,"df","transpose","polars_data_frame",89,TRUE,"offered",TRUE,FALSE,FALSE,""
"reference","man/dataframe__transpose.Rd",1,36,"pl","DataFrame","pl",103,TRUE,"offered",TRUE,FALSE,FALSE,""
"reference","man/dataframe__transpose.Rd",1,36,"df","transpose","polars_data_frame",89,TRUE,"offered",TRUE,FALSE,FALSE,""
"reference","man/dataframe__transpose.Rd",1,36,"df","transpose","polars_data_frame",89,TRUE,"offered",TRUE,FALSE,FALSE,""
"reference","man/dataframe__unique.Rd",1,37,"pl","DataFrame","pl",103,TRUE,"offered",TRUE,FALSE,FALSE,""
"reference","man/dataframe__unique.Rd",1,37,"df","unique","polars_data_frame",89,TRUE,"offered",TRUE,FALSE,FALSE,""
"reference","man/dataframe__unique.Rd",1,37,"df","unique","polars_data_frame",89,TRUE,"offered",TRUE,FALSE,FALSE,""
"reference","man/dataframe__unique.Rd",1,37,"df","unique","polars_data_frame",89,TRUE,"offered",TRUE,FALSE,FALSE,""
"reference","man/dataframe__unnest.Rd",1,23,"pl$DataFrame(a = 1:5, b = c(""one"", ""two"", ""three"", ""four"", ""five""), c = 6:10)","select","polars_data_frame",89,TRUE,"offered",TRUE,FALSE,FALSE,""
"reference","man/dataframe__unnest.Rd",1,23,"pl","DataFrame","pl",103,TRUE,"offered",TRUE,FALSE,FALSE,""
"reference","man/dataframe__unnest.Rd",1,23,"pl","struct","pl",103,TRUE,"offered",TRUE,FALSE,FALSE,""
"reference","man/dataframe__unnest.Rd",1,23,"pl$struct(c(""a"", ""c""))","alias","polars_expr",212,TRUE,"offered",TRUE,FALSE,FALSE,""
"reference","man/dataframe__unnest.Rd",1,23,"pl","struct","pl",103,TRUE,"offered",TRUE,FALSE,FALSE,""
"reference","man/dataframe__unnest.Rd",1,23,"df","unnest","polars_data_frame",89,TRUE,"offered",TRUE,FALSE,FALSE,""
"reference","man/dataframe__unnest.Rd",1,23,"df","unnest","polars_data_frame",89,TRUE,"offered",TRUE,FALSE,FALSE,""
"reference","man/dataframe__unpivot.Rd",1,42,"pl","DataFrame","pl",103,TRUE,"offered",TRUE,FALSE,FALSE,""
"reference","man/dataframe__unpivot.Rd",1,42,"df","unpivot","polars_data_frame",89,TRUE,"offered",TRUE,FALSE,FALSE,""
"reference","man/dataframe__unstack.Rd",1,33,"pl$DataFrame(x = LETTERS[1:8], y = 1:8)","with_columns","polars_data_frame",89,TRUE,"offered",TRUE,FALSE,FALSE,""
"reference","man/dataframe__unstack.Rd",1,33,"pl","DataFrame","pl",103,TRUE,"offered",TRUE,FALSE,FALSE,""
"reference","man/dataframe__unstack.Rd",1,33,"pl","int_ranges","pl",103,TRUE,"offered",TRUE,FALSE,FALSE,""
"reference","man/dataframe__unstack.Rd",1,33,"pl","col","pl",103,TRUE,"offered",TRUE,FALSE,FALSE,""
"reference","man/dataframe__unstack.Rd",1,33,"pl","col","pl",103,TRUE,"offered",TRUE,FALSE,FALSE,""
"reference","man/dataframe__unstack.Rd",1,33,"pl","UInt8","pl",103,TRUE,"offered",TRUE,FALSE,FALSE,""
"reference","man/dataframe__unstack.Rd",1,33,"df","unstack","polars_data_frame",89,TRUE,"offered",TRUE,FALSE,FALSE,""
"reference","man/dataframe__unstack.Rd",1,33,"df","unstack","polars_data_frame",89,TRUE,"offered",TRUE,FALSE,FALSE,""
"reference","man/dataframe__unstack.Rd",1,33,"df","unstack","polars_data_frame",89,TRUE,"offered",TRUE,FALSE,FALSE,""
"reference","man/dataframe__unstack.Rd",1,33,"cs","numeric","cs",35,TRUE,"offered",TRUE,FALSE,FALSE,""
"reference","man/dataframe__unstack.Rd",1,33,"df","unstack","polars_data_frame",89,TRUE,"offered",TRUE,FALSE,FALSE,""
"reference","man/dataframe__var.Rd",1,20,"pl","DataFrame","pl",103,TRUE,"offered",TRUE,FALSE,FALSE,""
"reference","man/dataframe__var.Rd",1,20,"df","var","polars_data_frame",89,TRUE,"offered",TRUE,FALSE,FALSE,""
"reference","man/dataframe__var.Rd",1,20,"df","var","polars_data_frame",89,TRUE,"offered",TRUE,FALSE,FALSE,""
"reference","man/dataframe__with_columns_seq.Rd",1,31,"pl","DataFrame","pl",103,TRUE,"offered",TRUE,FALSE,FALSE,""
"reference","man/dataframe__with_columns_seq.Rd",1,31,"df","with_columns_seq","polars_data_frame",89,TRUE,"offered",TRUE,FALSE,FALSE,""
"reference","man/dataframe__with_columns_seq.Rd",1,31,"(pl$col(""a"")^2)","alias","polars_expr",212,TRUE,"offered",TRUE,FALSE,FALSE,""
"reference","man/dataframe__with_columns_seq.Rd",1,31,"pl","col","pl",103,TRUE,"offered",TRUE,FALSE,FALSE,""
"reference","man/dataframe__with_columns_seq.Rd",1,31,"df","with_columns_seq","polars_data_frame",89,TRUE,"offered",TRUE,FALSE,FALSE,""
"reference","man/dataframe__with_columns_seq.Rd",1,31,"pl$col(""a"")","cast","polars_expr",212,TRUE,"offered",TRUE,FALSE,FALSE,""
"reference","man/dataframe__with_columns_seq.Rd",1,31,"pl","col","pl",103,TRUE,"offered",TRUE,FALSE,FALSE,""
"reference","man/dataframe__with_columns_seq.Rd",1,31,"pl","Float64","pl",103,TRUE,"offered",TRUE,FALSE,FALSE,""
"reference","man/dataframe__with_columns_seq.Rd",1,31,"df","with_columns_seq","polars_data_frame",89,TRUE,"offered",TRUE,FALSE,FALSE,""
"reference","man/dataframe__with_columns_seq.Rd",1,31,"(pl$col(""a"")^2)","alias","polars_expr",212,TRUE,"offered",TRUE,FALSE,FALSE,""
"reference","man/dataframe__with_columns_seq.Rd",1,31,"pl","col","pl",103,TRUE,"offered",TRUE,FALSE,FALSE,""
"reference","man/dataframe__with_columns_seq.Rd",1,31,"(pl$col(""b"")/2)","alias","polars_expr",212,TRUE,"offered",TRUE,FALSE,FALSE,""
"reference","man/dataframe__with_columns_seq.Rd",1,31,"pl","col","pl",103,TRUE,"offered",TRUE,FALSE,FALSE,""
"reference","man/dataframe__with_columns_seq.Rd",1,31,"(pl$col(""c"")$not())","alias","polars_expr",212,TRUE,"offered",TRUE,FALSE,FALSE,""
"reference","man/dataframe__with_columns_seq.Rd",1,31,"pl$col(""c"")","not","polars_expr",212,TRUE,"offered",TRUE,FALSE,FALSE,""
"reference","man/dataframe__with_columns_seq.Rd",1,31,"pl","col","pl",103,TRUE,"offered",TRUE,FALSE,FALSE,""
"reference","man/dataframe__with_columns_seq.Rd",1,31,"df","with_columns_seq","polars_data_frame",89,TRUE,"offered",TRUE,FALSE,FALSE,""
"reference","man/dataframe__with_columns_seq.Rd",1,31,"pl","col","pl",103,TRUE,"offered",TRUE,FALSE,FALSE,""
"reference","man/dataframe__with_columns_seq.Rd",1,31,"pl","col","pl",103,TRUE,"offered",TRUE,FALSE,FALSE,""
"reference","man/dataframe__with_columns_seq.Rd",1,31,"pl$col(""c"")","not","polars_expr",212,TRUE,"offered",TRUE,FALSE,FALSE,""
"reference","man/dataframe__with_columns_seq.Rd",1,31,"pl","col","pl",103,TRUE,"offered",TRUE,FALSE,FALSE,""
"reference","man/dataframe__with_columns.Rd",1,28,"pl","DataFrame","pl",103,TRUE,"offered",TRUE,FALSE,FALSE,""
"reference","man/dataframe__with_columns.Rd",1,28,"df","with_columns","polars_data_frame",89,TRUE,"offered",TRUE,FALSE,FALSE,""
"reference","man/dataframe__with_columns.Rd",1,28,"(pl$col(""a"")^2)","alias","polars_expr",212,TRUE,"offered",TRUE,FALSE,FALSE,""
"reference","man/dataframe__with_columns.Rd",1,28,"pl","col","pl",103,TRUE,"offered",TRUE,FALSE,FALSE,""
"reference","man/dataframe__with_columns.Rd",1,28,"df","with_columns","polars_data_frame",89,TRUE,"offered",TRUE,FALSE,FALSE,""
"reference","man/dataframe__with_columns.Rd",1,28,"pl$col(""a"")","cast","polars_expr",212,TRUE,"offered",TRUE,FALSE,FALSE,""
"reference","man/dataframe__with_columns.Rd",1,28,"pl","col","pl",103,TRUE,"offered",TRUE,FALSE,FALSE,""
"reference","man/dataframe__with_columns.Rd",1,28,"pl","Float64","pl",103,TRUE,"offered",TRUE,FALSE,FALSE,""
"reference","man/dataframe__with_columns.Rd",1,28,"df","with_columns","polars_data_frame",89,TRUE,"offered",TRUE,FALSE,FALSE,""
"reference","man/dataframe__with_columns.Rd",1,28,"(pl$col(""a"")^2)","alias","polars_expr",212,TRUE,"offered",TRUE,FALSE,FALSE,""
"reference","man/dataframe__with_columns.Rd",1,28,"pl","col","pl",103,TRUE,"offered",TRUE,FALSE,FALSE,""
"reference","man/dataframe__with_columns.Rd",1,28,"(pl$col(""b"")/2)","alias","polars_expr",212,TRUE,"offered",TRUE,FALSE,FALSE,""
"reference","man/dataframe__with_columns.Rd",1,28,"pl","col","pl",103,TRUE,"offered",TRUE,FALSE,FALSE,""
"reference","man/dataframe__with_columns.Rd",1,28,"(pl$col(""c"")$not())","alias","polars_expr",212,TRUE,"offered",TRUE,FALSE,FALSE,""
"reference","man/dataframe__with_columns.Rd",1,28,"pl$col(""c"")","not","polars_expr",212,TRUE,"offered",TRUE,FALSE,FALSE,""
"reference","man/dataframe__with_columns.Rd",1,28,"pl","col","pl",103,TRUE,"offered",TRUE,FALSE,FALSE,""
"reference","man/dataframe__with_columns.Rd",1,28,"df","with_columns","polars_data_frame",89,TRUE,"offered",TRUE,FALSE,FALSE,""
"reference","man/dataframe__with_columns.Rd",1,28,"pl","col","pl",103,TRUE,"offered",TRUE,FALSE,FALSE,""
"reference","man/dataframe__with_columns.Rd",1,28,"pl","col","pl",103,TRUE,"offered",TRUE,FALSE,FALSE,""
"reference","man/dataframe__with_columns.Rd",1,28,"pl$col(""c"")","not","polars_expr",212,TRUE,"offered",TRUE,FALSE,FALSE,""
"reference","man/dataframe__with_columns.Rd",1,28,"pl","col","pl",103,TRUE,"offered",TRUE,FALSE,FALSE,""
"reference","man/dataframe__with_row_index.Rd",1,20,"pl","DataFrame","pl",103,TRUE,"offered",TRUE,FALSE,FALSE,""
"reference","man/dataframe__with_row_index.Rd",1,20,"df","with_row_index","polars_data_frame",89,TRUE,"offered",TRUE,FALSE,FALSE,""
"reference","man/dataframe__with_row_index.Rd",1,20,"df","with_row_index","polars_data_frame",89,TRUE,"offered",TRUE,FALSE,FALSE,""
"reference","man/dataframe__with_row_index.Rd",1,20,"df","with_columns","polars_data_frame",89,TRUE,"offered",TRUE,FALSE,FALSE,""
"reference","man/dataframe__with_row_index.Rd",1,20,"pl","int_range","pl",103,TRUE,"offered",TRUE,FALSE,FALSE,""
"reference","man/dataframe__with_row_index.Rd",1,20,"pl","len","pl",103,TRUE,"offered",TRUE,FALSE,FALSE,""
"reference","man/dataframe__with_row_index.Rd",1,20,"pl","UInt32","pl",103,TRUE,"offered",TRUE,FALSE,FALSE,""
"reference","man/dataframe__write_csv.Rd",1,122,"as_polars_df(mtcars)","write_csv","polars_data_frame",89,TRUE,"offered",TRUE,FALSE,FALSE,""
"reference","man/dataframe__write_csv.Rd",1,122,"pl","read_csv","pl",103,TRUE,"offered",TRUE,FALSE,FALSE,""
"reference","man/dataframe__write_csv.Rd",1,122,"as_polars_df(mtcars)","write_csv","polars_data_frame",89,TRUE,"offered",TRUE,FALSE,FALSE,""
"reference","man/dataframe__write_csv.Rd",1,122,"pl","read_csv","pl",103,TRUE,"offered",TRUE,FALSE,FALSE,""
"reference","man/dataframe__write_ipc_stream.Rd",1,47,"as_polars_df(mtcars)","write_ipc_stream","polars_data_frame",89,TRUE,"offered",TRUE,FALSE,TRUE,""
"reference","man/dataframe__write_ipc.Rd",1,64,"as_polars_df(mtcars)","write_ipc","polars_data_frame",89,TRUE,"offered",TRUE,FALSE,FALSE,""
"reference","man/dataframe__write_ipc.Rd",1,64,"pl","read_ipc","pl",103,TRUE,"offered",TRUE,FALSE,FALSE,""
"reference","man/dataframe__write_json.Rd",1,18,"dat$select(pl$col(c(""drat"", ""mpg"")))","write_json","polars_data_frame",89,TRUE,"offered",TRUE,FALSE,TRUE,""
"reference","man/dataframe__write_json.Rd",1,18,"dat","select","polars_data_frame",89,TRUE,"offered",TRUE,FALSE,TRUE,""
"reference","man/dataframe__write_json.Rd",1,18,"pl","col","pl",103,TRUE,"offered",TRUE,FALSE,TRUE,""
"reference","man/dataframe__write_ndjson.Rd",1,38,"dat$select(pl$col(c(""drat"", ""mpg"")))","write_ndjson","polars_data_frame",89,TRUE,"offered",TRUE,FALSE,TRUE,""
"reference","man/dataframe__write_ndjson.Rd",1,38,"dat","select","polars_data_frame",89,TRUE,"offered",TRUE,FALSE,TRUE,""
"reference","man/dataframe__write_ndjson.Rd",1,38,"pl","col","pl",103,TRUE,"offered",TRUE,FALSE,TRUE,""
"reference","man/dataframe__write_parquet.Rd",1,99,"dat","write_parquet","polars_data_frame",89,TRUE,"offered",TRUE,FALSE,TRUE,""
"reference","man/dataframe__write_parquet.Rd",1,99,"dat","write_parquet","polars_data_frame",89,TRUE,"offered",TRUE,FALSE,TRUE,""
"reference","man/datatype_expr__default_value.Rd",1,77,"pl$UInt32","to_dtype_expr","polars_dtype",14,TRUE,"offered",TRUE,FALSE,FALSE,""
"reference","man/datatype_expr__default_value.Rd",1,77,"pl","UInt32","pl",103,TRUE,"offered",TRUE,FALSE,FALSE,""
"reference","man/datatype_expr__default_value.Rd",1,77,"pl$String","to_dtype_expr","polars_dtype",14,TRUE,"offered",TRUE,FALSE,FALSE,""
"reference","man/datatype_expr__default_value.Rd",1,77,"pl","String","pl",103,TRUE,"offered",TRUE,FALSE,FALSE,""
"reference","man/datatype_expr__default_value.Rd",1,77,"pl$Array(pl$Float64, 2)","to_dtype_expr","polars_dtype",14,TRUE,"offered",TRUE,FALSE,FALSE,""
"reference","man/datatype_expr__default_value.Rd",1,77,"pl","Array","pl",103,TRUE,"offered",TRUE,FALSE,FALSE,""
"reference","man/datatype_expr__default_value.Rd",1,77,"pl","Float64","pl",103,TRUE,"offered",TRUE,FALSE,FALSE,""
"reference","man/datatype_expr__default_value.Rd",1,77,"pl","select","pl",103,TRUE,"offered",TRUE,FALSE,FALSE,""
"reference","man/datatype_expr__default_value.Rd",1,77,"uint32","default_value","polars_datatype_expr",7,TRUE,"offered",TRUE,FALSE,FALSE,""
"reference","man/datatype_expr__default_value.Rd",1,77,"uint32","default_value","polars_datatype_expr",7,TRUE,"offered",TRUE,FALSE,FALSE,""
"reference","man/datatype_expr__default_value.Rd",1,77,"string","default_value","polars_datatype_expr",7,TRUE,"offered",TRUE,FALSE,FALSE,""
"reference","man/datatype_expr__default_value.Rd",1,77,"array","default_value","polars_datatype_expr",7,TRUE,"offered",TRUE,FALSE,FALSE,""
"reference","man/datatype_expr__default_value.Rd",1,77,"pl","select","pl",103,TRUE,"offered",TRUE,FALSE,FALSE,""
"reference","man/datatype_expr__default_value.Rd",1,77,"uint32","default_value","polars_datatype_expr",7,TRUE,"offered",TRUE,FALSE,FALSE,""
"reference","man/datatype_expr__default_value.Rd",1,77,"pl$List(pl$Float64)","to_dtype_expr","polars_dtype",14,TRUE,"offered",TRUE,FALSE,FALSE,""
"reference","man/datatype_expr__default_value.Rd",1,77,"pl","List","pl",103,TRUE,"offered",TRUE,FALSE,FALSE,""
"reference","man/datatype_expr__default_value.Rd",1,77,"pl","Float64","pl",103,TRUE,"offered",TRUE,FALSE,FALSE,""
"reference","man/datatype_expr__default_value.Rd",1,77,"pl","select","pl",103,TRUE,"offered",TRUE,FALSE,FALSE,""
"reference","man/datatype_expr__default_value.Rd",1,77,"l","default_value","polars_datatype_expr",7,TRUE,"offered",TRUE,FALSE,FALSE,""
"reference","man/datatype_expr__default_value.Rd",1,77,"l","default_value","polars_datatype_expr",7,TRUE,"offered",TRUE,FALSE,FALSE,""
"reference","man/datatype_expr__display.Rd",1,16,"pl","DataFrame","pl",103,TRUE,"offered",TRUE,FALSE,FALSE,""
"reference","man/datatype_expr__display.Rd",1,16,"df$select(x = pl$dtype_of(""x"")$display(), y = pl$dtype_of(""y"")$display(), z = pl$dtype_of(""z"")$display(), )","transpose","polars_data_frame",89,TRUE,"offered",TRUE,FALSE,FALSE,""
"reference","man/datatype_expr__display.Rd",1,16,"df","select","polars_data_frame",89,TRUE,"offered",TRUE,FALSE,FALSE,""
"reference","man/datatype_expr__display.Rd",1,16,"pl$dtype_of(""x"")","display","polars_datatype_expr",7,TRUE,"offered",TRUE,FALSE,FALSE,""
"reference","man/datatype_expr__display.Rd",1,16,"pl","dtype_of","pl",103,TRUE,"offered",TRUE,FALSE,FALSE,""
"reference","man/datatype_expr__display.Rd",1,16,"pl$dtype_of(""y"")","display","polars_datatype_expr",7,TRUE,"offered",TRUE,FALSE,FALSE,""
"reference","man/datatype_expr__display.Rd",1,16,"pl","dtype_of","pl",103,TRUE,"offered",TRUE,FALSE,FALSE,""
"reference","man/datatype_expr__display.Rd",1,16,"pl$dtype_of(""z"")","display","polars_datatype_expr",7,TRUE,"offered",TRUE,FALSE,FALSE,""
"reference","man/datatype_expr__display.Rd",1,16,"pl","dtype_of","pl",103,TRUE,"offered",TRUE,FALSE,FALSE,""
"reference","man/datatype_expr__inner_dtype.Rd",1,17,"pl","DataFrame","pl",103,TRUE,"offered",TRUE,FALSE,FALSE,""
"reference","man/datatype_expr__inner_dtype.Rd",1,17,"df","select","polars_data_frame",89,TRUE,"offered",TRUE,FALSE,FALSE,""
"reference","man/datatype_expr__inner_dtype.Rd",1,17,"pl$dtype_of(""a"")$inner_dtype()","display","polars_datatype_expr",7,TRUE,"offered",TRUE,FALSE,FALSE,""
"reference","man/datatype_expr__inner_dtype.Rd",1,17,"pl$dtype_of(""a"")","inner_dtype","polars_datatype_expr",7,TRUE,"offered",TRUE,FALSE,FALSE,""
"reference","man/datatype_expr__inner_dtype.Rd",1,17,"pl","dtype_of","pl",103,TRUE,"offered",TRUE,FALSE,FALSE,""
"reference","man/datatype_expr__inner_dtype.Rd",1,17,"pl$dtype_of(""b"")$inner_dtype()","display","polars_datatype_expr",7,TRUE,"offered",TRUE,FALSE,FALSE,""
"reference","man/datatype_expr__inner_dtype.Rd",1,17,"pl$dtype_of(""b"")","inner_dtype","polars_datatype_expr",7,TRUE,"offered",TRUE,FALSE,FALSE,""
"reference","man/datatype_expr__inner_dtype.Rd",1,17,"pl","dtype_of","pl",103,TRUE,"offered",TRUE,FALSE,FALSE,""
"reference","man/datatype_expr__inner_dtype.Rd",1,17,"pl$dtype_of(""c"")$inner_dtype()","display","polars_datatype_expr",7,TRUE,"offered",TRUE,FALSE,FALSE,""
"reference","man/datatype_expr__inner_dtype.Rd",1,17,"pl$dtype_of(""c"")","inner_dtype","polars_datatype_expr",7,TRUE,"offered",TRUE,FALSE,FALSE,""
"reference","man/datatype_expr__inner_dtype.Rd",1,17,"pl","dtype_of","pl",103,TRUE,"offered",TRUE,FALSE,FALSE,""
"reference","man/datatype_expr__matches.Rd",1,20,"pl","DataFrame","pl",103,TRUE,"offered",TRUE,FALSE,FALSE,""
"reference","man/datatype_expr__matches.Rd",1,20,"df","select","polars_data_frame",89,TRUE,"offered",TRUE,FALSE,FALSE,""
"reference","man/datatype_expr__matches.Rd",1,20,"pl$dtype_of(""a"")","matches","polars_datatype_expr",7,TRUE,"offered",TRUE,FALSE,FALSE,""
"reference","man/datatype_expr__matches.Rd",1,20,"pl","dtype_of","pl",103,TRUE,"offered",TRUE,FALSE,FALSE,""
"reference","man/datatype_expr__matches.Rd",1,20,"cs","string","cs",35,TRUE,"offered",TRUE,FALSE,FALSE,""
"reference","man/datatype_expr__matches.Rd",1,20,"pl$dtype_of(""a"")","matches","polars_datatype_expr",7,TRUE,"offered",TRUE,FALSE,FALSE,""
"reference","man/datatype_expr__matches.Rd",1,20,"pl","dtype_of","pl",103,TRUE,"offered",TRUE,FALSE,FALSE,""
"reference","man/datatype_expr__matches.Rd",1,20,"cs","integer","cs",35,TRUE,"offered",TRUE,FALSE,FALSE,""
"reference","man/datatype_expr__wrap_in_array.Rd",1,22,"pl","DataFrame","pl",103,TRUE,"offered",TRUE,FALSE,FALSE,""
"reference","man/datatype_expr__wrap_in_array.Rd",1,22,"df","select","polars_data_frame",89,TRUE,"offered",TRUE,FALSE,FALSE,""
"reference","man/datatype_expr__wrap_in_array.Rd",1,22,"pl$dtype_of(""a"")$wrap_in_array(width = 1)","display","polars_datatype_expr",7,TRUE,"offered",TRUE,FALSE,FALSE,""
"reference","man/datatype_expr__wrap_in_array.Rd",1,22,"pl$dtype_of(""a"")","wrap_in_array","polars_datatype_expr",7,TRUE,"offered",TRUE,FALSE,FALSE,""
"reference","man/datatype_expr__wrap_in_array.Rd",1,22,"pl","dtype_of","pl",103,TRUE,"offered",TRUE,FALSE,FALSE,""
"reference","man/datatype_expr__wrap_in_array.Rd",1,22,"pl$dtype_of(""b"")$wrap_in_array(width = 1)","display","polars_datatype_expr",7,TRUE,"offered",TRUE,FALSE,FALSE,""
"reference","man/datatype_expr__wrap_in_array.Rd",1,22,"pl$dtype_of(""b"")","wrap_in_array","polars_datatype_expr",7,TRUE,"offered",TRUE,FALSE,FALSE,""
"reference","man/datatype_expr__wrap_in_array.Rd",1,22,"pl","dtype_of","pl",103,TRUE,"offered",TRUE,FALSE,FALSE,""
"reference","man/datatype_expr__wrap_in_array.Rd",1,22,"pl$dtype_of(""c"")$wrap_in_array(width = 1)","display","polars_datatype_expr",7,TRUE,"offered",TRUE,FALSE,FALSE,""
"reference","man/datatype_expr__wrap_in_array.Rd",1,22,"pl$dtype_of(""c"")","wrap_in_array","polars_datatype_expr",7,TRUE,"offered",TRUE,FALSE,FALSE,""
"reference","man/datatype_expr__wrap_in_array.Rd",1,22,"pl","dtype_of","pl",103,TRUE,"offered",TRUE,FALSE,FALSE,""
"reference","man/datatype_expr__wrap_in_list.Rd",1,17,"pl","DataFrame","pl",103,TRUE,"offered",TRUE,FALSE,FALSE,""
"reference","man/datatype_expr__wrap_in_list.Rd",1,17,"df","select","polars_data_frame",89,TRUE,"offered",TRUE,FALSE,FALSE,""
"reference","man/datatype_expr__wrap_in_list.Rd",1,17,"pl$dtype_of(""a"")$wrap_in_list()","display","polars_datatype_expr",7,TRUE,"offered",TRUE,FALSE,FALSE,""
"reference","man/datatype_expr__wrap_in_list.Rd",1,17,"pl$dtype_of(""a"")","wrap_in_list","polars_datatype_expr",7,TRUE,"offered",TRUE,FALSE,FALSE,""
"reference","man/datatype_expr__wrap_in_list.Rd",1,17,"pl","dtype_of","pl",103,TRUE,"offered",TRUE,FALSE,FALSE,""
"reference","man/datatype_expr__wrap_in_list.Rd",1,17,"pl$dtype_of(""b"")$wrap_in_list()","display","polars_datatype_expr",7,TRUE,"offered",TRUE,FALSE,FALSE,""
"reference","man/datatype_expr__wrap_in_list.Rd",1,17,"pl$dtype_of(""b"")","wrap_in_list","polars_datatype_expr",7,TRUE,"offered",TRUE,FALSE,FALSE,""
"reference","man/datatype_expr__wrap_in_list.Rd",1,17,"pl","dtype_of","pl",103,TRUE,"offered",TRUE,FALSE,FALSE,""
"reference","man/datatype_expr__wrap_in_list.Rd",1,17,"pl$dtype_of(""c"")$wrap_in_list()","display","polars_datatype_expr",7,TRUE,"offered",TRUE,FALSE,FALSE,""
"reference","man/datatype_expr__wrap_in_list.Rd",1,17,"pl$dtype_of(""c"")","wrap_in_list","polars_datatype_expr",7,TRUE,"offered",TRUE,FALSE,FALSE,""
"reference","man/datatype_expr__wrap_in_list.Rd",1,17,"pl","dtype_of","pl",103,TRUE,"offered",TRUE,FALSE,FALSE,""
"reference","man/expr__abs.Rd",1,15,"pl","DataFrame","pl",103,TRUE,"offered",TRUE,FALSE,FALSE,""
"reference","man/expr__abs.Rd",1,15,"df","with_columns","polars_data_frame",89,TRUE,"offered",TRUE,FALSE,FALSE,""
"reference","man/expr__abs.Rd",1,15,"pl$col(""a"")","abs","polars_expr",212,TRUE,"offered",TRUE,FALSE,FALSE,""
"reference","man/expr__abs.Rd",1,15,"pl","col","pl",103,TRUE,"offered",TRUE,FALSE,FALSE,""
"reference","man/expr__add.Rd",1,19,"pl","DataFrame","pl",103,TRUE,"offered",TRUE,FALSE,FALSE,""
"reference","man/expr__add.Rd",1,19,"df","with_columns","polars_data_frame",89,TRUE,"offered",TRUE,FALSE,FALSE,""
"reference","man/expr__add.Rd",1,19,"pl$col(""x"")","add","polars_expr",212,TRUE,"offered",TRUE,FALSE,FALSE,""
"reference","man/expr__add.Rd",1,19,"pl","col","pl",103,TRUE,"offered",TRUE,FALSE,FALSE,""
"reference","man/expr__add.Rd",1,19,"pl$col(""x"")","add","polars_expr",212,TRUE,"offered",TRUE,FALSE,FALSE,""
"reference","man/expr__add.Rd",1,19,"pl","col","pl",103,TRUE,"offered",TRUE,FALSE,FALSE,""
"reference","man/expr__add.Rd",1,19,"pl$col(""x"")","cum_prod","polars_expr",212,TRUE,"offered",TRUE,FALSE,FALSE,""
"reference","man/expr__add.Rd",1,19,"pl","col","pl",103,TRUE,"offered",TRUE,FALSE,FALSE,""
"reference","man/expr__add.Rd",1,19,"pl","DataFrame","pl",103,TRUE,"offered",TRUE,FALSE,FALSE,""
"reference","man/expr__add.Rd",1,19,"df","with_columns","polars_data_frame",89,TRUE,"offered",TRUE,FALSE,FALSE,""
"reference","man/expr__add.Rd",1,19,"pl$col(""x"")$add(pl$col(""y""))$add(pl$col(""z""))","alias","polars_expr",212,TRUE,"offered",TRUE,FALSE,FALSE,""
"reference","man/expr__add.Rd",1,19,"pl$col(""x"")$add(pl$col(""y""))","add","polars_expr",212,TRUE,"offered",TRUE,FALSE,FALSE,""
"reference","man/expr__add.Rd",1,19,"pl$col(""x"")","add","polars_expr",212,TRUE,"offered",TRUE,FALSE,FALSE,""
"reference","man/expr__add.Rd",1,19,"pl","col","pl",103,TRUE,"offered",TRUE,FALSE,FALSE,""
"reference","man/expr__add.Rd",1,19,"pl","col","pl",103,TRUE,"offered",TRUE,FALSE,FALSE,""
"reference","man/expr__add.Rd",1,19,"pl","col","pl",103,TRUE,"offered",TRUE,FALSE,FALSE,""
"reference","man/expr__alias.Rd",1,18,"pl","DataFrame","pl",103,TRUE,"offered",TRUE,FALSE,FALSE,""
"reference","man/expr__alias.Rd",1,18,"df","with_columns","polars_data_frame",89,TRUE,"offered",TRUE,FALSE,FALSE,""
"reference","man/expr__alias.Rd",1,18,"pl","col","pl",103,TRUE,"offered",TRUE,FALSE,FALSE,""
"reference","man/expr__alias.Rd",1,18,"pl$col(""b"")$str$to_uppercase()","alias","polars_expr",212,TRUE,"offered",TRUE,FALSE,FALSE,""
"reference","man/expr__alias.Rd",1,18,"pl$col(""b"")$str","to_uppercase","polars_namespace_expr_str",48,TRUE,"offered",TRUE,FALSE,FALSE,""
"reference","man/expr__alias.Rd",1,18,"pl$col(""b"")","str","polars_expr",212,TRUE,"offered",TRUE,FALSE,FALSE,""
"reference","man/expr__alias.Rd",1,18,"pl","col","pl",103,TRUE,"offered",TRUE,FALSE,FALSE,""
"reference","man/expr__alias.Rd",1,18,"df","with_columns","polars_data_frame",89,TRUE,"offered",TRUE,FALSE,FALSE,""
"reference","man/expr__alias.Rd",1,18,"pl$lit(TRUE)","alias","polars_expr",212,TRUE,"offered",TRUE,FALSE,FALSE,""
"reference","man/expr__alias.Rd",1,18,"pl","lit","pl",103,TRUE,"offered",TRUE,FALSE,FALSE,""
"reference","man/expr__alias.Rd",1,18,"pl$lit(4)","alias","polars_expr",212,TRUE,"offered",TRUE,FALSE,FALSE,""
"reference","man/expr__alias.Rd",1,18,"pl","lit","pl",103,TRUE,"offered",TRUE,FALSE,FALSE,""
"reference","man/expr__all.Rd",1,24,"pl","DataFrame","pl",103,TRUE,"offered",TRUE,FALSE,FALSE,""
"reference","man/expr__all.Rd",1,24,"df","select","polars_data_frame",89,TRUE,"offered",TRUE,FALSE,FALSE,""
"reference","man/expr__all.Rd",1,24,"pl$col(""*"")","all","polars_expr",212,TRUE,"offered",TRUE,FALSE,FALSE,""
"reference","man/expr__all.Rd",1,24,"pl","col","pl",103,TRUE,"offered",TRUE,FALSE,FALSE,""
"reference","man/expr__all.Rd",1,24,"df","select","polars_data_frame",89,TRUE,"offered",TRUE,FALSE,FALSE,""
"reference","man/expr__all.Rd",1,24,"pl$col(""*"")","all","polars_expr",212,TRUE,"offered",TRUE,FALSE,FALSE,""
"reference","man/expr__all.Rd",1,24,"pl","col","pl",103,TRUE,"offered",TRUE,FALSE,FALSE,""
"reference","man/expr__and.Rd",1,19,"pl","DataFrame","pl",103,TRUE,"offered",TRUE,FALSE,FALSE,""
"reference","man/expr__and.Rd",1,19,"df","with_columns","polars_data_frame",89,TRUE,"offered",TRUE,FALSE,FALSE,""
"reference","man/expr__and.Rd",1,19,"(pl$col(""x"") >= pl$col(""z""))$and(pl$col(""y"") >= pl$col(""z""), pl$col(""y"") == pl$col(""y""), pl$col(""z"") <= pl$col(""x""), pl$col(""y"") != pl$col(""x""), )","alias","polars_expr",212,TRUE,"offered",TRUE,FALSE,FALSE,""
"reference","man/expr__and.Rd",1,19,"(pl$col(""x"") >= pl$col(""z""))","and","polars_expr",212,TRUE,"offered",TRUE,FALSE,FALSE,""
"reference","man/expr__and.Rd",1,19,"pl","col","pl",103,TRUE,"offered",TRUE,FALSE,FALSE,""
"reference","man/expr__and.Rd",1,19,"pl","col","pl",103,TRUE,"offered",TRUE,FALSE,FALSE,""
"reference","man/expr__and.Rd",1,19,"pl","col","pl",103,TRUE,"offered",TRUE,FALSE,FALSE,""
"reference","man/expr__and.Rd",1,19,"pl","col","pl",103,TRUE,"offered",TRUE,FALSE,FALSE,""
"reference","man/expr__and.Rd",1,19,"pl","col","pl",103,TRUE,"offered",TRUE,FALSE,FALSE,""
"reference","man/expr__and.Rd",1,19,"pl","col","pl",103,TRUE,"offered",TRUE,FALSE,FALSE,""
"reference","man/expr__and.Rd",1,19,"pl","col","pl",103,TRUE,"offered",TRUE,FALSE,FALSE,""
"reference","man/expr__and.Rd",1,19,"pl","col","pl",103,TRUE,"offered",TRUE,FALSE,FALSE,""
"reference","man/expr__and.Rd",1,19,"pl","col","pl",103,TRUE,"offered",TRUE,FALSE,FALSE,""
"reference","man/expr__and.Rd",1,19,"pl","col","pl",103,TRUE,"offered",TRUE,FALSE,FALSE,""
"reference","man/expr__any.Rd",1,23,"pl","DataFrame","pl",103,TRUE,"offered",TRUE,FALSE,FALSE,""
"reference","man/expr__any.Rd",1,23,"df","select","polars_data_frame",89,TRUE,"offered",TRUE,FALSE,FALSE,""
"reference","man/expr__any.Rd",1,23,"pl$col(""*"")","any","polars_expr",212,TRUE,"offered",TRUE,FALSE,FALSE,""
"reference","man/expr__any.Rd",1,23,"pl","col","pl",103,TRUE,"offered",TRUE,FALSE,FALSE,""
"reference","man/expr__any.Rd",1,23,"df","select","polars_data_frame",89,TRUE,"offered",TRUE,FALSE,FALSE,""
"reference","man/expr__any.Rd",1,23,"pl$col(""*"")","any","polars_expr",212,TRUE,"offered",TRUE,FALSE,FALSE,""
"reference","man/expr__any.Rd",1,23,"pl","col","pl",103,TRUE,"offered",TRUE,FALSE,FALSE,""
"reference","man/expr__append.Rd",1,22,"pl","DataFrame","pl",103,TRUE,"offered",TRUE,FALSE,FALSE,""
"reference","man/expr__append.Rd",1,22,"df","select","polars_data_frame",89,TRUE,"offered",TRUE,FALSE,FALSE,""
"reference","man/expr__append.Rd",1,22,"pl$all()$head(1)","append","polars_expr",212,TRUE,"offered",TRUE,FALSE,FALSE,""
"reference","man/expr__append.Rd",1,22,"pl$all()","head","polars_expr",212,TRUE,"offered",TRUE,FALSE,FALSE,""
"reference","man/expr__append.Rd",1,22,"pl","all","pl",103,TRUE,"offered",TRUE,FALSE,FALSE,""
"reference","man/expr__append.Rd",1,22,"pl$all()","tail","polars_expr",212,TRUE,"offered",TRUE,FALSE,FALSE,""
"reference","man/expr__append.Rd",1,22,"pl","all","pl",103,TRUE,"offered",TRUE,FALSE,FALSE,""
"reference","man/expr__approx_n_unique.Rd",1,15,"pl","DataFrame","pl",103,TRUE,"offered",TRUE,FALSE,FALSE,""
"reference","man/expr__approx_n_unique.Rd",1,15,"df","select","polars_data_frame",89,TRUE,"offered",TRUE,FALSE,FALSE,""
"reference","man/expr__approx_n_unique.Rd",1,15,"pl$col(""n"")","approx_n_unique","polars_expr",212,TRUE,"offered",TRUE,FALSE,FALSE,""
"reference","man/expr__approx_n_unique.Rd",1,15,"pl","col","pl",103,TRUE,"offered",TRUE,FALSE,FALSE,""
"reference","man/expr__approx_n_unique.Rd",1,15,"pl","DataFrame","pl",103,TRUE,"offered",TRUE,FALSE,FALSE,""
"reference","man/expr__approx_n_unique.Rd",1,15,"df","select","polars_data_frame",89,TRUE,"offered",TRUE,FALSE,FALSE,""
"reference","man/expr__approx_n_unique.Rd",1,15,"pl$col(""n"")","n_unique","polars_expr",212,TRUE,"offered",TRUE,FALSE,FALSE,""
"reference","man/expr__approx_n_unique.Rd",1,15,"pl","col","pl",103,TRUE,"offered",TRUE,FALSE,FALSE,""
"reference","man/expr__approx_n_unique.Rd",1,15,"pl$col(""n"")","approx_n_unique","polars_expr",212,TRUE,"offered",TRUE,FALSE,FALSE,""
"reference","man/expr__approx_n_unique.Rd",1,15,"pl","col","pl",103,TRUE,"offered",TRUE,FALSE,FALSE,""
"reference","man/expr__arccos.Rd",1,15,"pl$DataFrame(a = c(-1, cos(0.5), 0, 1, NA))","with_columns","polars_data_frame",89,TRUE,"offered",TRUE,FALSE,FALSE,""
"reference","man/expr__arccos.Rd",1,15,"pl","DataFrame","pl",103,TRUE,"offered",TRUE,FALSE,FALSE,""
"reference","man/expr__arccos.Rd",1,15,"pl$col(""a"")","arccos","polars_expr",212,TRUE,"offered",TRUE,FALSE,FALSE,""
"reference","man/expr__arccos.Rd",1,15,"pl","col","pl",103,TRUE,"offered",TRUE,FALSE,FALSE,""
"reference","man/expr__arccosh.Rd",1,15,"pl$DataFrame(a = c(-1, cosh(0.5), 0, 1, NA))","with_columns","polars_data_frame",89,TRUE,"offered",TRUE,FALSE,FALSE,""
"reference","man/expr__arccosh.Rd",1,15,"pl","DataFrame","pl",103,TRUE,"offered",TRUE,FALSE,FALSE,""
"reference","man/expr__arccosh.Rd",1,15,"pl$col(""a"")","arccosh","polars_expr",212,TRUE,"offered",TRUE,FALSE,FALSE,""
"reference","man/expr__arccosh.Rd",1,15,"pl","col","pl",103,TRUE,"offered",TRUE,FALSE,FALSE,""
"reference","man/expr__arcsin.Rd",1,15,"pl$DataFrame(a = c(-1, sin(0.5), 0, 1, NA))","with_columns","polars_data_frame",89,TRUE,"offered",TRUE,FALSE,FALSE,""
"reference","man/expr__arcsin.Rd",1,15,"pl","DataFrame","pl",103,TRUE,"offered",TRUE,FALSE,FALSE,""
"reference","man/expr__arcsin.Rd",1,15,"pl$col(""a"")","arcsin","polars_expr",212,TRUE,"offered",TRUE,FALSE,FALSE,""
"reference","man/expr__arcsin.Rd",1,15,"pl","col","pl",103,TRUE,"offered",TRUE,FALSE,FALSE,""
"reference","man/expr__arcsinh.Rd",1,15,"pl$DataFrame(a = c(-1, sinh(0.5), 0, 1, NA))","with_columns","polars_data_frame",89,TRUE,"offered",TRUE,FALSE,FALSE,""
"reference","man/expr__arcsinh.Rd",1,15,"pl","DataFrame","pl",103,TRUE,"offered",TRUE,FALSE,FALSE,""
"reference","man/expr__arcsinh.Rd",1,15,"pl$col(""a"")","arcsinh","polars_expr",212,TRUE,"offered",TRUE,FALSE,FALSE,""
"reference","man/expr__arcsinh.Rd",1,15,"pl","col","pl",103,TRUE,"offered",TRUE,FALSE,FALSE,""
"reference","man/expr__arctan.Rd",1,15,"pl$DataFrame(a = c(-1, tan(0.5), 0, 1, NA_real_))","with_columns","polars_data_frame",89,TRUE,"offered",TRUE,FALSE,FALSE,""
"reference","man/expr__arctan.Rd",1,15,"pl","DataFrame","pl",103,TRUE,"offered",TRUE,FALSE,FALSE,""
"reference","man/expr__arctan.Rd",1,15,"pl$col(""a"")","arctan","polars_expr",212,TRUE,"offered",TRUE,FALSE,FALSE,""
"reference","man/expr__arctan.Rd",1,15,"pl","col","pl",103,TRUE,"offered",TRUE,FALSE,FALSE,""
"reference","man/expr__arctanh.Rd",1,15,"pl$DataFrame(a = c(-1, tanh(0.5), 0, 1, NA))","with_columns","polars_data_frame",89,TRUE,"offered",TRUE,FALSE,FALSE,""
"reference","man/expr__arctanh.Rd",1,15,"pl","DataFrame","pl",103,TRUE,"offered",TRUE,FALSE,FALSE,""
"reference","man/expr__arctanh.Rd",1,15,"pl$col(""a"")","arctanh","polars_expr",212,TRUE,"offered",TRUE,FALSE,FALSE,""
"reference","man/expr__arctanh.Rd",1,15,"pl","col","pl",103,TRUE,"offered",TRUE,FALSE,FALSE,""
"reference","man/expr__arg_max.Rd",1,15,"pl","DataFrame","pl",103,TRUE,"offered",TRUE,FALSE,FALSE,""
"reference","man/expr__arg_max.Rd",1,15,"df","select","polars_data_frame",89,TRUE,"offered",TRUE,FALSE,FALSE,""
"reference","man/expr__arg_max.Rd",1,15,"pl$col(""a"")","arg_max","polars_expr",212,TRUE,"offered",TRUE,FALSE,FALSE,""
"reference","man/expr__arg_max.Rd",1,15,"pl","col","pl",103,TRUE,"offered",TRUE,FALSE,FALSE,""
"reference","man/expr__arg_min.Rd",1,15,"pl","DataFrame","pl",103,TRUE,"offered",TRUE,FALSE,FALSE,""
"reference","man/expr__arg_min.Rd",1,15,"df","select","polars_data_frame",89,TRUE,"offered",TRUE,FALSE,FALSE,""
"reference","man/expr__arg_min.Rd",1,15,"pl$col(""a"")","arg_min","polars_expr",212,TRUE,"offered",TRUE,FALSE,FALSE,""
"reference","man/expr__arg_min.Rd",1,15,"pl","col","pl",103,TRUE,"offered",TRUE,FALSE,FALSE,""
"reference","man/expr__arg_sort.Rd",1,22,"pl$DataFrame(a = c(6, 1, 0, NA, Inf, NaN))","with_columns","polars_data_frame",89,TRUE,"offered",TRUE,FALSE,FALSE,""
"reference","man/expr__arg_sort.Rd",1,22,"pl","DataFrame","pl",103,TRUE,"offered",TRUE,FALSE,FALSE,""
"reference","man/expr__arg_sort.Rd",1,22,"pl$col(""a"")","arg_sort","polars_expr",212,TRUE,"offered",TRUE,FALSE,FALSE,""
"reference","man/expr__arg_sort.Rd",1,22,"pl","col","pl",103,TRUE,"offered",TRUE,FALSE,FALSE,""
"reference","man/expr__arg_true.Rd",1,15,"pl","DataFrame","pl",103,TRUE,"offered",TRUE,FALSE,FALSE,""
"reference","man/expr__arg_true.Rd",1,15,"df","select","polars_data_frame",89,TRUE,"offered",TRUE,FALSE,FALSE,""
"reference","man/expr__arg_true.Rd",1,15,"(pl$col(""a"") == 1)","arg_true","polars_expr",212,TRUE,"offered",TRUE,FALSE,FALSE,""
"reference","man/expr__arg_true.Rd",1,15,"pl","col","pl",103,TRUE,"offered",TRUE,FALSE,FALSE,""
"reference","man/expr__arg_unique.Rd",1,15,"pl","DataFrame","pl",103,TRUE,"offered",TRUE,FALSE,FALSE,""
"reference","man/expr__arg_unique.Rd",1,15,"df","select","polars_data_frame",89,TRUE,"offered",TRUE,FALSE,FALSE,""
"reference","man/expr__arg_unique.Rd",1,15,"pl$col(""a"")","arg_unique","polars_expr",212,TRUE,"offered",TRUE,FALSE,FALSE,""
"reference","man/expr__arg_unique.Rd",1,15,"pl","col","pl",103,TRUE,"offered",TRUE,FALSE,FALSE,""
"reference","man/expr__arg_unique.Rd",1,15,"df","select","polars_data_frame",89,TRUE,"offered",TRUE,FALSE,FALSE,""
"reference","man/expr__arg_unique.Rd",1,15,"pl$col(""b"")","arg_unique","polars_expr",212,TRUE,"offered",TRUE,FALSE,FALSE,""
"reference","man/expr__arg_unique.Rd",1,15,"pl","col","pl",103,TRUE,"offered",TRUE,FALSE,FALSE,""
"reference","man/expr__backward_fill.Rd",1,19,"pl","DataFrame","pl",103,TRUE,"offered",TRUE,FALSE,FALSE,""
"reference","man/expr__backward_fill.Rd",1,19,"df","select","polars_data_frame",89,TRUE,"offered",TRUE,FALSE,FALSE,""
"reference","man/expr__backward_fill.Rd",1,19,"pl$all()","backward_fill","polars_expr",212,TRUE,"offered",TRUE,FALSE,FALSE,""
"reference","man/expr__backward_fill.Rd",1,19,"pl","all","pl",103,TRUE,"offered",TRUE,FALSE,FALSE,""
"reference","man/expr__backward_fill.Rd",1,19,"df","select","polars_data_frame",89,TRUE,"offered",TRUE,FALSE,FALSE,""
"reference","man/expr__backward_fill.Rd",1,19,"pl$all()","backward_fill","polars_expr",212,TRUE,"offered",TRUE,FALSE,FALSE,""
"reference","man/expr__backward_fill.Rd",1,19,"pl","all","pl",103,TRUE,"offered",TRUE,FALSE,FALSE,""
"reference","man/expr__bin_intervals.Rd",1,39,"pl","DataFrame","pl",103,TRUE,"offered",TRUE,FALSE,FALSE,""
"reference","man/expr__bin_intervals.Rd",1,39,"df","select","polars_data_frame",89,TRUE,"offered",TRUE,FALSE,FALSE,""
"reference","man/expr__bin_intervals.Rd",1,39,"pl$col(""foo"")","bin_intervals","polars_expr",212,TRUE,"offered",TRUE,FALSE,FALSE,""
"reference","man/expr__bin_intervals.Rd",1,39,"pl","col","pl",103,TRUE,"offered",TRUE,FALSE,FALSE,""
"reference","man/expr__bin_intervals.Rd",1,39,"df","select","polars_data_frame",89,TRUE,"offered",TRUE,FALSE,FALSE,""
"reference","man/expr__bin_intervals.Rd",1,39,"pl$col(""foo"")","bin_intervals","polars_expr",212,TRUE,"offered",TRUE,FALSE,FALSE,""
"reference","man/expr__bin_intervals.Rd",1,39,"pl","col","pl",103,TRUE,"offered",TRUE,FALSE,FALSE,""
"reference","man/expr__bin_intervals.Rd",1,39,"df","select","polars_data_frame",89,TRUE,"offered",TRUE,FALSE,FALSE,""
"reference","man/expr__bin_intervals.Rd",1,39,"pl$col(""foo"")","bin_intervals","polars_expr",212,TRUE,"offered",TRUE,FALSE,FALSE,""
"reference","man/expr__bin_intervals.Rd",1,39,"pl","col","pl",103,TRUE,"offered",TRUE,FALSE,FALSE,""
"reference","man/expr__bin_quantiles.Rd",1,39,"pl","DataFrame","pl",103,TRUE,"offered",TRUE,FALSE,FALSE,""
"reference","man/expr__bin_quantiles.Rd",1,39,"df","select","polars_data_frame",89,TRUE,"offered",TRUE,FALSE,FALSE,""
"reference","man/expr__bin_quantiles.Rd",1,39,"pl$col(""foo"")","bin_quantiles","polars_expr",212,TRUE,"offered",TRUE,FALSE,FALSE,""
"reference","man/expr__bin_quantiles.Rd",1,39,"pl","col","pl",103,TRUE,"offered",TRUE,FALSE,FALSE,""
"reference","man/expr__bin_quantiles.Rd",1,39,"df","select","polars_data_frame",89,TRUE,"offered",TRUE,FALSE,FALSE,""
"reference","man/expr__bin_quantiles.Rd",1,39,"pl$col(""foo"")","bin_quantiles","polars_expr",212,TRUE,"offered",TRUE,FALSE,FALSE,""
"reference","man/expr__bin_quantiles.Rd",1,39,"pl","col","pl",103,TRUE,"offered",TRUE,FALSE,FALSE,""
"reference","man/expr__bin_ranks.Rd",1,35,"pl","DataFrame","pl",103,TRUE,"offered",TRUE,FALSE,FALSE,""
"reference","man/expr__bin_ranks.Rd",1,35,"df","select","polars_data_frame",89,TRUE,"offered",TRUE,FALSE,FALSE,""
"reference","man/expr__bin_ranks.Rd",1,35,"pl$col(""foo"")","bin_ranks","polars_expr",212,TRUE,"offered",TRUE,FALSE,FALSE,""
"reference","man/expr__bin_ranks.Rd",1,35,"pl","col","pl",103,TRUE,"offered",TRUE,FALSE,FALSE,""
"reference","man/expr__bin_ranks.Rd",1,35,"df","select","polars_data_frame",89,TRUE,"offered",TRUE,FALSE,FALSE,""
"reference","man/expr__bin_ranks.Rd",1,35,"pl$col(""foo"")","bin_ranks","polars_expr",212,TRUE,"offered",TRUE,FALSE,FALSE,""
"reference","man/expr__bin_ranks.Rd",1,35,"pl","col","pl",103,TRUE,"offered",TRUE,FALSE,FALSE,""
"reference","man/expr__bitwise_and.Rd",1,15,"pl","DataFrame","pl",103,TRUE,"offered",TRUE,FALSE,FALSE,""
"reference","man/expr__bitwise_and.Rd",1,15,"df","select","polars_data_frame",89,TRUE,"offered",TRUE,FALSE,FALSE,""
"reference","man/expr__bitwise_and.Rd",1,15,"pl$col(""n"")","bitwise_and","polars_expr",212,TRUE,"offered",TRUE,FALSE,FALSE,""
"reference","man/expr__bitwise_and.Rd",1,15,"pl","col","pl",103,TRUE,"offered",TRUE,FALSE,FALSE,""
"reference","man/expr__bitwise_and.Rd",1,15,"pl","DataFrame","pl",103,TRUE,"offered",TRUE,FALSE,FALSE,""
"reference","man/expr__bitwise_and.Rd",1,15,"df$group_by(""grouper"", .maintain_order = TRUE)","agg","polars_group_by",16,TRUE,"offered",TRUE,FALSE,FALSE,""
"reference","man/expr__bitwise_and.Rd",1,15,"df","group_by","polars_data_frame",89,TRUE,"offered",TRUE,FALSE,FALSE,""
"reference","man/expr__bitwise_and.Rd",1,15,"pl$col(""n"")","bitwise_and","polars_expr",212,TRUE,"offered",TRUE,FALSE,FALSE,""
"reference","man/expr__bitwise_and.Rd",1,15,"pl","col","pl",103,TRUE,"offered",TRUE,FALSE,FALSE,""
"reference","man/expr__bitwise_count_ones.Rd",1,15,"pl","DataFrame","pl",103,TRUE,"offered",TRUE,FALSE,FALSE,""
"reference","man/expr__bitwise_count_ones.Rd",1,15,"df","with_columns","polars_data_frame",89,TRUE,"offered",TRUE,FALSE,FALSE,""
"reference","man/expr__bitwise_count_ones.Rd",1,15,"pl$col(""n"")","bitwise_count_ones","polars_expr",212,TRUE,"offered",TRUE,FALSE,FALSE,""
"reference","man/expr__bitwise_count_ones.Rd",1,15,"pl","col","pl",103,TRUE,"offered",TRUE,FALSE,FALSE,""
"reference","man/expr__bitwise_count_zeros.Rd",1,15,"pl","DataFrame","pl",103,TRUE,"offered",TRUE,FALSE,FALSE,""
"reference","man/expr__bitwise_count_zeros.Rd",1,15,"df","with_columns","polars_data_frame",89,TRUE,"offered",TRUE,FALSE,FALSE,""
"reference","man/expr__bitwise_count_zeros.Rd",1,15,"pl$col(""n"")","bitwise_count_zeros","polars_expr",212,TRUE,"offered",TRUE,FALSE,FALSE,""
"reference","man/expr__bitwise_count_zeros.Rd",1,15,"pl","col","pl",103,TRUE,"offered",TRUE,FALSE,FALSE,""
"reference","man/expr__bitwise_leading_ones.Rd",1,15,"pl","DataFrame","pl",103,TRUE,"offered",TRUE,FALSE,FALSE,""
"reference","man/expr__bitwise_leading_ones.Rd",1,15,"df","with_columns","polars_data_frame",89,TRUE,"offered",TRUE,FALSE,FALSE,""
"reference","man/expr__bitwise_leading_ones.Rd",1,15,"pl$col(""n"")","bitwise_leading_ones","polars_expr",212,TRUE,"offered",TRUE,FALSE,FALSE,""
"reference","man/expr__bitwise_leading_ones.Rd",1,15,"pl","col","pl",103,TRUE,"offered",TRUE,FALSE,FALSE,""
"reference","man/expr__bitwise_leading_zeros.Rd",1,15,"pl","DataFrame","pl",103,TRUE,"offered",TRUE,FALSE,FALSE,""
"reference","man/expr__bitwise_leading_zeros.Rd",1,15,"df","with_columns","polars_data_frame",89,TRUE,"offered",TRUE,FALSE,FALSE,""
"reference","man/expr__bitwise_leading_zeros.Rd",1,15,"pl$col(""n"")","bitwise_leading_zeros","polars_expr",212,TRUE,"offered",TRUE,FALSE,FALSE,""
"reference","man/expr__bitwise_leading_zeros.Rd",1,15,"pl","col","pl",103,TRUE,"offered",TRUE,FALSE,FALSE,""
"reference","man/expr__bitwise_or.Rd",1,15,"pl","DataFrame","pl",103,TRUE,"offered",TRUE,FALSE,FALSE,""
"reference","man/expr__bitwise_or.Rd",1,15,"df","select","polars_data_frame",89,TRUE,"offered",TRUE,FALSE,FALSE,""
"reference","man/expr__bitwise_or.Rd",1,15,"pl$col(""n"")","bitwise_or","polars_expr",212,TRUE,"offered",TRUE,FALSE,FALSE,""
"reference","man/expr__bitwise_or.Rd",1,15,"pl","col","pl",103,TRUE,"offered",TRUE,FALSE,FALSE,""
"reference","man/expr__bitwise_or.Rd",1,15,"pl","DataFrame","pl",103,TRUE,"offered",TRUE,FALSE,FALSE,""
"reference","man/expr__bitwise_or.Rd",1,15,"df$group_by(""grouper"", .maintain_order = TRUE)","agg","polars_group_by",16,TRUE,"offered",TRUE,FALSE,FALSE,""
"reference","man/expr__bitwise_or.Rd",1,15,"df","group_by","polars_data_frame",89,TRUE,"offered",TRUE,FALSE,FALSE,""
"reference","man/expr__bitwise_or.Rd",1,15,"pl$col(""n"")","bitwise_or","polars_expr",212,TRUE,"offered",TRUE,FALSE,FALSE,""
"reference","man/expr__bitwise_or.Rd",1,15,"pl","col","pl",103,TRUE,"offered",TRUE,FALSE,FALSE,""
"reference","man/expr__bitwise_trailing_ones.Rd",1,15,"pl","DataFrame","pl",103,TRUE,"offered",TRUE,FALSE,FALSE,""
"reference","man/expr__bitwise_trailing_ones.Rd",1,15,"df","with_columns","polars_data_frame",89,TRUE,"offered",TRUE,FALSE,FALSE,""
"reference","man/expr__bitwise_trailing_ones.Rd",1,15,"pl$col(""n"")","bitwise_trailing_ones","polars_expr",212,TRUE,"offered",TRUE,FALSE,FALSE,""
"reference","man/expr__bitwise_trailing_ones.Rd",1,15,"pl","col","pl",103,TRUE,"offered",TRUE,FALSE,FALSE,""
"reference","man/expr__bitwise_trailing_zeros.Rd",1,15,"pl","DataFrame","pl",103,TRUE,"offered",TRUE,FALSE,FALSE,""
"reference","man/expr__bitwise_trailing_zeros.Rd",1,15,"df","with_columns","polars_data_frame",89,TRUE,"offered",TRUE,FALSE,FALSE,""
"reference","man/expr__bitwise_trailing_zeros.Rd",1,15,"pl$col(""n"")","bitwise_trailing_zeros","polars_expr",212,TRUE,"offered",TRUE,FALSE,FALSE,""
"reference","man/expr__bitwise_trailing_zeros.Rd",1,15,"pl","col","pl",103,TRUE,"offered",TRUE,FALSE,FALSE,""
"reference","man/expr__bitwise_xor.Rd",1,15,"pl","DataFrame","pl",103,TRUE,"offered",TRUE,FALSE,FALSE,""
"reference","man/expr__bitwise_xor.Rd",1,15,"df","select","polars_data_frame",89,TRUE,"offered",TRUE,FALSE,FALSE,""
"reference","man/expr__bitwise_xor.Rd",1,15,"pl$col(""n"")","bitwise_xor","polars_expr",212,TRUE,"offered",TRUE,FALSE,FALSE,""
"reference","man/expr__bitwise_xor.Rd",1,15,"pl","col","pl",103,TRUE,"offered",TRUE,FALSE,FALSE,""
"reference","man/expr__bitwise_xor.Rd",1,15,"pl","DataFrame","pl",103,TRUE,"offered",TRUE,FALSE,FALSE,""
"reference","man/expr__bitwise_xor.Rd",1,15,"df$group_by(""grouper"", .maintain_order = TRUE)","agg","polars_group_by",16,TRUE,"offered",TRUE,FALSE,FALSE,""
"reference","man/expr__bitwise_xor.Rd",1,15,"df","group_by","polars_data_frame",89,TRUE,"offered",TRUE,FALSE,FALSE,""
"reference","man/expr__bitwise_xor.Rd",1,15,"pl$col(""n"")","bitwise_xor","polars_expr",212,TRUE,"offered",TRUE,FALSE,FALSE,""
"reference","man/expr__bitwise_xor.Rd",1,15,"pl","col","pl",103,TRUE,"offered",TRUE,FALSE,FALSE,""
"reference","man/expr__bottom_k_by.Rd",1,31,"pl","DataFrame","pl",103,TRUE,"offered",TRUE,FALSE,FALSE,""
"reference","man/expr__bottom_k_by.Rd",1,31,"df","select","polars_data_frame",89,TRUE,"offered",TRUE,FALSE,FALSE,""
"reference","man/expr__bottom_k_by.Rd",1,31,"pl$all()$bottom_k_by(""a"", 2)$name","suffix","polars_namespace_expr_name",9,TRUE,"offered",TRUE,FALSE,FALSE,""
"reference","man/expr__bottom_k_by.Rd",1,31,"pl$all()$bottom_k_by(""a"", 2)","name","polars_expr",212,TRUE,"offered",TRUE,FALSE,FALSE,""
"reference","man/expr__bottom_k_by.Rd",1,31,"pl$all()","bottom_k_by","polars_expr",212,TRUE,"offered",TRUE,FALSE,FALSE,""
"reference","man/expr__bottom_k_by.Rd",1,31,"pl","all","pl",103,TRUE,"offered",TRUE,FALSE,FALSE,""
"reference","man/expr__bottom_k_by.Rd",1,31,"pl$all()$bottom_k_by(""b"", 2)$name","suffix","polars_namespace_expr_name",9,TRUE,"offered",TRUE,FALSE,FALSE,""
"reference","man/expr__bottom_k_by.Rd",1,31,"pl$all()$bottom_k_by(""b"", 2)","name","polars_expr",212,TRUE,"offered",TRUE,FALSE,FALSE,""
"reference","man/expr__bottom_k_by.Rd",1,31,"pl$all()","bottom_k_by","polars_expr",212,TRUE,"offered",TRUE,FALSE,FALSE,""
"reference","man/expr__bottom_k_by.Rd",1,31,"pl","all","pl",103,TRUE,"offered",TRUE,FALSE,FALSE,""
"reference","man/expr__bottom_k_by.Rd",1,31,"df","select","polars_data_frame",89,TRUE,"offered",TRUE,FALSE,FALSE,""
"reference","man/expr__bottom_k_by.Rd",1,31,"pl$all()$bottom_k_by(c(""c"", ""a""), 2, reverse = c(FALSE, TRUE))$name","suffix","polars_namespace_expr_name",9,TRUE,"offered",TRUE,FALSE,FALSE,""
"reference","man/expr__bottom_k_by.Rd",1,31,"pl$all()$bottom_k_by(c(""c"", ""a""), 2, reverse = c(FALSE, TRUE))","name","polars_expr",212,TRUE,"offered",TRUE,FALSE,FALSE,""
"reference","man/expr__bottom_k_by.Rd",1,31,"pl$all()","bottom_k_by","polars_expr",212,TRUE,"offered",TRUE,FALSE,FALSE,""
"reference","man/expr__bottom_k_by.Rd",1,31,"pl","all","pl",103,TRUE,"offered",TRUE,FALSE,FALSE,""
"reference","man/expr__bottom_k_by.Rd",1,31,"pl$all()$bottom_k_by(c(""c"", ""b""), 2, reverse = c(FALSE, TRUE))$name","suffix","polars_namespace_expr_name",9,TRUE,"offered",TRUE,FALSE,FALSE,""
"reference","man/expr__bottom_k_by.Rd",1,31,"pl$all()$bottom_k_by(c(""c"", ""b""), 2, reverse = c(FALSE, TRUE))","name","polars_expr",212,TRUE,"offered",TRUE,FALSE,FALSE,""
"reference","man/expr__bottom_k_by.Rd",1,31,"pl$all()","bottom_k_by","polars_expr",212,TRUE,"offered",TRUE,FALSE,FALSE,""
"reference","man/expr__bottom_k_by.Rd",1,31,"pl","all","pl",103,TRUE,"offered",TRUE,FALSE,FALSE,""
"reference","man/expr__bottom_k_by.Rd",1,31,"df$group_by(""c"", .maintain_order = TRUE)$agg(pl$all()$bottom_k_by(""a"", 2))","explode","polars_data_frame",89,TRUE,"offered",TRUE,FALSE,FALSE,""
"reference","man/expr__bottom_k_by.Rd",1,31,"df$group_by(""c"", .maintain_order = TRUE)","agg","polars_group_by",16,TRUE,"offered",TRUE,FALSE,FALSE,""
"reference","man/expr__bottom_k_by.Rd",1,31,"df","group_by","polars_data_frame",89,TRUE,"offered",TRUE,FALSE,FALSE,""
"reference","man/expr__bottom_k_by.Rd",1,31,"pl$all()","bottom_k_by","polars_expr",212,TRUE,"offered",TRUE,FALSE,FALSE,""
"reference","man/expr__bottom_k_by.Rd",1,31,"pl","all","pl",103,TRUE,"offered",TRUE,FALSE,FALSE,""
"reference","man/expr__bottom_k_by.Rd",1,31,"pl$all()","exclude","polars_expr",212,TRUE,"offered",TRUE,FALSE,FALSE,""
"reference","man/expr__bottom_k_by.Rd",1,31,"pl","all","pl",103,TRUE,"offered",TRUE,FALSE,FALSE,""
"reference","man/expr__bottom_k.Rd",1,21,"pl","DataFrame","pl",103,TRUE,"offered",TRUE,FALSE,FALSE,""
"reference","man/expr__bottom_k.Rd",1,21,"df","select","polars_data_frame",89,TRUE,"offered",TRUE,FALSE,FALSE,""
"reference","man/expr__bottom_k.Rd",1,21,"pl$col(""value"")","top_k","polars_expr",212,TRUE,"offered",TRUE,FALSE,FALSE,""
"reference","man/expr__bottom_k.Rd",1,21,"pl","col","pl",103,TRUE,"offered",TRUE,FALSE,FALSE,""
"reference","man/expr__bottom_k.Rd",1,21,"pl$col(""value"")","bottom_k","polars_expr",212,TRUE,"offered",TRUE,FALSE,FALSE,""
"reference","man/expr__bottom_k.Rd",1,21,"pl","col","pl",103,TRUE,"offered",TRUE,FALSE,FALSE,""
"reference","man/expr__cast.Rd",1,27,"pl","DataFrame","pl",103,TRUE,"offered",TRUE,FALSE,FALSE,""
"reference","man/expr__cast.Rd",1,27,"df","with_columns","polars_data_frame",89,TRUE,"offered",TRUE,FALSE,FALSE,""
"reference","man/expr__cast.Rd",1,27,"pl$col(""a"")","cast","polars_expr",212,TRUE,"offered",TRUE,FALSE,FALSE,""
"reference","man/expr__cast.Rd",1,27,"pl","col","pl",103,TRUE,"offered",TRUE,FALSE,FALSE,""
"reference","man/expr__cast.Rd",1,27,"pl","Float64","pl",103,TRUE,"offered",TRUE,FALSE,FALSE,""
"reference","man/expr__cast.Rd",1,27,"pl$col(""b"")","cast","polars_expr",212,TRUE,"offered",TRUE,FALSE,FALSE,""
"reference","man/expr__cast.Rd",1,27,"pl","col","pl",103,TRUE,"offered",TRUE,FALSE,FALSE,""
"reference","man/expr__cast.Rd",1,27,"pl","Int32","pl",103,TRUE,"offered",TRUE,FALSE,FALSE,""
"reference","man/expr__cast.Rd",1,27,"pl$select(pl$lit(c(100, 200, 300))$cast(pl$UInt8, strict = FALSE))","to_series","polars_data_frame",89,TRUE,"offered",TRUE,FALSE,FALSE,""
"reference","man/expr__cast.Rd",1,27,"pl","select","pl",103,TRUE,"offered",TRUE,FALSE,FALSE,""
"reference","man/expr__cast.Rd",1,27,"pl$lit(c(100, 200, 300))","cast","polars_expr",212,TRUE,"offered",TRUE,FALSE,FALSE,""
"reference","man/expr__cast.Rd",1,27,"pl","lit","pl",103,TRUE,"offered",TRUE,FALSE,FALSE,""
"reference","man/expr__cast.Rd",1,27,"pl","UInt8","pl",103,TRUE,"offered",TRUE,FALSE,FALSE,""
"reference","man/expr__cast.Rd",1,27,"pl$select(pl$lit(""a"")$cast(pl$Float64, strict = TRUE))","to_series","polars_data_frame",89,TRUE,"offered",TRUE,FALSE,FALSE,""
"reference","man/expr__cast.Rd",1,27,"pl","select","pl",103,TRUE,"offered",TRUE,FALSE,FALSE,""
"reference","man/expr__cast.Rd",1,27,"pl$lit(""a"")","cast","polars_expr",212,TRUE,"offered",TRUE,FALSE,FALSE,""
"reference","man/expr__cast.Rd",1,27,"pl","lit","pl",103,TRUE,"offered",TRUE,FALSE,FALSE,""
"reference","man/expr__cast.Rd",1,27,"pl","Float64","pl",103,TRUE,"offered",TRUE,FALSE,FALSE,""
"reference","man/expr__cbrt.Rd",1,15,"pl$DataFrame(a = c(1, 2, 4))","with_columns","polars_data_frame",89,TRUE,"offered",TRUE,FALSE,FALSE,""
"reference","man/expr__cbrt.Rd",1,15,"pl","DataFrame","pl",103,TRUE,"offered",TRUE,FALSE,FALSE,""
"reference","man/expr__cbrt.Rd",1,15,"pl$col(""a"")","cbrt","polars_expr",212,TRUE,"offered",TRUE,FALSE,FALSE,""
"reference","man/expr__cbrt.Rd",1,15,"pl","col","pl",103,TRUE,"offered",TRUE,FALSE,FALSE,""
"reference","man/expr__ceil.Rd",1,15,"pl","DataFrame","pl",103,TRUE,"offered",TRUE,FALSE,FALSE,""
"reference","man/expr__ceil.Rd",1,15,"df","with_columns","polars_data_frame",89,TRUE,"offered",TRUE,FALSE,FALSE,""
"reference","man/expr__ceil.Rd",1,15,"pl$col(""a"")","ceil","polars_expr",212,TRUE,"offered",TRUE,FALSE,FALSE,""
"reference","man/expr__ceil.Rd",1,15,"pl","col","pl",103,TRUE,"offered",TRUE,FALSE,FALSE,""
"reference","man/expr__clip.Rd",1,27,"pl","DataFrame","pl",103,TRUE,"offered",TRUE,FALSE,FALSE,""
"reference","man/expr__clip.Rd",1,27,"df","with_columns","polars_data_frame",89,TRUE,"offered",TRUE,FALSE,FALSE,""
"reference","man/expr__clip.Rd",1,27,"pl$col(""a"")","clip","polars_expr",212,TRUE,"offered",TRUE,FALSE,FALSE,""
"reference","man/expr__clip.Rd",1,27,"pl","col","pl",103,TRUE,"offered",TRUE,FALSE,FALSE,""
"reference","man/expr__clip.Rd",1,27,"df","with_columns","polars_data_frame",89,TRUE,"offered",TRUE,FALSE,FALSE,""
"reference","man/expr__clip.Rd",1,27,"pl$col(""a"")","clip","polars_expr",212,TRUE,"offered",TRUE,FALSE,FALSE,""
"reference","man/expr__clip.Rd",1,27,"pl","col","pl",103,TRUE,"offered",TRUE,FALSE,FALSE,""
"reference","man/expr__cos.Rd",1,15,"pl$DataFrame(a = c(0, pi/2, pi, NA))","with_columns","polars_data_frame",89,TRUE,"offered",TRUE,FALSE,FALSE,""
"reference","man/expr__cos.Rd",1,15,"pl","DataFrame","pl",103,TRUE,"offered",TRUE,FALSE,FALSE,""
"reference","man/expr__cos.Rd",1,15,"pl$col(""a"")","cos","polars_expr",212,TRUE,"offered",TRUE,FALSE,FALSE,""
"reference","man/expr__cos.Rd",1,15,"pl","col","pl",103,TRUE,"offered",TRUE,FALSE,FALSE,""
"reference","man/expr__cosh.Rd",1,15,"pl$DataFrame(a = c(-1, acosh(2), 0, 1, NA))","with_columns","polars_data_frame",89,TRUE,"offered",TRUE,FALSE,FALSE,""
"reference","man/expr__cosh.Rd",1,15,"pl","DataFrame","pl",103,TRUE,"offered",TRUE,FALSE,FALSE,""
"reference","man/expr__cosh.Rd",1,15,"pl$col(""a"")","cosh","polars_expr",212,TRUE,"offered",TRUE,FALSE,FALSE,""
"reference","man/expr__cosh.Rd",1,15,"pl","col","pl",103,TRUE,"offered",TRUE,FALSE,FALSE,""
"reference","man/expr__cot.Rd",1,15,"pl$DataFrame(a = c(0, pi/2, -5, NA))","with_columns","polars_data_frame",89,TRUE,"offered",TRUE,FALSE,FALSE,""
"reference","man/expr__cot.Rd",1,15,"pl","DataFrame","pl",103,TRUE,"offered",TRUE,FALSE,FALSE,""
"reference","man/expr__cot.Rd",1,15,"pl$col(""a"")","cot","polars_expr",212,TRUE,"offered",TRUE,FALSE,FALSE,""
"reference","man/expr__cot.Rd",1,15,"pl","col","pl",103,TRUE,"offered",TRUE,FALSE,FALSE,""
"reference","man/expr__count.Rd",1,15,"pl","DataFrame","pl",103,TRUE,"offered",TRUE,FALSE,FALSE,""
"reference","man/expr__count.Rd",1,15,"df","select","polars_data_frame",89,TRUE,"offered",TRUE,FALSE,FALSE,""
"reference","man/expr__count.Rd",1,15,"pl$all()","count","polars_expr",212,TRUE,"offered",TRUE,FALSE,FALSE,""
"reference","man/expr__count.Rd",1,15,"pl","all","pl",103,TRUE,"offered",TRUE,FALSE,FALSE,""
"reference","man/expr__cum_count.Rd",1,20,"pl$DataFrame(a = 1:4)","with_columns","polars_data_frame",89,TRUE,"offered",TRUE,FALSE,FALSE,""
"reference","man/expr__cum_count.Rd",1,20,"pl","DataFrame","pl",103,TRUE,"offered",TRUE,FALSE,FALSE,""
"reference","man/expr__cum_count.Rd",1,20,"pl$col(""a"")","cum_count","polars_expr",212,TRUE,"offered",TRUE,FALSE,FALSE,""
"reference","man/expr__cum_count.Rd",1,20,"pl","col","pl",103,TRUE,"offered",TRUE,FALSE,FALSE,""
"reference","man/expr__cum_count.Rd",1,20,"pl$col(""a"")","cum_count","polars_expr",212,TRUE,"offered",TRUE,FALSE,FALSE,""
"reference","man/expr__cum_count.Rd",1,20,"pl","col","pl",103,TRUE,"offered",TRUE,FALSE,FALSE,""
"reference","man/expr__cum_max.Rd",1,24,"pl$DataFrame(a = c(1:4, 2L))","with_columns","polars_data_frame",89,TRUE,"offered",TRUE,FALSE,FALSE,""
"reference","man/expr__cum_max.Rd",1,24,"pl","DataFrame","pl",103,TRUE,"offered",TRUE,FALSE,FALSE,""
"reference","man/expr__cum_max.Rd",1,24,"pl$col(""a"")","cum_max","polars_expr",212,TRUE,"offered",TRUE,FALSE,FALSE,""
"reference","man/expr__cum_max.Rd",1,24,"pl","col","pl",103,TRUE,"offered",TRUE,FALSE,FALSE,""
"reference","man/expr__cum_max.Rd",1,24,"pl$col(""a"")","cum_max","polars_expr",212,TRUE,"offered",TRUE,FALSE,FALSE,""
"reference","man/expr__cum_max.Rd",1,24,"pl","col","pl",103,TRUE,"offered",TRUE,FALSE,FALSE,""
"reference","man/expr__cum_min.Rd",1,24,"pl$DataFrame(a = c(1:4, 2L))","with_columns","polars_data_frame",89,TRUE,"offered",TRUE,FALSE,FALSE,""
"reference","man/expr__cum_min.Rd",1,24,"pl","DataFrame","pl",103,TRUE,"offered",TRUE,FALSE,FALSE,""
"reference","man/expr__cum_min.Rd",1,24,"pl$col(""a"")","cum_min","polars_expr",212,TRUE,"offered",TRUE,FALSE,FALSE,""
"reference","man/expr__cum_min.Rd",1,24,"pl","col","pl",103,TRUE,"offered",TRUE,FALSE,FALSE,""
"reference","man/expr__cum_min.Rd",1,24,"pl$col(""a"")","cum_min","polars_expr",212,TRUE,"offered",TRUE,FALSE,FALSE,""
"reference","man/expr__cum_min.Rd",1,24,"pl","col","pl",103,TRUE,"offered",TRUE,FALSE,FALSE,""
"reference","man/expr__cum_prod.Rd",1,25,"pl$DataFrame(a = 1:4)","with_columns","polars_data_frame",89,TRUE,"offered",TRUE,FALSE,FALSE,""
"reference","man/expr__cum_prod.Rd",1,25,"pl","DataFrame","pl",103,TRUE,"offered",TRUE,FALSE,FALSE,""
"reference","man/expr__cum_prod.Rd",1,25,"pl$col(""a"")","cum_prod","polars_expr",212,TRUE,"offered",TRUE,FALSE,FALSE,""
"reference","man/expr__cum_prod.Rd",1,25,"pl","col","pl",103,TRUE,"offered",TRUE,FALSE,FALSE,""
"reference","man/expr__cum_prod.Rd",1,25,"pl$col(""a"")","cum_prod","polars_expr",212,TRUE,"offered",TRUE,FALSE,FALSE,""
"reference","man/expr__cum_prod.Rd",1,25,"pl","col","pl",103,TRUE,"offered",TRUE,FALSE,FALSE,""
"reference","man/expr__cum_sum.Rd",1,25,"pl$DataFrame(a = 1:4)","with_columns","polars_data_frame",89,TRUE,"offered",TRUE,FALSE,FALSE,""
"reference","man/expr__cum_sum.Rd",1,25,"pl","DataFrame","pl",103,TRUE,"offered",TRUE,FALSE,FALSE,""
"reference","man/expr__cum_sum.Rd",1,25,"pl$col(""a"")","cum_sum","polars_expr",212,TRUE,"offered",TRUE,FALSE,FALSE,""
"reference","man/expr__cum_sum.Rd",1,25,"pl","col","pl",103,TRUE,"offered",TRUE,FALSE,FALSE,""
"reference","man/expr__cum_sum.Rd",1,25,"pl$col(""a"")","cum_sum","polars_expr",212,TRUE,"offered",TRUE,FALSE,FALSE,""
"reference","man/expr__cum_sum.Rd",1,25,"pl","col","pl",103,TRUE,"offered",TRUE,FALSE,FALSE,""
"reference","man/expr__cumulative_eval.Rd",1,27,"pl","DataFrame","pl",103,TRUE,"offered",TRUE,FALSE,FALSE,""
"reference","man/expr__cumulative_eval.Rd",1,27,"df","with_columns","polars_data_frame",89,TRUE,"offered",TRUE,FALSE,FALSE,""
"reference","man/expr__cumulative_eval.Rd",1,27,"pl$col(""values"")","cumulative_eval","polars_expr",212,TRUE,"offered",TRUE,FALSE,FALSE,""
"reference","man/expr__cumulative_eval.Rd",1,27,"pl","col","pl",103,TRUE,"offered",TRUE,FALSE,FALSE,""
"reference","man/expr__cumulative_eval.Rd",1,27,"pl$element()","first","polars_expr",212,TRUE,"offered",TRUE,FALSE,FALSE,""
"reference","man/expr__cumulative_eval.Rd",1,27,"pl","element","pl",103,TRUE,"offered",TRUE,FALSE,FALSE,""
"reference","man/expr__cumulative_eval.Rd",1,27,"pl$element()","last","polars_expr",212,TRUE,"offered",TRUE,FALSE,FALSE,""
"reference","man/expr__cumulative_eval.Rd",1,27,"pl","element","pl",103,TRUE,"offered",TRUE,FALSE,FALSE,""
"reference","man/expr__cut.Rd",1,42,"pl","DataFrame","pl",103,TRUE,"offered",TRUE,FALSE,FALSE,""
"reference","man/expr__cut.Rd",1,42,"df","with_columns","polars_data_frame",89,TRUE,"offered",TRUE,FALSE,FALSE,""
"reference","man/expr__cut.Rd",1,42,"pl$col(""foo"")","cut","polars_expr",212,TRUE,"offered",TRUE,FALSE,FALSE,""
"reference","man/expr__cut.Rd",1,42,"pl","col","pl",103,TRUE,"offered",TRUE,FALSE,FALSE,""
"reference","man/expr__cut.Rd",1,42,"df$with_columns(cut = pl$col(""foo"")$cut(c(-1, 1), include_breaks = TRUE))","unnest","polars_data_frame",89,TRUE,"offered",TRUE,FALSE,FALSE,""
"reference","man/expr__cut.Rd",1,42,"df","with_columns","polars_data_frame",89,TRUE,"offered",TRUE,FALSE,FALSE,""
"reference","man/expr__cut.Rd",1,42,"pl$col(""foo"")","cut","polars_expr",212,TRUE,"offered",TRUE,FALSE,FALSE,""
"reference","man/expr__cut.Rd",1,42,"pl","col","pl",103,TRUE,"offered",TRUE,FALSE,FALSE,""
"reference","man/expr__degrees.Rd",1,15,"pl$DataFrame(a = c(1, 2, 4) * pi)","with_columns","polars_data_frame",89,TRUE,"offered",TRUE,FALSE,FALSE,""
"reference","man/expr__degrees.Rd",1,15,"pl","DataFrame","pl",103,TRUE,"offered",TRUE,FALSE,FALSE,""
"reference","man/expr__degrees.Rd",1,15,"pl$col(""a"")","degrees","polars_expr",212,TRUE,"offered",TRUE,FALSE,FALSE,""
"reference","man/expr__degrees.Rd",1,15,"pl","col","pl",103,TRUE,"offered",TRUE,FALSE,FALSE,""
"reference","man/expr__diff.Rd",1,21,"pl$DataFrame(a = c(20, 10, 30, 25, 35))","with_columns","polars_data_frame",89,TRUE,"offered",TRUE,FALSE,FALSE,""
"reference","man/expr__diff.Rd",1,21,"pl","DataFrame","pl",103,TRUE,"offered",TRUE,FALSE,FALSE,""
"reference","man/expr__diff.Rd",1,21,"pl$col(""a"")","diff","polars_expr",212,TRUE,"offered",TRUE,FALSE,FALSE,""
"reference","man/expr__diff.Rd",1,21,"pl","col","pl",103,TRUE,"offered",TRUE,FALSE,FALSE,""
"reference","man/expr__diff.Rd",1,21,"pl$col(""a"")","diff","polars_expr",212,TRUE,"offered",TRUE,FALSE,FALSE,""
"reference","man/expr__diff.Rd",1,21,"pl","col","pl",103,TRUE,"offered",TRUE,FALSE,FALSE,""
"reference","man/expr__dot.Rd",1,18,"pl","DataFrame","pl",103,TRUE,"offered",TRUE,FALSE,FALSE,""
"reference","man/expr__dot.Rd",1,18,"df","select","polars_data_frame",89,TRUE,"offered",TRUE,FALSE,FALSE,""
"reference","man/expr__dot.Rd",1,18,"pl$col(""a"")","dot","polars_expr",212,TRUE,"offered",TRUE,FALSE,FALSE,""
"reference","man/expr__dot.Rd",1,18,"pl","col","pl",103,TRUE,"offered",TRUE,FALSE,FALSE,""
"reference","man/expr__dot.Rd",1,18,"pl","col","pl",103,TRUE,"offered",TRUE,FALSE,FALSE,""
"reference","man/expr__drop_nans.Rd",1,17,"pl","DataFrame","pl",103,TRUE,"offered",TRUE,FALSE,FALSE,""
"reference","man/expr__drop_nans.Rd",1,17,"df","select","polars_data_frame",89,TRUE,"offered",TRUE,FALSE,FALSE,""
"reference","man/expr__drop_nans.Rd",1,17,"pl$col(""a"")","drop_nans","polars_expr",212,TRUE,"offered",TRUE,FALSE,FALSE,""
"reference","man/expr__drop_nans.Rd",1,17,"pl","col","pl",103,TRUE,"offered",TRUE,FALSE,FALSE,""
"reference","man/expr__drop_nulls.Rd",1,17,"pl","DataFrame","pl",103,TRUE,"offered",TRUE,FALSE,FALSE,""
"reference","man/expr__drop_nulls.Rd",1,17,"df","select","polars_data_frame",89,TRUE,"offered",TRUE,FALSE,FALSE,""
"reference","man/expr__drop_nulls.Rd",1,17,"pl$col(""a"")","drop_nulls","polars_expr",212,TRUE,"offered",TRUE,FALSE,FALSE,""
"reference","man/expr__drop_nulls.Rd",1,17,"pl","col","pl",103,TRUE,"offered",TRUE,FALSE,FALSE,""
"reference","man/expr__entropy.Rd",1,22,"pl","DataFrame","pl",103,TRUE,"offered",TRUE,FALSE,FALSE,""
"reference","man/expr__entropy.Rd",1,22,"df","select","polars_data_frame",89,TRUE,"offered",TRUE,FALSE,FALSE,""
"reference","man/expr__entropy.Rd",1,22,"pl$col(""a"")","entropy","polars_expr",212,TRUE,"offered",TRUE,FALSE,FALSE,""
"reference","man/expr__entropy.Rd",1,22,"pl","col","pl",103,TRUE,"offered",TRUE,FALSE,FALSE,""
"reference","man/expr__entropy.Rd",1,22,"df","select","polars_data_frame",89,TRUE,"offered",TRUE,FALSE,FALSE,""
"reference","man/expr__entropy.Rd",1,22,"pl$col(""a"")","entropy","polars_expr",212,TRUE,"offered",TRUE,FALSE,FALSE,""
"reference","man/expr__entropy.Rd",1,22,"pl","col","pl",103,TRUE,"offered",TRUE,FALSE,FALSE,""
"reference","man/expr__eq_missing.Rd",1,19,"pl","DataFrame","pl",103,TRUE,"offered",TRUE,FALSE,FALSE,""
"reference","man/expr__eq_missing.Rd",1,19,"df","with_columns","polars_data_frame",89,TRUE,"offered",TRUE,FALSE,FALSE,""
"reference","man/expr__eq_missing.Rd",1,19,"pl$col(""x"")","eq","polars_expr",212,TRUE,"offered",TRUE,FALSE,FALSE,""
"reference","man/expr__eq_missing.Rd",1,19,"pl","col","pl",103,TRUE,"offered",TRUE,FALSE,FALSE,""
"reference","man/expr__eq_missing.Rd",1,19,"pl$col(""x"")","eq_missing","polars_expr",212,TRUE,"offered",TRUE,FALSE,FALSE,""
"reference","man/expr__eq_missing.Rd",1,19,"pl","col","pl",103,TRUE,"offered",TRUE,FALSE,FALSE,""
"reference","man/expr__eq.Rd",1,20,"pl","DataFrame","pl",103,TRUE,"offered",TRUE,FALSE,FALSE,""
"reference","man/expr__eq.Rd",1,20,"df","with_columns","polars_data_frame",89,TRUE,"offered",TRUE,FALSE,FALSE,""
"reference","man/expr__eq.Rd",1,20,"pl$col(""x"")","eq","polars_expr",212,TRUE,"offered",TRUE,FALSE,FALSE,""
"reference","man/expr__eq.Rd",1,20,"pl","col","pl",103,TRUE,"offered",TRUE,FALSE,FALSE,""
"reference","man/expr__eq.Rd",1,20,"pl","col","pl",103,TRUE,"offered",TRUE,FALSE,FALSE,""
"reference","man/expr__eq.Rd",1,20,"pl$col(""x"")","eq_missing","polars_expr",212,TRUE,"offered",TRUE,FALSE,FALSE,""
"reference","man/expr__eq.Rd",1,20,"pl","col","pl",103,TRUE,"offered",TRUE,FALSE,FALSE,""
"reference","man/expr__eq.Rd",1,20,"pl","col","pl",103,TRUE,"offered",TRUE,FALSE,FALSE,""
"reference","man/expr__ewm_mean_by.Rd",1,49,"pl","DataFrame","pl",103,TRUE,"offered",TRUE,FALSE,FALSE,""
"reference","man/expr__ewm_mean_by.Rd",1,49,"df","with_columns","polars_data_frame",89,TRUE,"offered",TRUE,FALSE,FALSE,""
"reference","man/expr__ewm_mean_by.Rd",1,49,"pl$col(""values"")","ewm_mean_by","polars_expr",212,TRUE,"offered",TRUE,FALSE,FALSE,""
"reference","man/expr__ewm_mean_by.Rd",1,49,"pl","col","pl",103,TRUE,"offered",TRUE,FALSE,FALSE,""
"reference","man/expr__ewm_mean.Rd",1,66,"pl","DataFrame","pl",103,TRUE,"offered",TRUE,FALSE,FALSE,""
"reference","man/expr__ewm_mean.Rd",1,66,"df","select","polars_data_frame",89,TRUE,"offered",TRUE,FALSE,FALSE,""
"reference","man/expr__ewm_mean.Rd",1,66,"pl$col(""a"")","ewm_mean","polars_expr",212,TRUE,"offered",TRUE,FALSE,FALSE,""
"reference","man/expr__ewm_mean.Rd",1,66,"pl","col","pl",103,TRUE,"offered",TRUE,FALSE,FALSE,""
"reference","man/expr__ewm_std.Rd",1,70,"pl","DataFrame","pl",103,TRUE,"offered",TRUE,FALSE,FALSE,""
"reference","man/expr__ewm_std.Rd",1,70,"df","select","polars_data_frame",89,TRUE,"offered",TRUE,FALSE,FALSE,""
"reference","man/expr__ewm_std.Rd",1,70,"pl$col(""a"")","ewm_std","polars_expr",212,TRUE,"offered",TRUE,FALSE,FALSE,""
"reference","man/expr__ewm_std.Rd",1,70,"pl","col","pl",103,TRUE,"offered",TRUE,FALSE,FALSE,""
"reference","man/expr__ewm_var.Rd",1,70,"pl","DataFrame","pl",103,TRUE,"offered",TRUE,FALSE,FALSE,""
"reference","man/expr__ewm_var.Rd",1,70,"df","select","polars_data_frame",89,TRUE,"offered",TRUE,FALSE,FALSE,""
"reference","man/expr__ewm_var.Rd",1,70,"pl$col(""a"")","ewm_var","polars_expr",212,TRUE,"offered",TRUE,FALSE,FALSE,""
"reference","man/expr__ewm_var.Rd",1,70,"pl","col","pl",103,TRUE,"offered",TRUE,FALSE,FALSE,""
"reference","man/expr__exclude.Rd",1,19,"pl","DataFrame","pl",103,TRUE,"offered",TRUE,FALSE,FALSE,""
"reference","man/expr__exclude.Rd",1,19,"df","select","polars_data_frame",89,TRUE,"offered",TRUE,FALSE,FALSE,""
"reference","man/expr__exclude.Rd",1,19,"pl$all()","exclude","polars_expr",212,TRUE,"offered",TRUE,FALSE,FALSE,""
"reference","man/expr__exclude.Rd",1,19,"pl","all","pl",103,TRUE,"offered",TRUE,FALSE,FALSE,""
"reference","man/expr__exclude.Rd",1,19,"df","select","polars_data_frame",89,TRUE,"offered",TRUE,FALSE,FALSE,""
"reference","man/expr__exclude.Rd",1,19,"pl$all()","exclude","polars_expr",212,TRUE,"offered",TRUE,FALSE,FALSE,""
"reference","man/expr__exclude.Rd",1,19,"pl","all","pl",103,TRUE,"offered",TRUE,FALSE,FALSE,""
"reference","man/expr__exclude.Rd",1,19,"df","select","polars_data_frame",89,TRUE,"offered",TRUE,FALSE,FALSE,""
"reference","man/expr__exclude.Rd",1,19,"pl$all()","exclude","polars_expr",212,TRUE,"offered",TRUE,FALSE,FALSE,""
"reference","man/expr__exclude.Rd",1,19,"pl","all","pl",103,TRUE,"offered",TRUE,FALSE,FALSE,""
"reference","man/expr__exclude.Rd",1,19,"pl","Int64","pl",103,TRUE,"offered",TRUE,FALSE,FALSE,""
"reference","man/expr__exclude.Rd",1,19,"pl","Float64","pl",103,TRUE,"offered",TRUE,FALSE,FALSE,""
"reference","man/expr__exp.Rd",1,15,"pl$DataFrame(a = c(1, 2, 4))","with_columns","polars_data_frame",89,TRUE,"offered",TRUE,FALSE,FALSE,""
"reference","man/expr__exp.Rd",1,15,"pl","DataFrame","pl",103,TRUE,"offered",TRUE,FALSE,FALSE,""
"reference","man/expr__exp.Rd",1,15,"pl$col(""a"")","exp","polars_expr",212,TRUE,"offered",TRUE,FALSE,FALSE,""
"reference","man/expr__exp.Rd",1,15,"pl","col","pl",103,TRUE,"offered",TRUE,FALSE,FALSE,""
"reference","man/expr__explode.Rd",1,23,"pl","DataFrame","pl",103,TRUE,"offered",TRUE,FALSE,FALSE,""
"reference","man/expr__explode.Rd",1,23,"df","select","polars_data_frame",89,TRUE,"offered",TRUE,FALSE,FALSE,""
"reference","man/expr__explode.Rd",1,23,"pl$col(""values"")","explode","polars_expr",212,TRUE,"offered",TRUE,FALSE,FALSE,""
"reference","man/expr__explode.Rd",1,23,"pl","col","pl",103,TRUE,"offered",TRUE,FALSE,FALSE,""
"reference","man/expr__extend_constant.Rd",1,21,"pl","DataFrame","pl",103,TRUE,"offered",TRUE,FALSE,FALSE,""
"reference","man/expr__extend_constant.Rd",1,21,"df","select","polars_data_frame",89,TRUE,"offered",TRUE,FALSE,FALSE,""
"reference","man/expr__extend_constant.Rd",1,21,"pl$col(""values"")","extend_constant","polars_expr",212,TRUE,"offered",TRUE,FALSE,FALSE,""
"reference","man/expr__extend_constant.Rd",1,21,"pl","col","pl",103,TRUE,"offered",TRUE,FALSE,FALSE,""
"reference","man/expr__fill_nan.Rd",1,18,"pl","DataFrame","pl",103,TRUE,"offered",TRUE,FALSE,FALSE,""
"reference","man/expr__fill_nan.Rd",1,18,"df","with_columns","polars_data_frame",89,TRUE,"offered",TRUE,FALSE,FALSE,""
"reference","man/expr__fill_nan.Rd",1,18,"pl$col(""a"")","fill_nan","polars_expr",212,TRUE,"offered",TRUE,FALSE,FALSE,""
"reference","man/expr__fill_nan.Rd",1,18,"pl","col","pl",103,TRUE,"offered",TRUE,FALSE,FALSE,""
"reference","man/expr__fill_null.Rd",1,25,"pl","DataFrame","pl",103,TRUE,"offered",TRUE,FALSE,FALSE,""
"reference","man/expr__fill_null.Rd",1,25,"df","with_columns","polars_data_frame",89,TRUE,"offered",TRUE,FALSE,FALSE,""
"reference","man/expr__fill_null.Rd",1,25,"pl$col(""a"")","fill_null","polars_expr",212,TRUE,"offered",TRUE,FALSE,FALSE,""
"reference","man/expr__fill_null.Rd",1,25,"pl","col","pl",103,TRUE,"offered",TRUE,FALSE,FALSE,""
"reference","man/expr__fill_null.Rd",1,25,"pl$col(""a"")","fill_null","polars_expr",212,TRUE,"offered",TRUE,FALSE,FALSE,""
"reference","man/expr__fill_null.Rd",1,25,"pl","col","pl",103,TRUE,"offered",TRUE,FALSE,FALSE,""
"reference","man/expr__fill_null.Rd",1,25,"pl$col(""a"")","fill_null","polars_expr",212,TRUE,"offered",TRUE,FALSE,FALSE,""
"reference","man/expr__fill_null.Rd",1,25,"pl","col","pl",103,TRUE,"offered",TRUE,FALSE,FALSE,""
"reference","man/expr__fill_null.Rd",1,25,"pl$col(""a"")","fill_null","polars_expr",212,TRUE,"offered",TRUE,FALSE,FALSE,""
"reference","man/expr__fill_null.Rd",1,25,"pl","col","pl",103,TRUE,"offered",TRUE,FALSE,FALSE,""
"reference","man/expr__fill_null.Rd",1,25,"pl$col(""a"")","median","polars_expr",212,TRUE,"offered",TRUE,FALSE,FALSE,""
"reference","man/expr__fill_null.Rd",1,25,"pl","col","pl",103,TRUE,"offered",TRUE,FALSE,FALSE,""
"reference","man/expr__filter.Rd",1,23,"pl","DataFrame","pl",103,TRUE,"offered",TRUE,FALSE,FALSE,""
"reference","man/expr__filter.Rd",1,23,"df$group_by(""group_col"")","agg","polars_group_by",16,TRUE,"offered",TRUE,FALSE,FALSE,""
"reference","man/expr__filter.Rd",1,23,"df","group_by","polars_data_frame",89,TRUE,"offered",TRUE,FALSE,FALSE,""
"reference","man/expr__filter.Rd",1,23,"pl$col(""b"")","filter","polars_expr",212,TRUE,"offered",TRUE,FALSE,FALSE,""
"reference","man/expr__filter.Rd",1,23,"pl","col","pl",103,TRUE,"offered",TRUE,FALSE,FALSE,""
"reference","man/expr__filter.Rd",1,23,"pl","col","pl",103,TRUE,"offered",TRUE,FALSE,FALSE,""
"reference","man/expr__filter.Rd",1,23,"pl$col(""b"")","filter","polars_expr",212,TRUE,"offered",TRUE,FALSE,FALSE,""
"reference","man/expr__filter.Rd",1,23,"pl","col","pl",103,TRUE,"offered",TRUE,FALSE,FALSE,""
"reference","man/expr__filter.Rd",1,23,"pl","col","pl",103,TRUE,"offered",TRUE,FALSE,FALSE,""
"reference","man/expr__first.Rd",1,15,"pl$DataFrame(x = 3:1)","with_columns","polars_data_frame",89,TRUE,"offered",TRUE,FALSE,FALSE,""
"reference","man/expr__first.Rd",1,15,"pl","DataFrame","pl",103,TRUE,"offered",TRUE,FALSE,FALSE,""
"reference","man/expr__first.Rd",1,15,"pl$col(""x"")","first","polars_expr",212,TRUE,"offered",TRUE,FALSE,FALSE,""
"reference","man/expr__first.Rd",1,15,"pl","col","pl",103,TRUE,"offered",TRUE,FALSE,FALSE,""
"reference","man/expr__floor_div.Rd",1,23,"pl","DataFrame","pl",103,TRUE,"offered",TRUE,FALSE,FALSE,""
"reference","man/expr__floor_div.Rd",1,23,"df","with_columns","polars_data_frame",89,TRUE,"offered",TRUE,FALSE,FALSE,""
"reference","man/expr__floor_div.Rd",1,23,"pl$col(""x"")","true_div","polars_expr",212,TRUE,"offered",TRUE,FALSE,FALSE,""
"reference","man/expr__floor_div.Rd",1,23,"pl","col","pl",103,TRUE,"offered",TRUE,FALSE,FALSE,""
"reference","man/expr__floor_div.Rd",1,23,"pl$col(""x"")","floor_div","polars_expr",212,TRUE,"offered",TRUE,FALSE,FALSE,""
"reference","man/expr__floor_div.Rd",1,23,"pl","col","pl",103,TRUE,"offered",TRUE,FALSE,FALSE,""
"reference","man/expr__floor.Rd",1,15,"pl","DataFrame","pl",103,TRUE,"offered",TRUE,FALSE,FALSE,""
"reference","man/expr__floor.Rd",1,15,"df","with_columns","polars_data_frame",89,TRUE,"offered",TRUE,FALSE,FALSE,""
"reference","man/expr__floor.Rd",1,15,"pl$col(""a"")","floor","polars_expr",212,TRUE,"offered",TRUE,FALSE,FALSE,""
"reference","man/expr__floor.Rd",1,15,"pl","col","pl",103,TRUE,"offered",TRUE,FALSE,FALSE,""
"reference","man/expr__forward_fill.Rd",1,19,"pl","DataFrame","pl",103,TRUE,"offered",TRUE,FALSE,FALSE,""
"reference","man/expr__forward_fill.Rd",1,19,"df","select","polars_data_frame",89,TRUE,"offered",TRUE,FALSE,FALSE,""
"reference","man/expr__forward_fill.Rd",1,19,"pl$all()","forward_fill","polars_expr",212,TRUE,"offered",TRUE,FALSE,FALSE,""
"reference","man/expr__forward_fill.Rd",1,19,"pl","all","pl",103,TRUE,"offered",TRUE,FALSE,FALSE,""
"reference","man/expr__forward_fill.Rd",1,19,"df","select","polars_data_frame",89,TRUE,"offered",TRUE,FALSE,FALSE,""
"reference","man/expr__forward_fill.Rd",1,19,"pl$all()","forward_fill","polars_expr",212,TRUE,"offered",TRUE,FALSE,FALSE,""
"reference","man/expr__forward_fill.Rd",1,19,"pl","all","pl",103,TRUE,"offered",TRUE,FALSE,FALSE,""
"reference","man/expr__gather_every.Rd",1,20,"pl","DataFrame","pl",103,TRUE,"offered",TRUE,FALSE,FALSE,""
"reference","man/expr__gather_every.Rd",1,20,"df","select","polars_data_frame",89,TRUE,"offered",TRUE,FALSE,FALSE,""
"reference","man/expr__gather_every.Rd",1,20,"pl$col(""foo"")","gather_every","polars_expr",212,TRUE,"offered",TRUE,FALSE,FALSE,""
"reference","man/expr__gather_every.Rd",1,20,"pl","col","pl",103,TRUE,"offered",TRUE,FALSE,FALSE,""
"reference","man/expr__gather_every.Rd",1,20,"df","select","polars_data_frame",89,TRUE,"offered",TRUE,FALSE,FALSE,""
"reference","man/expr__gather_every.Rd",1,20,"pl$col(""foo"")","gather_every","polars_expr",212,TRUE,"offered",TRUE,FALSE,FALSE,""
"reference","man/expr__gather_every.Rd",1,20,"pl","col","pl",103,TRUE,"offered",TRUE,FALSE,FALSE,""
"reference","man/expr__gather.Rd",1,23,"pl","DataFrame","pl",103,TRUE,"offered",TRUE,FALSE,FALSE,""
"reference","man/expr__gather.Rd",1,23,"df$group_by(""group"", .maintain_order = TRUE)","agg","polars_group_by",16,TRUE,"offered",TRUE,FALSE,FALSE,""
"reference","man/expr__gather.Rd",1,23,"df","group_by","polars_data_frame",89,TRUE,"offered",TRUE,FALSE,FALSE,""
"reference","man/expr__gather.Rd",1,23,"pl$col(""value"")","gather","polars_expr",212,TRUE,"offered",TRUE,FALSE,FALSE,""
"reference","man/expr__gather.Rd",1,23,"pl","col","pl",103,TRUE,"offered",TRUE,FALSE,FALSE,""
"reference","man/expr__ge.Rd",1,18,"pl","DataFrame","pl",103,TRUE,"offered",TRUE,FALSE,FALSE,""
"reference","man/expr__ge.Rd",1,18,"df","with_columns","polars_data_frame",89,TRUE,"offered",TRUE,FALSE,FALSE,""
"reference","man/expr__ge.Rd",1,18,"pl$col(""x"")","ge","polars_expr",212,TRUE,"offered",TRUE,FALSE,FALSE,""
"reference","man/expr__ge.Rd",1,18,"pl","col","pl",103,TRUE,"offered",TRUE,FALSE,FALSE,""
"reference","man/expr__ge.Rd",1,18,"pl","lit","pl",103,TRUE,"offered",TRUE,FALSE,FALSE,""
"reference","man/expr__ge.Rd",1,18,"pl","col","pl",103,TRUE,"offered",TRUE,FALSE,FALSE,""
"reference","man/expr__ge.Rd",1,18,"pl","lit","pl",103,TRUE,"offered",TRUE,FALSE,FALSE,""
"reference","man/expr__get.Rd",1,23,"pl","DataFrame","pl",103,TRUE,"offered",TRUE,FALSE,FALSE,""
"reference","man/expr__get.Rd",1,23,"df$group_by(""group"", .maintain_order = TRUE)","agg","polars_group_by",16,TRUE,"offered",TRUE,FALSE,FALSE,""
"reference","man/expr__get.Rd",1,23,"df","group_by","polars_data_frame",89,TRUE,"offered",TRUE,FALSE,FALSE,""
"reference","man/expr__get.Rd",1,23,"pl$col(""value"")","get","polars_expr",212,TRUE,"offered",TRUE,FALSE,FALSE,""
"reference","man/expr__get.Rd",1,23,"pl","col","pl",103,TRUE,"offered",TRUE,FALSE,FALSE,""
"reference","man/expr__gt.Rd",1,18,"pl","DataFrame","pl",103,TRUE,"offered",TRUE,FALSE,FALSE,""
"reference","man/expr__gt.Rd",1,18,"df","with_columns","polars_data_frame",89,TRUE,"offered",TRUE,FALSE,FALSE,""
"reference","man/expr__gt.Rd",1,18,"pl$col(""x"")","gt","polars_expr",212,TRUE,"offered",TRUE,FALSE,FALSE,""
"reference","man/expr__gt.Rd",1,18,"pl","col","pl",103,TRUE,"offered",TRUE,FALSE,FALSE,""
"reference","man/expr__gt.Rd",1,18,"pl","lit","pl",103,TRUE,"offered",TRUE,FALSE,FALSE,""
"reference","man/expr__gt.Rd",1,18,"pl","col","pl",103,TRUE,"offered",TRUE,FALSE,FALSE,""
"reference","man/expr__gt.Rd",1,18,"pl","lit","pl",103,TRUE,"offered",TRUE,FALSE,FALSE,""
"reference","man/expr__has_nulls.Rd",1,15,"pl","DataFrame","pl",103,TRUE,"offered",TRUE,FALSE,FALSE,""
"reference","man/expr__has_nulls.Rd",1,15,"df","select","polars_data_frame",89,TRUE,"offered",TRUE,FALSE,FALSE,""
"reference","man/expr__has_nulls.Rd",1,15,"pl$all()","has_nulls","polars_expr",212,TRUE,"offered",TRUE,FALSE,FALSE,""
"reference","man/expr__has_nulls.Rd",1,15,"pl","all","pl",103,TRUE,"offered",TRUE,FALSE,FALSE,""
"reference","man/expr__hash.Rd",1,23,"pl","DataFrame","pl",103,TRUE,"offered",TRUE,FALSE,FALSE,""
"reference","man/expr__hash.Rd",1,23,"df","with_columns","polars_data_frame",89,TRUE,"offered",TRUE,FALSE,FALSE,""
"reference","man/expr__hash.Rd",1,23,"pl$all()","hash","polars_expr",212,TRUE,"offered",TRUE,FALSE,FALSE,""
"reference","man/expr__hash.Rd",1,23,"pl","all","pl",103,TRUE,"offered",TRUE,FALSE,FALSE,""
"reference","man/expr__head.Rd",1,18,"pl$DataFrame(x = 1:11)","select","polars_data_frame",89,TRUE,"offered",TRUE,FALSE,FALSE,""
"reference","man/expr__head.Rd",1,18,"pl","DataFrame","pl",103,TRUE,"offered",TRUE,FALSE,FALSE,""
"reference","man/expr__head.Rd",1,18,"pl$col(""x"")","head","polars_expr",212,TRUE,"offered",TRUE,FALSE,FALSE,""
"reference","man/expr__head.Rd",1,18,"pl","col","pl",103,TRUE,"offered",TRUE,FALSE,FALSE,""
"reference","man/expr__hist.Rd",1,36,"pl","DataFrame","pl",103,TRUE,"offered",TRUE,FALSE,FALSE,""
"reference","man/expr__hist.Rd",1,36,"df","select","polars_data_frame",89,TRUE,"offered",TRUE,FALSE,FALSE,""
"reference","man/expr__hist.Rd",1,36,"pl$col(""a"")","hist","polars_expr",212,TRUE,"offered",TRUE,FALSE,FALSE,""
"reference","man/expr__hist.Rd",1,36,"pl","col","pl",103,TRUE,"offered",TRUE,FALSE,FALSE,""
"reference","man/expr__hist.Rd",1,36,"df","select","polars_data_frame",89,TRUE,"offered",TRUE,FALSE,FALSE,""
"reference","man/expr__hist.Rd",1,36,"pl$col(""a"")","hist","polars_expr",212,TRUE,"offered",TRUE,FALSE,FALSE,""
"reference","man/expr__hist.Rd",1,36,"pl","col","pl",103,TRUE,"offered",TRUE,FALSE,FALSE,""
"reference","man/expr__implode.Rd",1,22,"pl","DataFrame","pl",103,TRUE,"offered",TRUE,FALSE,FALSE,""
"reference","man/expr__implode.Rd",1,22,"df","with_columns","polars_data_frame",89,TRUE,"offered",TRUE,FALSE,FALSE,""
"reference","man/expr__implode.Rd",1,22,"pl$col(""a"")","implode","polars_expr",212,TRUE,"offered",TRUE,FALSE,FALSE,""
"reference","man/expr__implode.Rd",1,22,"pl","col","pl",103,TRUE,"offered",TRUE,FALSE,FALSE,""
"reference","man/expr__index_of.Rd",1,18,"pl","DataFrame","pl",103,TRUE,"offered",TRUE,FALSE,FALSE,""
"reference","man/expr__index_of.Rd",1,18,"df","select","polars_data_frame",89,TRUE,"offered",TRUE,FALSE,FALSE,""
"reference","man/expr__index_of.Rd",1,18,"pl$col(""a"")","index_of","polars_expr",212,TRUE,"offered",TRUE,FALSE,FALSE,""
"reference","man/expr__index_of.Rd",1,18,"pl","col","pl",103,TRUE,"offered",TRUE,FALSE,FALSE,""
"reference","man/expr__index_of.Rd",1,18,"pl$col(""a"")","index_of","polars_expr",212,TRUE,"offered",TRUE,FALSE,FALSE,""
"reference","man/expr__index_of.Rd",1,18,"pl","col","pl",103,TRUE,"offered",TRUE,FALSE,FALSE,""
"reference","man/expr__index_of.Rd",1,18,"pl$col(""a"")","index_of","polars_expr",212,TRUE,"offered",TRUE,FALSE,FALSE,""
"reference","man/expr__index_of.Rd",1,18,"pl","col","pl",103,TRUE,"offered",TRUE,FALSE,FALSE,""
"reference","man/expr__interpolate_by.Rd",1,18,"pl","DataFrame","pl",103,TRUE,"offered",TRUE,FALSE,FALSE,""
"reference","man/expr__interpolate_by.Rd",1,18,"df","with_columns","polars_data_frame",89,TRUE,"offered",TRUE,FALSE,FALSE,""
"reference","man/expr__interpolate_by.Rd",1,18,"pl$col(""a"")","interpolate_by","polars_expr",212,TRUE,"offered",TRUE,FALSE,FALSE,""
"reference","man/expr__interpolate_by.Rd",1,18,"pl","col","pl",103,TRUE,"offered",TRUE,FALSE,FALSE,""
"reference","man/expr__interpolate.Rd",1,18,"pl","DataFrame","pl",103,TRUE,"offered",TRUE,FALSE,FALSE,""
"reference","man/expr__interpolate.Rd",1,18,"df","with_columns","polars_data_frame",89,TRUE,"offered",TRUE,FALSE,FALSE,""
"reference","man/expr__interpolate.Rd",1,18,"pl$col(""a"")","interpolate","polars_expr",212,TRUE,"offered",TRUE,FALSE,FALSE,""
"reference","man/expr__interpolate.Rd",1,18,"pl","col","pl",103,TRUE,"offered",TRUE,FALSE,FALSE,""
"reference","man/expr__interpolate.Rd",1,18,"pl$col(""b"")","interpolate","polars_expr",212,TRUE,"offered",TRUE,FALSE,FALSE,""
"reference","man/expr__interpolate.Rd",1,18,"pl","col","pl",103,TRUE,"offered",TRUE,FALSE,FALSE,""
"reference","man/expr__is_between.Rd",1,33,"pl","DataFrame","pl",103,TRUE,"offered",TRUE,FALSE,FALSE,""
"reference","man/expr__is_between.Rd",1,33,"df","with_columns","polars_data_frame",89,TRUE,"offered",TRUE,FALSE,FALSE,""
"reference","man/expr__is_between.Rd",1,33,"pl$col(""num"")","is_between","polars_expr",212,TRUE,"offered",TRUE,FALSE,FALSE,""
"reference","man/expr__is_between.Rd",1,33,"pl","col","pl",103,TRUE,"offered",TRUE,FALSE,FALSE,""
"reference","man/expr__is_between.Rd",1,33,"df","with_columns","polars_data_frame",89,TRUE,"offered",TRUE,FALSE,FALSE,""
"reference","man/expr__is_between.Rd",1,33,"pl$col(""num"")","is_between","polars_expr",212,TRUE,"offered",TRUE,FALSE,FALSE,""
"reference","man/expr__is_between.Rd",1,33,"pl","col","pl",103,TRUE,"offered",TRUE,FALSE,FALSE,""
"reference","man/expr__is_between.Rd",1,33,"pl","DataFrame","pl",103,TRUE,"offered",TRUE,FALSE,FALSE,""
"reference","man/expr__is_between.Rd",1,33,"df","with_columns","polars_data_frame",89,TRUE,"offered",TRUE,FALSE,FALSE,""
"reference","man/expr__is_between.Rd",1,33,"pl$col(""a"")","is_between","polars_expr",212,TRUE,"offered",TRUE,FALSE,FALSE,""
"reference","man/expr__is_between.Rd",1,33,"pl","col","pl",103,TRUE,"offered",TRUE,FALSE,FALSE,""
"reference","man/expr__is_between.Rd",1,33,"pl","lit","pl",103,TRUE,"offered",TRUE,FALSE,FALSE,""
"reference","man/expr__is_between.Rd",1,33,"pl","lit","pl",103,TRUE,"offered",TRUE,FALSE,FALSE,""
"reference","man/expr__is_between.Rd",1,33,"pl","DataFrame","pl",103,TRUE,"offered",TRUE,FALSE,FALSE,""
"reference","man/expr__is_between.Rd",1,33,"df","with_columns","polars_data_frame",89,TRUE,"offered",TRUE,FALSE,FALSE,""
"reference","man/expr__is_between.Rd",1,33,"pl$lit(3)","is_between","polars_expr",212,TRUE,"offered",TRUE,FALSE,FALSE,""
"reference","man/expr__is_between.Rd",1,33,"pl","lit","pl",103,TRUE,"offered",TRUE,FALSE,FALSE,""
"reference","man/expr__is_between.Rd",1,33,"pl","col","pl",103,TRUE,"offered",TRUE,FALSE,FALSE,""
"reference","man/expr__is_between.Rd",1,33,"pl","col","pl",103,TRUE,"offered",TRUE,FALSE,FALSE,""
"reference","man/expr__is_close.Rd",1,30,"pl","DataFrame","pl",103,TRUE,"offered",TRUE,FALSE,FALSE,""
"reference","man/expr__is_close.Rd",1,30,"df","with_columns","polars_data_frame",89,TRUE,"offered",TRUE,FALSE,FALSE,""
"reference","man/expr__is_close.Rd",1,30,"pl$col(""a"")","is_close","polars_expr",212,TRUE,"offered",TRUE,FALSE,FALSE,""
"reference","man/expr__is_close.Rd",1,30,"pl","col","pl",103,TRUE,"offered",TRUE,FALSE,FALSE,""
"reference","man/expr__is_duplicated.Rd",1,15,"pl","DataFrame","pl",103,TRUE,"offered",TRUE,FALSE,FALSE,""
"reference","man/expr__is_duplicated.Rd",1,15,"df","select","polars_data_frame",89,TRUE,"offered",TRUE,FALSE,FALSE,""
"reference","man/expr__is_duplicated.Rd",1,15,"pl$col(""a"")","is_duplicated","polars_expr",212,TRUE,"offered",TRUE,FALSE,FALSE,""
"reference","man/expr__is_duplicated.Rd",1,15,"pl","col","pl",103,TRUE,"offered",TRUE,FALSE,FALSE,""
"reference","man/expr__is_finite.Rd",1,15,"pl","DataFrame","pl",103,TRUE,"offered",TRUE,FALSE,FALSE,""
"reference","man/expr__is_finite.Rd",1,15,"df","with_columns","polars_data_frame",89,TRUE,"offered",TRUE,FALSE,FALSE,""
"reference","man/expr__is_finite.Rd",1,15,"pl$col(""a"")","is_finite","polars_expr",212,TRUE,"offered",TRUE,FALSE,FALSE,""
"reference","man/expr__is_finite.Rd",1,15,"pl","col","pl",103,TRUE,"offered",TRUE,FALSE,FALSE,""
"reference","man/expr__is_finite.Rd",1,15,"pl$col(""b"")","is_finite","polars_expr",212,TRUE,"offered",TRUE,FALSE,FALSE,""
"reference","man/expr__is_finite.Rd",1,15,"pl","col","pl",103,TRUE,"offered",TRUE,FALSE,FALSE,""
"reference","man/expr__is_first_distinct.Rd",1,15,"pl","DataFrame","pl",103,TRUE,"offered",TRUE,FALSE,FALSE,""
"reference","man/expr__is_first_distinct.Rd",1,15,"df","with_columns","polars_data_frame",89,TRUE,"offered",TRUE,FALSE,FALSE,""
"reference","man/expr__is_first_distinct.Rd",1,15,"pl$col(""a"")","is_first_distinct","polars_expr",212,TRUE,"offered",TRUE,FALSE,FALSE,""
"reference","man/expr__is_first_distinct.Rd",1,15,"pl","col","pl",103,TRUE,"offered",TRUE,FALSE,FALSE,""
"reference","man/expr__is_in.Rd",1,23,"pl","DataFrame","pl",103,TRUE,"offered",TRUE,FALSE,FALSE,""
"reference","man/expr__is_in.Rd",1,23,"df","with_columns","polars_data_frame",89,TRUE,"offered",TRUE,FALSE,FALSE,""
"reference","man/expr__is_in.Rd",1,23,"pl$col(""optional_members"")","is_in","polars_expr",212,TRUE,"offered",TRUE,FALSE,FALSE,""
"reference","man/expr__is_in.Rd",1,23,"pl","col","pl",103,TRUE,"offered",TRUE,FALSE,FALSE,""
"reference","man/expr__is_infinite.Rd",1,15,"pl","DataFrame","pl",103,TRUE,"offered",TRUE,FALSE,FALSE,""
"reference","man/expr__is_infinite.Rd",1,15,"df","with_columns","polars_data_frame",89,TRUE,"offered",TRUE,FALSE,FALSE,""
"reference","man/expr__is_infinite.Rd",1,15,"pl$col(""a"")","is_infinite","polars_expr",212,TRUE,"offered",TRUE,FALSE,FALSE,""
"reference","man/expr__is_infinite.Rd",1,15,"pl","col","pl",103,TRUE,"offered",TRUE,FALSE,FALSE,""
"reference","man/expr__is_infinite.Rd",1,15,"pl$col(""b"")","is_infinite","polars_expr",212,TRUE,"offered",TRUE,FALSE,FALSE,""
"reference","man/expr__is_infinite.Rd",1,15,"pl","col","pl",103,TRUE,"offered",TRUE,FALSE,FALSE,""
"reference","man/expr__is_last_distinct.Rd",1,15,"pl","DataFrame","pl",103,TRUE,"offered",TRUE,FALSE,FALSE,""
"reference","man/expr__is_last_distinct.Rd",1,15,"df","with_columns","polars_data_frame",89,TRUE,"offered",TRUE,FALSE,FALSE,""
"reference","man/expr__is_last_distinct.Rd",1,15,"pl$col(""a"")","is_last_distinct","polars_expr",212,TRUE,"offered",TRUE,FALSE,FALSE,""
"reference","man/expr__is_last_distinct.Rd",1,15,"pl","col","pl",103,TRUE,"offered",TRUE,FALSE,FALSE,""
"reference","man/expr__is_nan.Rd",1,16,"pl","DataFrame","pl",103,TRUE,"offered",TRUE,FALSE,FALSE,""
"reference","man/expr__is_nan.Rd",1,16,"df","with_columns","polars_data_frame",89,TRUE,"offered",TRUE,FALSE,FALSE,""
"reference","man/expr__is_nan.Rd",1,16,"pl$col(""a"")","is_nan","polars_expr",212,TRUE,"offered",TRUE,FALSE,FALSE,""
"reference","man/expr__is_nan.Rd",1,16,"pl","col","pl",103,TRUE,"offered",TRUE,FALSE,FALSE,""
"reference","man/expr__is_nan.Rd",1,16,"pl$col(""b"")","is_nan","polars_expr",212,TRUE,"offered",TRUE,FALSE,FALSE,""
"reference","man/expr__is_nan.Rd",1,16,"pl","col","pl",103,TRUE,"offered",TRUE,FALSE,FALSE,""
"reference","man/expr__is_not_nan.Rd",1,16,"pl","DataFrame","pl",103,TRUE,"offered",TRUE,FALSE,FALSE,""
"reference","man/expr__is_not_nan.Rd",1,16,"df","with_columns","polars_data_frame",89,TRUE,"offered",TRUE,FALSE,FALSE,""
"reference","man/expr__is_not_nan.Rd",1,16,"pl$col(""a"")","is_not_nan","polars_expr",212,TRUE,"offered",TRUE,FALSE,FALSE,""
"reference","man/expr__is_not_nan.Rd",1,16,"pl","col","pl",103,TRUE,"offered",TRUE,FALSE,FALSE,""
"reference","man/expr__is_not_nan.Rd",1,16,"pl$col(""b"")","is_not_nan","polars_expr",212,TRUE,"offered",TRUE,FALSE,FALSE,""
"reference","man/expr__is_not_nan.Rd",1,16,"pl","col","pl",103,TRUE,"offered",TRUE,FALSE,FALSE,""
"reference","man/expr__is_not_null.Rd",1,15,"pl","DataFrame","pl",103,TRUE,"offered",TRUE,FALSE,FALSE,""
"reference","man/expr__is_not_null.Rd",1,15,"df","with_columns","polars_data_frame",89,TRUE,"offered",TRUE,FALSE,FALSE,""
"reference","man/expr__is_not_null.Rd",1,15,"pl$col(""a"")","is_not_null","polars_expr",212,TRUE,"offered",TRUE,FALSE,FALSE,""
"reference","man/expr__is_not_null.Rd",1,15,"pl","col","pl",103,TRUE,"offered",TRUE,FALSE,FALSE,""
"reference","man/expr__is_not_null.Rd",1,15,"pl$col(""b"")","is_not_null","polars_expr",212,TRUE,"offered",TRUE,FALSE,FALSE,""
"reference","man/expr__is_not_null.Rd",1,15,"pl","col","pl",103,TRUE,"offered",TRUE,FALSE,FALSE,""
"reference","man/expr__is_null.Rd",1,15,"pl","DataFrame","pl",103,TRUE,"offered",TRUE,FALSE,FALSE,""
"reference","man/expr__is_null.Rd",1,15,"df","with_columns","polars_data_frame",89,TRUE,"offered",TRUE,FALSE,FALSE,""
"reference","man/expr__is_null.Rd",1,15,"pl$col(""a"")","is_null","polars_expr",212,TRUE,"offered",TRUE,FALSE,FALSE,""
"reference","man/expr__is_null.Rd",1,15,"pl","col","pl",103,TRUE,"offered",TRUE,FALSE,FALSE,""
"reference","man/expr__is_null.Rd",1,15,"pl$col(""b"")","is_null","polars_expr",212,TRUE,"offered",TRUE,FALSE,FALSE,""
"reference","man/expr__is_null.Rd",1,15,"pl","col","pl",103,TRUE,"offered",TRUE,FALSE,FALSE,""
"reference","man/expr__is_unique.Rd",1,15,"pl","DataFrame","pl",103,TRUE,"offered",TRUE,FALSE,FALSE,""
"reference","man/expr__is_unique.Rd",1,15,"df","select","polars_data_frame",89,TRUE,"offered",TRUE,FALSE,FALSE,""
"reference","man/expr__is_unique.Rd",1,15,"pl$col(""a"")","is_unique","polars_expr",212,TRUE,"offered",TRUE,FALSE,FALSE,""
"reference","man/expr__is_unique.Rd",1,15,"pl","col","pl",103,TRUE,"offered",TRUE,FALSE,FALSE,""
"reference","man/expr__item.Rd",1,20,"pl","DataFrame","pl",103,TRUE,"offered",TRUE,FALSE,FALSE,""
"reference","man/expr__item.Rd",1,20,"df","select","polars_data_frame",89,TRUE,"offered",TRUE,FALSE,FALSE,""
"reference","man/expr__item.Rd",1,20,"pl$col(""x"")$mode()","item","polars_expr",212,TRUE,"offered",TRUE,FALSE,FALSE,""
"reference","man/expr__item.Rd",1,20,"pl$col(""x"")","mode","polars_expr",212,TRUE,"offered",TRUE,FALSE,FALSE,""
"reference","man/expr__item.Rd",1,20,"pl","col","pl",103,TRUE,"offered",TRUE,FALSE,FALSE,""
"reference","man/expr__item.Rd",1,20,"pl","DataFrame","pl",103,TRUE,"offered",TRUE,FALSE,FALSE,""
"reference","man/expr__item.Rd",1,20,"df","select","polars_data_frame",89,TRUE,"offered",TRUE,FALSE,FALSE,""
"reference","man/expr__item.Rd",1,20,"pl$col(""x"")$mode()","item","polars_expr",212,TRUE,"offered",TRUE,FALSE,FALSE,""
"reference","man/expr__item.Rd",1,20,"pl$col(""x"")","mode","polars_expr",212,TRUE,"offered",TRUE,FALSE,FALSE,""
"reference","man/expr__item.Rd",1,20,"pl","col","pl",103,TRUE,"offered",TRUE,FALSE,FALSE,""
"reference","man/expr__kurtosis.Rd",1,27,"pl","DataFrame","pl",103,TRUE,"offered",TRUE,FALSE,FALSE,""
"reference","man/expr__kurtosis.Rd",1,27,"df","select","polars_data_frame",89,TRUE,"offered",TRUE,FALSE,FALSE,""
"reference","man/expr__kurtosis.Rd",1,27,"pl$col(""x"")","kurtosis","polars_expr",212,TRUE,"offered",TRUE,FALSE,FALSE,""
"reference","man/expr__kurtosis.Rd",1,27,"pl","col","pl",103,TRUE,"offered",TRUE,FALSE,FALSE,""
"reference","man/expr__last.Rd",1,15,"pl$DataFrame(x = 3:1)","with_columns","polars_data_frame",89,TRUE,"offered",TRUE,FALSE,FALSE,""
"reference","man/expr__last.Rd",1,15,"pl","DataFrame","pl",103,TRUE,"offered",TRUE,FALSE,FALSE,""
"reference","man/expr__last.Rd",1,15,"pl$col(""x"")","last","polars_expr",212,TRUE,"offered",TRUE,FALSE,FALSE,""
"reference","man/expr__last.Rd",1,15,"pl","col","pl",103,TRUE,"offered",TRUE,FALSE,FALSE,""
"reference","man/expr__le.Rd",1,18,"pl","DataFrame","pl",103,TRUE,"offered",TRUE,FALSE,FALSE,""
"reference","man/expr__le.Rd",1,18,"df","with_columns","polars_data_frame",89,TRUE,"offered",TRUE,FALSE,FALSE,""
"reference","man/expr__le.Rd",1,18,"pl$col(""x"")","le","polars_expr",212,TRUE,"offered",TRUE,FALSE,FALSE,""
"reference","man/expr__le.Rd",1,18,"pl","col","pl",103,TRUE,"offered",TRUE,FALSE,FALSE,""
"reference","man/expr__le.Rd",1,18,"pl","lit","pl",103,TRUE,"offered",TRUE,FALSE,FALSE,""
"reference","man/expr__le.Rd",1,18,"pl","col","pl",103,TRUE,"offered",TRUE,FALSE,FALSE,""
"reference","man/expr__le.Rd",1,18,"pl","lit","pl",103,TRUE,"offered",TRUE,FALSE,FALSE,""
"reference","man/expr__len.Rd",1,15,"pl","DataFrame","pl",103,TRUE,"offered",TRUE,FALSE,FALSE,""
"reference","man/expr__len.Rd",1,15,"df","select","polars_data_frame",89,TRUE,"offered",TRUE,FALSE,FALSE,""
"reference","man/expr__len.Rd",1,15,"pl$all()","len","polars_expr",212,TRUE,"offered",TRUE,FALSE,FALSE,""
"reference","man/expr__len.Rd",1,15,"pl","all","pl",103,TRUE,"offered",TRUE,FALSE,FALSE,""
"reference","man/expr__limit.Rd",1,18,"pl","DataFrame","pl",103,TRUE,"offered",TRUE,FALSE,FALSE,""
"reference","man/expr__limit.Rd",1,18,"df","select","polars_data_frame",89,TRUE,"offered",TRUE,FALSE,FALSE,""
"reference","man/expr__limit.Rd",1,18,"pl$col(""a"")","limit","polars_expr",212,TRUE,"offered",TRUE,FALSE,FALSE,""
"reference","man/expr__limit.Rd",1,18,"pl","col","pl",103,TRUE,"offered",TRUE,FALSE,FALSE,""
"reference","man/expr__log.Rd",1,18,"pl$DataFrame(a = c(1, 2, 4))","with_columns","polars_data_frame",89,TRUE,"offered",TRUE,FALSE,FALSE,""
"reference","man/expr__log.Rd",1,18,"pl","DataFrame","pl",103,TRUE,"offered",TRUE,FALSE,FALSE,""
"reference","man/expr__log.Rd",1,18,"pl$col(""a"")","log","polars_expr",212,TRUE,"offered",TRUE,FALSE,FALSE,""
"reference","man/expr__log.Rd",1,18,"pl","col","pl",103,TRUE,"offered",TRUE,FALSE,FALSE,""
"reference","man/expr__log.Rd",1,18,"pl$col(""a"")","log","polars_expr",212,TRUE,"offered",TRUE,FALSE,FALSE,""
"reference","man/expr__log.Rd",1,18,"pl","col","pl",103,TRUE,"offered",TRUE,FALSE,FALSE,""
"reference","man/expr__log10.Rd",1,15,"pl$DataFrame(a = c(1, 2, 4))","with_columns","polars_data_frame",89,TRUE,"offered",TRUE,FALSE,FALSE,""
"reference","man/expr__log10.Rd",1,15,"pl","DataFrame","pl",103,TRUE,"offered",TRUE,FALSE,FALSE,""
"reference","man/expr__log10.Rd",1,15,"pl$col(""a"")","log10","polars_expr",212,TRUE,"offered",TRUE,FALSE,FALSE,""
"reference","man/expr__log10.Rd",1,15,"pl","col","pl",103,TRUE,"offered",TRUE,FALSE,FALSE,""
"reference","man/expr__log1p.Rd",1,16,"pl$DataFrame(a = c(1, 2, 4))","with_columns","polars_data_frame",89,TRUE,"offered",TRUE,FALSE,FALSE,""
"reference","man/expr__log1p.Rd",1,16,"pl","DataFrame","pl",103,TRUE,"offered",TRUE,FALSE,FALSE,""
"reference","man/expr__log1p.Rd",1,16,"pl$col(""a"")","log1p","polars_expr",212,TRUE,"offered",TRUE,FALSE,FALSE,""
"reference","man/expr__log1p.Rd",1,16,"pl","col","pl",103,TRUE,"offered",TRUE,FALSE,FALSE,""
"reference","man/expr__lower_bound.Rd",1,16,"pl","DataFrame","pl",103,TRUE,"offered",TRUE,FALSE,FALSE,""
"reference","man/expr__lower_bound.Rd",1,16,"df","select","polars_data_frame",89,TRUE,"offered",TRUE,FALSE,FALSE,""
"reference","man/expr__lower_bound.Rd",1,16,"pl$col(""a"")","lower_bound","polars_expr",212,TRUE,"offered",TRUE,FALSE,FALSE,""
"reference","man/expr__lower_bound.Rd",1,16,"pl","col","pl",103,TRUE,"offered",TRUE,FALSE,FALSE,""
"reference","man/expr__lt.Rd",1,18,"pl","DataFrame","pl",103,TRUE,"offered",TRUE,FALSE,FALSE,""
"reference","man/expr__lt.Rd",1,18,"df","with_columns","polars_data_frame",89,TRUE,"offered",TRUE,FALSE,FALSE,""
"reference","man/expr__lt.Rd",1,18,"pl$col(""x"")","lt","polars_expr",212,TRUE,"offered",TRUE,FALSE,FALSE,""
"reference","man/expr__lt.Rd",1,18,"pl","col","pl",103,TRUE,"offered",TRUE,FALSE,FALSE,""
"reference","man/expr__lt.Rd",1,18,"pl","lit","pl",103,TRUE,"offered",TRUE,FALSE,FALSE,""
"reference","man/expr__lt.Rd",1,18,"pl","col","pl",103,TRUE,"offered",TRUE,FALSE,FALSE,""
"reference","man/expr__lt.Rd",1,18,"pl","lit","pl",103,TRUE,"offered",TRUE,FALSE,FALSE,""
"reference","man/expr__map_batches.Rd",1,45,"pl","DataFrame","pl",103,TRUE,"offered",TRUE,FALSE,FALSE,""
"reference","man/expr__map_batches.Rd",1,45,"df","select","polars_data_frame",89,TRUE,"offered",TRUE,FALSE,FALSE,""
"reference","man/expr__map_batches.Rd",1,45,"pl$all()","map_batches","polars_expr",212,TRUE,"offered",TRUE,FALSE,FALSE,""
"reference","man/expr__map_batches.Rd",1,45,"pl","all","pl",103,TRUE,"offered",TRUE,FALSE,FALSE,""
"reference","man/expr__map_batches.Rd",1,45,"x","to_r_vector","",0,FALSE,"unknown_result",FALSE,TRUE,FALSE,""
"reference","man/expr__map_batches.Rd",1,45,"pl","DataFrame","pl",103,TRUE,"offered",TRUE,FALSE,FALSE,""
"reference","man/expr__map_batches.Rd",1,45,"df","with_columns","polars_data_frame",89,TRUE,"offered",TRUE,FALSE,FALSE,""
"reference","man/expr__map_batches.Rd",1,45,"pl$struct(""a"", ""b"")","map_batches","polars_expr",212,TRUE,"offered",TRUE,FALSE,FALSE,""
"reference","man/expr__map_batches.Rd",1,45,"pl","struct","pl",103,TRUE,"offered",TRUE,FALSE,FALSE,""
"reference","man/expr__map_batches.Rd",1,45,"x$struct","field","",0,FALSE,"unknown_result",FALSE,TRUE,FALSE,""
"reference","man/expr__map_batches.Rd",1,45,"x","struct","",0,FALSE,"unknown_result",FALSE,TRUE,FALSE,""
"reference","man/expr__map_batches.Rd",1,45,"x$struct","field","",0,FALSE,"unknown_result",FALSE,TRUE,FALSE,""
"reference","man/expr__map_batches.Rd",1,45,"x","struct","",0,FALSE,"unknown_result",FALSE,TRUE,FALSE,""
"reference","man/expr__max_by.Rd",1,19,"pl","DataFrame","pl",103,TRUE,"offered",TRUE,FALSE,FALSE,""
"reference","man/expr__max_by.Rd",1,19,"df","with_columns","polars_data_frame",89,TRUE,"offered",TRUE,FALSE,FALSE,""
"reference","man/expr__max_by.Rd",1,19,"pl$col(""b"")","max_by","polars_expr",212,TRUE,"offered",TRUE,FALSE,FALSE,""
"reference","man/expr__max_by.Rd",1,19,"pl","col","pl",103,TRUE,"offered",TRUE,FALSE,FALSE,""
"reference","man/expr__max.Rd",1,15,"pl$DataFrame(x = c(1, NaN, 3))","with_columns","polars_data_frame",89,TRUE,"offered",TRUE,FALSE,FALSE,""
"reference","man/expr__max.Rd",1,15,"pl","DataFrame","pl",103,TRUE,"offered",TRUE,FALSE,FALSE,""
"reference","man/expr__max.Rd",1,15,"pl$col(""x"")","max","polars_expr",212,TRUE,"offered",TRUE,FALSE,FALSE,""
"reference","man/expr__max.Rd",1,15,"pl","col","pl",103,TRUE,"offered",TRUE,FALSE,FALSE,""
"reference","man/expr__mean.Rd",1,15,"pl$DataFrame(x = c(1, 3, 4, NA))","with_columns","polars_data_frame",89,TRUE,"offered",TRUE,FALSE,FALSE,""
"reference","man/expr__mean.Rd",1,15,"pl","DataFrame","pl",103,TRUE,"offered",TRUE,FALSE,FALSE,""
"reference","man/expr__mean.Rd",1,15,"pl$col(""x"")","mean","polars_expr",212,TRUE,"offered",TRUE,FALSE,FALSE,""
"reference","man/expr__mean.Rd",1,15,"pl","col","pl",103,TRUE,"offered",TRUE,FALSE,FALSE,""
"reference","man/expr__median.Rd",1,15,"pl$DataFrame(x = c(1, 3, 4, NA))","with_columns","polars_data_frame",89,TRUE,"offered",TRUE,FALSE,FALSE,""
"reference","man/expr__median.Rd",1,15,"pl","DataFrame","pl",103,TRUE,"offered",TRUE,FALSE,FALSE,""
"reference","man/expr__median.Rd",1,15,"pl$col(""x"")","median","polars_expr",212,TRUE,"offered",TRUE,FALSE,FALSE,""
"reference","man/expr__median.Rd",1,15,"pl","col","pl",103,TRUE,"offered",TRUE,FALSE,FALSE,""
"reference","man/expr__min_by.Rd",1,19,"pl","DataFrame","pl",103,TRUE,"offered",TRUE,FALSE,FALSE,""
"reference","man/expr__min_by.Rd",1,19,"df","with_columns","polars_data_frame",89,TRUE,"offered",TRUE,FALSE,FALSE,""
"reference","man/expr__min_by.Rd",1,19,"pl$col(""b"")","min_by","polars_expr",212,TRUE,"offered",TRUE,FALSE,FALSE,""
"reference","man/expr__min_by.Rd",1,19,"pl","col","pl",103,TRUE,"offered",TRUE,FALSE,FALSE,""
"reference","man/expr__min.Rd",1,15,"pl$DataFrame(x = c(1, NaN, 3))","with_columns","polars_data_frame",89,TRUE,"offered",TRUE,FALSE,FALSE,""
"reference","man/expr__min.Rd",1,15,"pl","DataFrame","pl",103,TRUE,"offered",TRUE,FALSE,FALSE,""
"reference","man/expr__min.Rd",1,15,"pl$col(""x"")","min","polars_expr",212,TRUE,"offered",TRUE,FALSE,FALSE,""
"reference","man/expr__min.Rd",1,15,"pl","col","pl",103,TRUE,"offered",TRUE,FALSE,FALSE,""
"reference","man/expr__mod.Rd",1,18,"pl","DataFrame","pl",103,TRUE,"offered",TRUE,FALSE,FALSE,""
"reference","man/expr__mod.Rd",1,18,"df","with_columns","polars_data_frame",89,TRUE,"offered",TRUE,FALSE,FALSE,""
"reference","man/expr__mod.Rd",1,18,"pl$col(""x"")","mod","polars_expr",212,TRUE,"offered",TRUE,FALSE,FALSE,""
"reference","man/expr__mod.Rd",1,18,"pl","col","pl",103,TRUE,"offered",TRUE,FALSE,FALSE,""
"reference","man/expr__mode.Rd",1,21,"pl","DataFrame","pl",103,TRUE,"offered",TRUE,FALSE,FALSE,""
"reference","man/expr__mode.Rd",1,21,"df","select","polars_data_frame",89,TRUE,"offered",TRUE,FALSE,FALSE,""
"reference","man/expr__mode.Rd",1,21,"pl$col(""a"")","mode","polars_expr",212,TRUE,"offered",TRUE,FALSE,FALSE,""
"reference","man/expr__mode.Rd",1,21,"pl","col","pl",103,TRUE,"offered",TRUE,FALSE,FALSE,""
"reference","man/expr__mode.Rd",1,21,"df","select","polars_data_frame",89,TRUE,"offered",TRUE,FALSE,FALSE,""
"reference","man/expr__mode.Rd",1,21,"pl$col(""b"")","mode","polars_expr",212,TRUE,"offered",TRUE,FALSE,FALSE,""
"reference","man/expr__mode.Rd",1,21,"pl","col","pl",103,TRUE,"offered",TRUE,FALSE,FALSE,""
"reference","man/expr__mul.Rd",1,18,"pl","DataFrame","pl",103,TRUE,"offered",TRUE,FALSE,FALSE,""
"reference","man/expr__mul.Rd",1,18,"df","with_columns","polars_data_frame",89,TRUE,"offered",TRUE,FALSE,FALSE,""
"reference","man/expr__mul.Rd",1,18,"pl$col(""x"")","mul","polars_expr",212,TRUE,"offered",TRUE,FALSE,FALSE,""
"reference","man/expr__mul.Rd",1,18,"pl","col","pl",103,TRUE,"offered",TRUE,FALSE,FALSE,""
"reference","man/expr__mul.Rd",1,18,"pl$col(""x"")","mul","polars_expr",212,TRUE,"offered",TRUE,FALSE,FALSE,""
"reference","man/expr__mul.Rd",1,18,"pl","col","pl",103,TRUE,"offered",TRUE,FALSE,FALSE,""
"reference","man/expr__mul.Rd",1,18,"pl$col(""x"")","log","polars_expr",212,TRUE,"offered",TRUE,FALSE,FALSE,""
"reference","man/expr__mul.Rd",1,18,"pl","col","pl",103,TRUE,"offered",TRUE,FALSE,FALSE,""
"reference","man/expr__n_unique.Rd",1,15,"pl","DataFrame","pl",103,TRUE,"offered",TRUE,FALSE,FALSE,""
"reference","man/expr__n_unique.Rd",1,15,"df","select","polars_data_frame",89,TRUE,"offered",TRUE,FALSE,FALSE,""
"reference","man/expr__n_unique.Rd",1,15,"pl$col(""x"")","n_unique","polars_expr",212,TRUE,"offered",TRUE,FALSE,FALSE,""
"reference","man/expr__n_unique.Rd",1,15,"pl","col","pl",103,TRUE,"offered",TRUE,FALSE,FALSE,""
"reference","man/expr__n_unique.Rd",1,15,"pl$col(""y"")","n_unique","polars_expr",212,TRUE,"offered",TRUE,FALSE,FALSE,""
"reference","man/expr__n_unique.Rd",1,15,"pl","col","pl",103,TRUE,"offered",TRUE,FALSE,FALSE,""
"reference","man/expr__nan_max.Rd",1,15,"pl$DataFrame(x = c(1, NA, 3, NaN, Inf))","with_columns","polars_data_frame",89,TRUE,"offered",TRUE,FALSE,FALSE,""
"reference","man/expr__nan_max.Rd",1,15,"pl","DataFrame","pl",103,TRUE,"offered",TRUE,FALSE,FALSE,""
"reference","man/expr__nan_max.Rd",1,15,"pl$col(""x"")","nan_max","polars_expr",212,TRUE,"offered",TRUE,FALSE,FALSE,""
"reference","man/expr__nan_max.Rd",1,15,"pl","col","pl",103,TRUE,"offered",TRUE,FALSE,FALSE,""
"reference","man/expr__nan_min.Rd",1,15,"pl$DataFrame(x = c(1, NA, 3, NaN, Inf))","with_columns","polars_data_frame",89,TRUE,"offered",TRUE,FALSE,FALSE,""
"reference","man/expr__nan_min.Rd",1,15,"pl","DataFrame","pl",103,TRUE,"offered",TRUE,FALSE,FALSE,""
"reference","man/expr__nan_min.Rd",1,15,"pl$col(""x"")","nan_min","polars_expr",212,TRUE,"offered",TRUE,FALSE,FALSE,""
"reference","man/expr__nan_min.Rd",1,15,"pl","col","pl",103,TRUE,"offered",TRUE,FALSE,FALSE,""
"reference","man/expr__ne_missing.Rd",1,19,"pl","DataFrame","pl",103,TRUE,"offered",TRUE,FALSE,FALSE,""
"reference","man/expr__ne_missing.Rd",1,19,"df","with_columns","polars_data_frame",89,TRUE,"offered",TRUE,FALSE,FALSE,""
"reference","man/expr__ne_missing.Rd",1,19,"pl$col(""x"")","ne","polars_expr",212,TRUE,"offered",TRUE,FALSE,FALSE,""
"reference","man/expr__ne_missing.Rd",1,19,"pl","col","pl",103,TRUE,"offered",TRUE,FALSE,FALSE,""
"reference","man/expr__ne_missing.Rd",1,19,"pl$col(""x"")","ne_missing","polars_expr",212,TRUE,"offered",TRUE,FALSE,FALSE,""
"reference","man/expr__ne_missing.Rd",1,19,"pl","col","pl",103,TRUE,"offered",TRUE,FALSE,FALSE,""
"reference","man/expr__ne.Rd",1,20,"pl","DataFrame","pl",103,TRUE,"offered",TRUE,FALSE,FALSE,""
"reference","man/expr__ne.Rd",1,20,"df","with_columns","polars_data_frame",89,TRUE,"offered",TRUE,FALSE,FALSE,""
"reference","man/expr__ne.Rd",1,20,"pl$col(""x"")","ne","polars_expr",212,TRUE,"offered",TRUE,FALSE,FALSE,""
"reference","man/expr__ne.Rd",1,20,"pl","col","pl",103,TRUE,"offered",TRUE,FALSE,FALSE,""
"reference","man/expr__ne.Rd",1,20,"pl","col","pl",103,TRUE,"offered",TRUE,FALSE,FALSE,""
"reference","man/expr__ne.Rd",1,20,"pl$col(""x"")","ne_missing","polars_expr",212,TRUE,"offered",TRUE,FALSE,FALSE,""
"reference","man/expr__ne.Rd",1,20,"pl","col","pl",103,TRUE,"offered",TRUE,FALSE,FALSE,""
"reference","man/expr__ne.Rd",1,20,"pl","col","pl",103,TRUE,"offered",TRUE,FALSE,FALSE,""
"reference","man/expr__not.Rd",1,15,"pl","DataFrame","pl",103,TRUE,"offered",TRUE,FALSE,FALSE,""
"reference","man/expr__not.Rd",1,15,"df","with_columns","polars_data_frame",89,TRUE,"offered",TRUE,FALSE,FALSE,""
"reference","man/expr__not.Rd",1,15,"pl$col(""a"")","not","polars_expr",212,TRUE,"offered",TRUE,FALSE,FALSE,""
"reference","man/expr__not.Rd",1,15,"pl","col","pl",103,TRUE,"offered",TRUE,FALSE,FALSE,""
"reference","man/expr__not.Rd",1,15,"df","with_columns","polars_data_frame",89,TRUE,"offered",TRUE,FALSE,FALSE,""
"reference","man/expr__not.Rd",1,15,"pl","col","pl",103,TRUE,"offered",TRUE,FALSE,FALSE,""
"reference","man/expr__null_count.Rd",1,15,"pl","DataFrame","pl",103,TRUE,"offered",TRUE,FALSE,FALSE,""
"reference","man/expr__null_count.Rd",1,15,"df","select","polars_data_frame",89,TRUE,"offered",TRUE,FALSE,FALSE,""
"reference","man/expr__null_count.Rd",1,15,"pl$all()","null_count","polars_expr",212,TRUE,"offered",TRUE,FALSE,FALSE,""
"reference","man/expr__null_count.Rd",1,15,"pl","all","pl",103,TRUE,"offered",TRUE,FALSE,FALSE,""
"reference","man/expr__or.Rd",1,19,"pl","DataFrame","pl",103,TRUE,"offered",TRUE,FALSE,FALSE,""
"reference","man/expr__or.Rd",1,19,"df","with_columns","polars_data_frame",89,TRUE,"offered",TRUE,FALSE,FALSE,""
"reference","man/expr__or.Rd",1,19,"(pl$col(""x"") == pl$col(""y""))$or(pl$col(""y"") == pl$col(""z""), pl$col(""y"")$cast(pl$Int32) == pl$col(""z""), )","alias","polars_expr",212,TRUE,"offered",TRUE,FALSE,FALSE,""
"reference","man/expr__or.Rd",1,19,"(pl$col(""x"") == pl$col(""y""))","or","polars_expr",212,TRUE,"offered",TRUE,FALSE,FALSE,""
"reference","man/expr__or.Rd",1,19,"pl","col","pl",103,TRUE,"offered",TRUE,FALSE,FALSE,""
"reference","man/expr__or.Rd",1,19,"pl","col","pl",103,TRUE,"offered",TRUE,FALSE,FALSE,""
"reference","man/expr__or.Rd",1,19,"pl","col","pl",103,TRUE,"offered",TRUE,FALSE,FALSE,""
"reference","man/expr__or.Rd",1,19,"pl","col","pl",103,TRUE,"offered",TRUE,FALSE,FALSE,""
"reference","man/expr__or.Rd",1,19,"pl$col(""y"")","cast","polars_expr",212,TRUE,"offered",TRUE,FALSE,FALSE,""
"reference","man/expr__or.Rd",1,19,"pl","col","pl",103,TRUE,"offered",TRUE,FALSE,FALSE,""
"reference","man/expr__or.Rd",1,19,"pl","Int32","pl",103,TRUE,"offered",TRUE,FALSE,FALSE,""
"reference","man/expr__or.Rd",1,19,"pl","col","pl",103,TRUE,"offered",TRUE,FALSE,FALSE,""
"reference","man/expr__over.Rd",1,41,"pl","DataFrame","pl",103,TRUE,"offered",TRUE,FALSE,FALSE,""
"reference","man/expr__over.Rd",1,41,"df","with_columns","polars_data_frame",89,TRUE,"offered",TRUE,FALSE,FALSE,""
"reference","man/expr__over.Rd",1,41,"pl$col(""c"")$max()$over(""a"")$name","suffix","polars_namespace_expr_name",9,TRUE,"offered",TRUE,FALSE,FALSE,""
"reference","man/expr__over.Rd",1,41,"pl$col(""c"")$max()$over(""a"")","name","polars_expr",212,TRUE,"offered",TRUE,FALSE,FALSE,""
"reference","man/expr__over.Rd",1,41,"pl$col(""c"")$max()","over","polars_expr",212,TRUE,"offered",TRUE,FALSE,FALSE,""
"reference","man/expr__over.Rd",1,41,"pl$col(""c"")","max","polars_expr",212,TRUE,"offered",TRUE,FALSE,FALSE,""
"reference","man/expr__over.Rd",1,41,"pl","col","pl",103,TRUE,"offered",TRUE,FALSE,FALSE,""
"reference","man/expr__over.Rd",1,41,"df","with_columns","polars_data_frame",89,TRUE,"offered",TRUE,FALSE,FALSE,""
"reference","man/expr__over.Rd",1,41,"pl$col(""c"")$max()$over(pl$col(""b"")%/%2)$name","suffix","polars_namespace_expr_name",9,TRUE,"offered",TRUE,FALSE,FALSE,""
"reference","man/expr__over.Rd",1,41,"pl$col(""c"")$max()$over(pl$col(""b"")%/%2)","name","polars_expr",212,TRUE,"offered",TRUE,FALSE,FALSE,""
"reference","man/expr__over.Rd",1,41,"pl$col(""c"")$max()","over","polars_expr",212,TRUE,"offered",TRUE,FALSE,FALSE,""
"reference","man/expr__over.Rd",1,41,"pl$col(""c"")","max","polars_expr",212,TRUE,"offered",TRUE,FALSE,FALSE,""
"reference","man/expr__over.Rd",1,41,"pl","col","pl",103,TRUE,"offered",TRUE,FALSE,FALSE,""
"reference","man/expr__over.Rd",1,41,"pl","col","pl",103,TRUE,"offered",TRUE,FALSE,FALSE,""
"reference","man/expr__over.Rd",1,41,"df","with_columns","polars_data_frame",89,TRUE,"offered",TRUE,FALSE,FALSE,""
"reference","man/expr__over.Rd",1,41,"pl$col(""c"")$min()$over(""a"", ""b"")$name","suffix","polars_namespace_expr_name",9,TRUE,"offered",TRUE,FALSE,FALSE,""
"reference","man/expr__over.Rd",1,41,"pl$col(""c"")$min()$over(""a"", ""b"")","name","polars_expr",212,TRUE,"offered",TRUE,FALSE,FALSE,""
"reference","man/expr__over.Rd",1,41,"pl$col(""c"")$min()","over","polars_expr",212,TRUE,"offered",TRUE,FALSE,FALSE,""
"reference","man/expr__over.Rd",1,41,"pl$col(""c"")","min","polars_expr",212,TRUE,"offered",TRUE,FALSE,FALSE,""
"reference","man/expr__over.Rd",1,41,"pl","col","pl",103,TRUE,"offered",TRUE,FALSE,FALSE,""
"reference","man/expr__over.Rd",1,41,"pl","col","pl",103,TRUE,"offered",TRUE,FALSE,FALSE,""
"reference","man/expr__over.Rd",1,41,"pl","col","pl",103,TRUE,"offered",TRUE,FALSE,FALSE,""
"reference","man/expr__over.Rd",1,41,"df","with_columns","polars_data_frame",89,TRUE,"offered",TRUE,FALSE,FALSE,""
"reference","man/expr__over.Rd",1,41,"pl$col(""c"")$min()$over(!!!group_vars)$name","suffix","polars_namespace_expr_name",9,TRUE,"offered",TRUE,FALSE,FALSE,""
"reference","man/expr__over.Rd",1,41,"pl$col(""c"")$min()$over(!!!group_vars)","name","polars_expr",212,TRUE,"offered",TRUE,FALSE,FALSE,""
"reference","man/expr__over.Rd",1,41,"pl$col(""c"")$min()","over","polars_expr",212,TRUE,"offered",TRUE,FALSE,FALSE,""
"reference","man/expr__over.Rd",1,41,"pl$col(""c"")","min","polars_expr",212,TRUE,"offered",TRUE,FALSE,FALSE,""
"reference","man/expr__over.Rd",1,41,"pl","col","pl",103,TRUE,"offered",TRUE,FALSE,FALSE,""
"reference","man/expr__over.Rd",1,41,"df","with_columns","polars_data_frame",89,TRUE,"offered",TRUE,FALSE,FALSE,""
"reference","man/expr__over.Rd",1,41,"pl$col(""c"")$min()$over(""a"", pl$col(""b"")%%2)$name","suffix","polars_namespace_expr_name",9,TRUE,"offered",TRUE,FALSE,FALSE,""
"reference","man/expr__over.Rd",1,41,"pl$col(""c"")$min()$over(""a"", pl$col(""b"")%%2)","name","polars_expr",212,TRUE,"offered",TRUE,FALSE,FALSE,""
"reference","man/expr__over.Rd",1,41,"pl$col(""c"")$min()","over","polars_expr",212,TRUE,"offered",TRUE,FALSE,FALSE,""
"reference","man/expr__over.Rd",1,41,"pl$col(""c"")","min","polars_expr",212,TRUE,"offered",TRUE,FALSE,FALSE,""
"reference","man/expr__over.Rd",1,41,"pl","col","pl",103,TRUE,"offered",TRUE,FALSE,FALSE,""
"reference","man/expr__over.Rd",1,41,"pl","col","pl",103,TRUE,"offered",TRUE,FALSE,FALSE,""
"reference","man/expr__over.Rd",1,41,"df","with_columns","polars_data_frame",89,TRUE,"offered",TRUE,FALSE,FALSE,""
"reference","man/expr__over.Rd",1,41,"pl$col(""c"")$top_k(2)","over","polars_expr",212,TRUE,"offered",TRUE,FALSE,FALSE,""
"reference","man/expr__over.Rd",1,41,"pl$col(""c"")","top_k","polars_expr",212,TRUE,"offered",TRUE,FALSE,FALSE,""
"reference","man/expr__over.Rd",1,41,"pl","col","pl",103,TRUE,"offered",TRUE,FALSE,FALSE,""
"reference","man/expr__over.Rd",1,41,"pl","DataFrame","pl",103,TRUE,"offered",TRUE,FALSE,FALSE,""
"reference","man/expr__over.Rd",1,41,"df","with_columns","polars_data_frame",89,TRUE,"offered",TRUE,FALSE,FALSE,""
"reference","man/expr__over.Rd",1,41,"pl$col(""x"")$shift(1)","over","polars_expr",212,TRUE,"offered",TRUE,FALSE,FALSE,""
"reference","man/expr__over.Rd",1,41,"pl$col(""x"")","shift","polars_expr",212,TRUE,"offered",TRUE,FALSE,FALSE,""
"reference","man/expr__over.Rd",1,41,"pl","col","pl",103,TRUE,"offered",TRUE,FALSE,FALSE,""
"reference","man/expr__pct_change.Rd",1,21,"pl","DataFrame","pl",103,TRUE,"offered",TRUE,FALSE,FALSE,""
"reference","man/expr__pct_change.Rd",1,21,"df","with_columns","polars_data_frame",89,TRUE,"offered",TRUE,FALSE,FALSE,""
"reference","man/expr__pct_change.Rd",1,21,"pl$col(""a"")","pct_change","polars_expr",212,TRUE,"offered",TRUE,FALSE,FALSE,""
"reference","man/expr__pct_change.Rd",1,21,"pl","col","pl",103,TRUE,"offered",TRUE,FALSE,FALSE,""
"reference","man/expr__peak_max.Rd",1,15,"pl","DataFrame","pl",103,TRUE,"offered",TRUE,FALSE,FALSE,""
"reference","man/expr__peak_max.Rd",1,15,"df","with_columns","polars_data_frame",89,TRUE,"offered",TRUE,FALSE,FALSE,""
"reference","man/expr__peak_max.Rd",1,15,"pl$col(""x"")","peak_max","polars_expr",212,TRUE,"offered",TRUE,FALSE,FALSE,""
"reference","man/expr__peak_max.Rd",1,15,"pl","col","pl",103,TRUE,"offered",TRUE,FALSE,FALSE,""
"reference","man/expr__peak_min.Rd",1,15,"pl","DataFrame","pl",103,TRUE,"offered",TRUE,FALSE,FALSE,""
"reference","man/expr__peak_min.Rd",1,15,"df","with_columns","polars_data_frame",89,TRUE,"offered",TRUE,FALSE,FALSE,""
"reference","man/expr__peak_min.Rd",1,15,"pl$col(""x"")","peak_min","polars_expr",212,TRUE,"offered",TRUE,FALSE,FALSE,""
"reference","man/expr__peak_min.Rd",1,15,"pl","col","pl",103,TRUE,"offered",TRUE,FALSE,FALSE,""
"reference","man/expr__pow.Rd",1,18,"pl","DataFrame","pl",103,TRUE,"offered",TRUE,FALSE,FALSE,""
"reference","man/expr__pow.Rd",1,18,"df","with_columns","polars_data_frame",89,TRUE,"offered",TRUE,FALSE,FALSE,""
"reference","man/expr__pow.Rd",1,18,"pl$col(""x"")","pow","polars_expr",212,TRUE,"offered",TRUE,FALSE,FALSE,""
"reference","man/expr__pow.Rd",1,18,"pl","col","pl",103,TRUE,"offered",TRUE,FALSE,FALSE,""
"reference","man/expr__pow.Rd",1,18,"pl$col(""x"")","pow","polars_expr",212,TRUE,"offered",TRUE,FALSE,FALSE,""
"reference","man/expr__pow.Rd",1,18,"pl","col","pl",103,TRUE,"offered",TRUE,FALSE,FALSE,""
"reference","man/expr__pow.Rd",1,18,"pl$col(""x"")","log","polars_expr",212,TRUE,"offered",TRUE,FALSE,FALSE,""
"reference","man/expr__pow.Rd",1,18,"pl","col","pl",103,TRUE,"offered",TRUE,FALSE,FALSE,""
"reference","man/expr__product.Rd",1,15,"pl$DataFrame(a = 1:3, b = c(NA, 4, 4))","select","polars_data_frame",89,TRUE,"offered",TRUE,FALSE,FALSE,""
"reference","man/expr__product.Rd",1,15,"pl","DataFrame","pl",103,TRUE,"offered",TRUE,FALSE,FALSE,""
"reference","man/expr__product.Rd",1,15,"pl$all()","product","polars_expr",212,TRUE,"offered",TRUE,FALSE,FALSE,""
"reference","man/expr__product.Rd",1,15,"pl","all","pl",103,TRUE,"offered",TRUE,FALSE,FALSE,""
"reference","man/expr__qcut.Rd",1,51,"pl","DataFrame","pl",103,TRUE,"offered",TRUE,FALSE,FALSE,""
"reference","man/expr__qcut.Rd",1,51,"df","with_columns","polars_data_frame",89,TRUE,"offered",TRUE,FALSE,FALSE,""
"reference","man/expr__qcut.Rd",1,51,"pl$col(""foo"")","qcut","polars_expr",212,TRUE,"offered",TRUE,FALSE,FALSE,""
"reference","man/expr__qcut.Rd",1,51,"pl","col","pl",103,TRUE,"offered",TRUE,FALSE,FALSE,""
"reference","man/expr__qcut.Rd",1,51,"df","with_columns","polars_data_frame",89,TRUE,"offered",TRUE,FALSE,FALSE,""
"reference","man/expr__qcut.Rd",1,51,"pl$col(""foo"")","qcut","polars_expr",212,TRUE,"offered",TRUE,FALSE,FALSE,""
"reference","man/expr__qcut.Rd",1,51,"pl","col","pl",103,TRUE,"offered",TRUE,FALSE,FALSE,""
"reference","man/expr__qcut.Rd",1,51,"df$with_columns(qcut = pl$col(""foo"")$qcut(c(0.25, 0.75), include_breaks = TRUE))","unnest","polars_data_frame",89,TRUE,"offered",TRUE,FALSE,FALSE,""
"reference","man/expr__qcut.Rd",1,51,"df","with_columns","polars_data_frame",89,TRUE,"offered",TRUE,FALSE,FALSE,""
"reference","man/expr__qcut.Rd",1,51,"pl$col(""foo"")","qcut","polars_expr",212,TRUE,"offered",TRUE,FALSE,FALSE,""
"reference","man/expr__qcut.Rd",1,51,"pl","col","pl",103,TRUE,"offered",TRUE,FALSE,FALSE,""
"reference","man/expr__quantile.Rd",1,31,"pl","DataFrame","pl",103,TRUE,"offered",TRUE,FALSE,FALSE,""
"reference","man/expr__quantile.Rd",1,31,"df","select","polars_data_frame",89,TRUE,"offered",TRUE,FALSE,FALSE,""
"reference","man/expr__quantile.Rd",1,31,"pl$col(""a"")","quantile","polars_expr",212,TRUE,"offered",TRUE,FALSE,FALSE,""
"reference","man/expr__quantile.Rd",1,31,"pl","col","pl",103,TRUE,"offered",TRUE,FALSE,FALSE,""
"reference","man/expr__quantile.Rd",1,31,"df","select","polars_data_frame",89,TRUE,"offered",TRUE,FALSE,FALSE,""
"reference","man/expr__quantile.Rd",1,31,"pl$col(""a"")","quantile","polars_expr",212,TRUE,"offered",TRUE,FALSE,FALSE,""
"reference","man/expr__quantile.Rd",1,31,"pl","col","pl",103,TRUE,"offered",TRUE,FALSE,FALSE,""
"reference","man/expr__quantile.Rd",1,31,"df","select","polars_data_frame",89,TRUE,"offered",TRUE,FALSE,FALSE,""
"reference","man/expr__quantile.Rd",1,31,"pl$col(""a"")","quantile","polars_expr",212,TRUE,"offered",TRUE,FALSE,FALSE,""
"reference","man/expr__quantile.Rd",1,31,"pl","col","pl",103,TRUE,"offered",TRUE,FALSE,FALSE,""
"reference","man/expr__quantile.Rd",1,31,"df","select","polars_data_frame",89,TRUE,"offered",TRUE,FALSE,FALSE,""
"reference","man/expr__quantile.Rd",1,31,"pl$col(""a"")","quantile","polars_expr",212,TRUE,"offered",TRUE,FALSE,FALSE,""
"reference","man/expr__quantile.Rd",1,31,"pl","col","pl",103,TRUE,"offered",TRUE,FALSE,FALSE,""
"reference","man/expr__quantile.Rd",1,31,"df","select","polars_data_frame",89,TRUE,"offered",TRUE,FALSE,FALSE,""
"reference","man/expr__quantile.Rd",1,31,"pl$col(""a"")","quantile","polars_expr",212,TRUE,"offered",TRUE,FALSE,FALSE,""
"reference","man/expr__quantile.Rd",1,31,"pl","col","pl",103,TRUE,"offered",TRUE,FALSE,FALSE,""
"reference","man/expr__quantile.Rd",1,31,"df","select","polars_data_frame",89,TRUE,"offered",TRUE,FALSE,FALSE,""
"reference","man/expr__quantile.Rd",1,31,"pl$col(""a"")","quantile","polars_expr",212,TRUE,"offered",TRUE,FALSE,FALSE,""
"reference","man/expr__quantile.Rd",1,31,"pl","col","pl",103,TRUE,"offered",TRUE,FALSE,FALSE,""
"reference","man/expr__radians.Rd",1,15,"pl$DataFrame(a = c(-720, -540, -360, -180, 0, 180, 360, 540, 720))","with_columns","polars_data_frame",89,TRUE,"offered",TRUE,FALSE,FALSE,""
"reference","man/expr__radians.Rd",1,15,"pl","DataFrame","pl",103,TRUE,"offered",TRUE,FALSE,FALSE,""
"reference","man/expr__radians.Rd",1,15,"pl$col(""a"")","radians","polars_expr",212,TRUE,"offered",TRUE,FALSE,FALSE,""
"reference","man/expr__radians.Rd",1,15,"pl","col","pl",103,TRUE,"offered",TRUE,FALSE,FALSE,""
"reference","man/expr__rank.Rd",1,45,"pl","DataFrame","pl",103,TRUE,"offered",TRUE,FALSE,FALSE,""
"reference","man/expr__rank.Rd",1,45,"df","with_columns","polars_data_frame",89,TRUE,"offered",TRUE,FALSE,FALSE,""
"reference","man/expr__rank.Rd",1,45,"pl$col(""a"")","rank","polars_expr",212,TRUE,"offered",TRUE,FALSE,FALSE,""
"reference","man/expr__rank.Rd",1,45,"pl","col","pl",103,TRUE,"offered",TRUE,FALSE,FALSE,""
"reference","man/expr__rank.Rd",1,45,"df","with_columns","polars_data_frame",89,TRUE,"offered",TRUE,FALSE,FALSE,""
"reference","man/expr__rank.Rd",1,45,"pl$col(""a"")","rank","polars_expr",212,TRUE,"offered",TRUE,FALSE,FALSE,""
"reference","man/expr__rank.Rd",1,45,"pl","col","pl",103,TRUE,"offered",TRUE,FALSE,FALSE,""
"reference","man/expr__rank.Rd",1,45,"pl","DataFrame","pl",103,TRUE,"offered",TRUE,FALSE,FALSE,""
"reference","man/expr__rank.Rd",1,45,"df","with_columns","polars_data_frame",89,TRUE,"offered",TRUE,FALSE,FALSE,""
"reference","man/expr__rank.Rd",1,45,"pl$col(""b"")$rank()","over","polars_expr",212,TRUE,"offered",TRUE,FALSE,FALSE,""
"reference","man/expr__rank.Rd",1,45,"pl$col(""b"")","rank","polars_expr",212,TRUE,"offered",TRUE,FALSE,FALSE,""
"reference","man/expr__rank.Rd",1,45,"pl","col","pl",103,TRUE,"offered",TRUE,FALSE,FALSE,""
"reference","man/expr__reinterpret.Rd",1,24,"pl$DataFrame(a = c(1, 1, 2))","cast","polars_data_frame",89,TRUE,"offered",TRUE,FALSE,FALSE,""
"reference","man/expr__reinterpret.Rd",1,24,"pl","DataFrame","pl",103,TRUE,"offered",TRUE,FALSE,FALSE,""
"reference","man/expr__reinterpret.Rd",1,24,"pl","UInt64","pl",103,TRUE,"offered",TRUE,FALSE,FALSE,""
"reference","man/expr__reinterpret.Rd",1,24,"df","with_columns","polars_data_frame",89,TRUE,"offered",TRUE,FALSE,FALSE,""
"reference","man/expr__reinterpret.Rd",1,24,"pl$col(""a"")","reinterpret","polars_expr",212,TRUE,"offered",TRUE,FALSE,FALSE,""
"reference","man/expr__reinterpret.Rd",1,24,"pl","col","pl",103,TRUE,"offered",TRUE,FALSE,FALSE,""
"reference","man/expr__reinterpret.Rd",1,24,"pl","Int64","pl",103,TRUE,"offered",TRUE,FALSE,FALSE,""
"reference","man/expr__repeat_by.Rd",1,21,"pl","DataFrame","pl",103,TRUE,"offered",TRUE,FALSE,FALSE,""
"reference","man/expr__repeat_by.Rd",1,21,"df","with_columns","polars_data_frame",89,TRUE,"offered",TRUE,FALSE,FALSE,""
"reference","man/expr__repeat_by.Rd",1,21,"pl$col(""a"")","repeat_by","polars_expr",212,TRUE,"offered",TRUE,FALSE,FALSE,""
"reference","man/expr__repeat_by.Rd",1,21,"pl","col","pl",103,TRUE,"offered",TRUE,FALSE,FALSE,""
"reference","man/expr__replace_strict.Rd",1,39,"pl","DataFrame","pl",103,TRUE,"offered",TRUE,FALSE,FALSE,""
"reference","man/expr__replace_strict.Rd",1,39,"df","with_columns","polars_data_frame",89,TRUE,"offered",TRUE,FALSE,FALSE,""
"reference","man/expr__replace_strict.Rd",1,39,"pl$col(""a"")","replace_strict","polars_expr",212,TRUE,"offered",TRUE,FALSE,FALSE,""
"reference","man/expr__replace_strict.Rd",1,39,"pl","col","pl",103,TRUE,"offered",TRUE,FALSE,FALSE,""
"reference","man/expr__replace_strict.Rd",1,39,"df","with_columns","polars_data_frame",89,TRUE,"offered",TRUE,FALSE,FALSE,""
"reference","man/expr__replace_strict.Rd",1,39,"pl$col(""a"")","replace_strict","polars_expr",212,TRUE,"offered",TRUE,FALSE,FALSE,""
"reference","man/expr__replace_strict.Rd",1,39,"pl","col","pl",103,TRUE,"offered",TRUE,FALSE,FALSE,""
"reference","man/expr__replace_strict.Rd",1,39,"df","with_columns","polars_data_frame",89,TRUE,"offered",TRUE,FALSE,FALSE,""
"reference","man/expr__replace_strict.Rd",1,39,"pl$col(""a"")","replace_strict","polars_expr",212,TRUE,"offered",TRUE,FALSE,FALSE,""
"reference","man/expr__replace_strict.Rd",1,39,"pl","col","pl",103,TRUE,"offered",TRUE,FALSE,FALSE,""
"reference","man/expr__replace_strict.Rd",1,39,"df","with_columns","polars_data_frame",89,TRUE,"offered",TRUE,FALSE,FALSE,""
"reference","man/expr__replace_strict.Rd",1,39,"pl$col(""a"")","replace_strict","polars_expr",212,TRUE,"offered",TRUE,FALSE,FALSE,""
"reference","man/expr__replace_strict.Rd",1,39,"pl","col","pl",103,TRUE,"offered",TRUE,FALSE,FALSE,""
"reference","man/expr__replace_strict.Rd",1,39,"df","with_columns","polars_data_frame",89,TRUE,"offered",TRUE,FALSE,FALSE,""
"reference","man/expr__replace_strict.Rd",1,39,"pl$col(""a"")","replace_strict","polars_expr",212,TRUE,"offered",TRUE,FALSE,FALSE,""
"reference","man/expr__replace_strict.Rd",1,39,"pl","col","pl",103,TRUE,"offered",TRUE,FALSE,FALSE,""
"reference","man/expr__replace_strict.Rd",1,39,"pl","Int32","pl",103,TRUE,"offered",TRUE,FALSE,FALSE,""
"reference","man/expr__replace_strict.Rd",1,39,"pl","DataFrame","pl",103,TRUE,"offered",TRUE,FALSE,FALSE,""
"reference","man/expr__replace_strict.Rd",1,39,"df","with_columns","polars_data_frame",89,TRUE,"offered",TRUE,FALSE,FALSE,""
"reference","man/expr__replace_strict.Rd",1,39,"pl$col(""a"")","replace_strict","polars_expr",212,TRUE,"offered",TRUE,FALSE,FALSE,""
"reference","man/expr__replace_strict.Rd",1,39,"pl","col","pl",103,TRUE,"offered",TRUE,FALSE,FALSE,""
"reference","man/expr__replace_strict.Rd",1,39,"pl$col(""a"")","max","polars_expr",212,TRUE,"offered",TRUE,FALSE,FALSE,""
"reference","man/expr__replace_strict.Rd",1,39,"pl","col","pl",103,TRUE,"offered",TRUE,FALSE,FALSE,""
"reference","man/expr__replace_strict.Rd",1,39,"pl$col(""b"")","sum","polars_expr",212,TRUE,"offered",TRUE,FALSE,FALSE,""
"reference","man/expr__replace_strict.Rd",1,39,"pl","col","pl",103,TRUE,"offered",TRUE,FALSE,FALSE,""
"reference","man/expr__replace_strict.Rd",1,39,"pl","col","pl",103,TRUE,"offered",TRUE,FALSE,FALSE,""
"reference","man/expr__replace.Rd",1,29,"pl","DataFrame","pl",103,TRUE,"offered",TRUE,FALSE,FALSE,""
"reference","man/expr__replace.Rd",1,29,"df","with_columns","polars_data_frame",89,TRUE,"offered",TRUE,FALSE,FALSE,""
"reference","man/expr__replace.Rd",1,29,"pl$col(""a"")","replace","polars_expr",212,TRUE,"offered",TRUE,FALSE,FALSE,""
"reference","man/expr__replace.Rd",1,29,"pl","col","pl",103,TRUE,"offered",TRUE,FALSE,FALSE,""
"reference","man/expr__replace.Rd",1,29,"df","with_columns","polars_data_frame",89,TRUE,"offered",TRUE,FALSE,FALSE,""
"reference","man/expr__replace.Rd",1,29,"pl$col(""a"")","replace","polars_expr",212,TRUE,"offered",TRUE,FALSE,FALSE,""
"reference","man/expr__replace.Rd",1,29,"pl","col","pl",103,TRUE,"offered",TRUE,FALSE,FALSE,""
"reference","man/expr__replace.Rd",1,29,"df","with_columns","polars_data_frame",89,TRUE,"offered",TRUE,FALSE,FALSE,""
"reference","man/expr__replace.Rd",1,29,"pl$col(""a"")","replace","polars_expr",212,TRUE,"offered",TRUE,FALSE,FALSE,""
"reference","man/expr__replace.Rd",1,29,"pl","col","pl",103,TRUE,"offered",TRUE,FALSE,FALSE,""
"reference","man/expr__replace.Rd",1,29,"pl","DataFrame","pl",103,TRUE,"offered",TRUE,FALSE,FALSE,""
"reference","man/expr__replace.Rd",1,29,"df","with_columns","polars_data_frame",89,TRUE,"offered",TRUE,FALSE,FALSE,""
"reference","man/expr__replace.Rd",1,29,"pl$col(""a"")","replace","polars_expr",212,TRUE,"offered",TRUE,FALSE,FALSE,""
"reference","man/expr__replace.Rd",1,29,"pl","col","pl",103,TRUE,"offered",TRUE,FALSE,FALSE,""
"reference","man/expr__replace.Rd",1,29,"pl","DataFrame","pl",103,TRUE,"offered",TRUE,FALSE,FALSE,""
"reference","man/expr__replace.Rd",1,29,"df","with_columns","polars_data_frame",89,TRUE,"offered",TRUE,FALSE,FALSE,""
"reference","man/expr__replace.Rd",1,29,"pl$col(""a"")","replace","polars_expr",212,TRUE,"offered",TRUE,FALSE,FALSE,""
"reference","man/expr__replace.Rd",1,29,"pl","col","pl",103,TRUE,"offered",TRUE,FALSE,FALSE,""
"reference","man/expr__replace.Rd",1,29,"pl$col(""a"")","max","polars_expr",212,TRUE,"offered",TRUE,FALSE,FALSE,""
"reference","man/expr__replace.Rd",1,29,"pl","col","pl",103,TRUE,"offered",TRUE,FALSE,FALSE,""
"reference","man/expr__replace.Rd",1,29,"pl$col(""b"")","sum","polars_expr",212,TRUE,"offered",TRUE,FALSE,FALSE,""
"reference","man/expr__replace.Rd",1,29,"pl","col","pl",103,TRUE,"offered",TRUE,FALSE,FALSE,""
"reference","man/expr__reshape.Rd",1,26,"pl","DataFrame","pl",103,TRUE,"offered",TRUE,FALSE,FALSE,""
"reference","man/expr__reshape.Rd",1,26,"df","select","polars_data_frame",89,TRUE,"offered",TRUE,FALSE,FALSE,""
"reference","man/expr__reshape.Rd",1,26,"pl$col(""foo"")","reshape","polars_expr",212,TRUE,"offered",TRUE,FALSE,FALSE,""
"reference","man/expr__reshape.Rd",1,26,"pl","col","pl",103,TRUE,"offered",TRUE,FALSE,FALSE,""
"reference","man/expr__reshape.Rd",1,26,"df","select","polars_data_frame",89,TRUE,"offered",TRUE,FALSE,FALSE,""
"reference","man/expr__reshape.Rd",1,26,"pl$col(""foo"")","reshape","polars_expr",212,TRUE,"offered",TRUE,FALSE,FALSE,""
"reference","man/expr__reshape.Rd",1,26,"pl","col","pl",103,TRUE,"offered",TRUE,FALSE,FALSE,""
"reference","man/expr__reshape.Rd",1,26,"df","select","polars_data_frame",89,TRUE,"offered",TRUE,FALSE,FALSE,""
"reference","man/expr__reshape.Rd",1,26,"pl$col(""foo"")","reshape","polars_expr",212,TRUE,"offered",TRUE,FALSE,FALSE,""
"reference","man/expr__reshape.Rd",1,26,"pl","col","pl",103,TRUE,"offered",TRUE,FALSE,FALSE,""
"reference","man/expr__reshape.Rd",1,26,"df","select","polars_data_frame",89,TRUE,"offered",TRUE,FALSE,FALSE,""
"reference","man/expr__reshape.Rd",1,26,"pl$col(""foo"")","reshape","polars_expr",212,TRUE,"offered",TRUE,FALSE,FALSE,""
"reference","man/expr__reshape.Rd",1,26,"pl","col","pl",103,TRUE,"offered",TRUE,FALSE,FALSE,""
"reference","man/expr__reshape.Rd",1,26,"df","select","polars_data_frame",89,TRUE,"offered",TRUE,FALSE,FALSE,""
"reference","man/expr__reshape.Rd",1,26,"pl$col(""foo"")","reshape","polars_expr",212,TRUE,"offered",TRUE,FALSE,FALSE,""
"reference","man/expr__reshape.Rd",1,26,"pl","col","pl",103,TRUE,"offered",TRUE,FALSE,FALSE,""
"reference","man/expr__reshape.Rd",1,26,"df","select","polars_data_frame",89,TRUE,"offered",TRUE,FALSE,FALSE,""
"reference","man/expr__reshape.Rd",1,26,"pl$col(""foo"")","reshape","polars_expr",212,TRUE,"offered",TRUE,FALSE,FALSE,""
"reference","man/expr__reshape.Rd",1,26,"pl","col","pl",103,TRUE,"offered",TRUE,FALSE,FALSE,""
"reference","man/expr__reverse.Rd",1,15,"pl","DataFrame","pl",103,TRUE,"offered",TRUE,FALSE,FALSE,""
"reference","man/expr__reverse.Rd",1,15,"df","with_columns","polars_data_frame",89,TRUE,"offered",TRUE,FALSE,FALSE,""
"reference","man/expr__reverse.Rd",1,15,"pl$all()$reverse()$name","suffix","polars_namespace_expr_name",9,TRUE,"offered",TRUE,FALSE,FALSE,""
"reference","man/expr__reverse.Rd",1,15,"pl$all()$reverse()","name","polars_expr",212,TRUE,"offered",TRUE,FALSE,FALSE,""
"reference","man/expr__reverse.Rd",1,15,"pl$all()","reverse","polars_expr",212,TRUE,"offered",TRUE,FALSE,FALSE,""
"reference","man/expr__reverse.Rd",1,15,"pl","all","pl",103,TRUE,"offered",TRUE,FALSE,FALSE,""
"reference","man/expr__rle_id.Rd",1,21,"pl","DataFrame","pl",103,TRUE,"offered",TRUE,FALSE,FALSE,""
"reference","man/expr__rle_id.Rd",1,21,"df","with_columns","polars_data_frame",89,TRUE,"offered",TRUE,FALSE,FALSE,""
"reference","man/expr__rle_id.Rd",1,21,"pl$col(""a"")","rle_id","polars_expr",212,TRUE,"offered",TRUE,FALSE,FALSE,""
"reference","man/expr__rle_id.Rd",1,21,"pl","col","pl",103,TRUE,"offered",TRUE,FALSE,FALSE,""
"reference","man/expr__rle_id.Rd",1,21,"pl$struct(""a"", ""b"")","rle_id","polars_expr",212,TRUE,"offered",TRUE,FALSE,FALSE,""
"reference","man/expr__rle_id.Rd",1,21,"pl","struct","pl",103,TRUE,"offered",TRUE,FALSE,FALSE,""
"reference","man/expr__rle.Rd",1,16,"pl","DataFrame","pl",103,TRUE,"offered",TRUE,FALSE,FALSE,""
"reference","man/expr__rle.Rd",1,16,"df$select(pl$col(""a"")$rle())","unnest","polars_data_frame",89,TRUE,"offered",TRUE,FALSE,FALSE,""
"reference","man/expr__rle.Rd",1,16,"df","select","polars_data_frame",89,TRUE,"offered",TRUE,FALSE,FALSE,""
"reference","man/expr__rle.Rd",1,16,"pl$col(""a"")","rle","polars_expr",212,TRUE,"offered",TRUE,FALSE,FALSE,""
"reference","man/expr__rle.Rd",1,16,"pl","col","pl",103,TRUE,"offered",TRUE,FALSE,FALSE,""
"reference","man/expr__rolling_kurtosis.Rd",1,41,"pl","DataFrame","pl",103,TRUE,"offered",TRUE,FALSE,FALSE,""
"reference","man/expr__rolling_kurtosis.Rd",1,41,"df","with_columns","polars_data_frame",89,TRUE,"offered",TRUE,FALSE,FALSE,""
"reference","man/expr__rolling_kurtosis.Rd",1,41,"pl$col(""a"")","rolling_kurtosis","polars_expr",212,TRUE,"offered",TRUE,FALSE,FALSE,""
"reference","man/expr__rolling_kurtosis.Rd",1,41,"pl","col","pl",103,TRUE,"offered",TRUE,FALSE,FALSE,""
"reference","man/expr__rolling_kurtosis.Rd",1,41,"df","with_columns","polars_data_frame",89,TRUE,"offered",TRUE,FALSE,FALSE,""
"reference","man/expr__rolling_kurtosis.Rd",1,41,"pl$col(""a"")","rolling_kurtosis","polars_expr",212,TRUE,"offered",TRUE,FALSE,FALSE,""
"reference","man/expr__rolling_kurtosis.Rd",1,41,"pl","col","pl",103,TRUE,"offered",TRUE,FALSE,FALSE,""
"reference","man/expr__rolling_max_by.Rd",1,71,"pl","select","pl",103,TRUE,"offered",TRUE,FALSE,FALSE,""
"reference","man/expr__rolling_max_by.Rd",1,71,"pl","datetime_range","pl",103,TRUE,"offered",TRUE,FALSE,FALSE,""
"reference","man/expr__rolling_max_by.Rd",1,71,"df_temporal","with_columns","polars_data_frame",89,TRUE,"offered",TRUE,FALSE,FALSE,""
"reference","man/expr__rolling_max_by.Rd",1,71,"pl$col(""index"")","rolling_max_by","polars_expr",212,TRUE,"offered",TRUE,FALSE,FALSE,""
"reference","man/expr__rolling_max_by.Rd",1,71,"pl","col","pl",103,TRUE,"offered",TRUE,FALSE,FALSE,""
"reference","man/expr__rolling_max_by.Rd",1,71,"df_temporal","with_columns","polars_data_frame",89,TRUE,"offered",TRUE,FALSE,FALSE,""
"reference","man/expr__rolling_max_by.Rd",1,71,"pl$col(""index"")","rolling_max_by","polars_expr",212,TRUE,"offered",TRUE,FALSE,FALSE,""
"reference","man/expr__rolling_max_by.Rd",1,71,"pl","col","pl",103,TRUE,"offered",TRUE,FALSE,FALSE,""
"reference","man/expr__rolling_max.Rd",1,47,"pl","DataFrame","pl",103,TRUE,"offered",TRUE,FALSE,FALSE,""
"reference","man/expr__rolling_max.Rd",1,47,"df","with_columns","polars_data_frame",89,TRUE,"offered",TRUE,FALSE,FALSE,""
"reference","man/expr__rolling_max.Rd",1,47,"pl$col(""a"")","rolling_max","polars_expr",212,TRUE,"offered",TRUE,FALSE,FALSE,""
"reference","man/expr__rolling_max.Rd",1,47,"pl","col","pl",103,TRUE,"offered",TRUE,FALSE,FALSE,""
"reference","man/expr__rolling_max.Rd",1,47,"df","with_columns","polars_data_frame",89,TRUE,"offered",TRUE,FALSE,FALSE,""
"reference","man/expr__rolling_max.Rd",1,47,"pl$col(""a"")","rolling_max","polars_expr",212,TRUE,"offered",TRUE,FALSE,FALSE,""
"reference","man/expr__rolling_max.Rd",1,47,"pl","col","pl",103,TRUE,"offered",TRUE,FALSE,FALSE,""
"reference","man/expr__rolling_max.Rd",1,47,"df","with_columns","polars_data_frame",89,TRUE,"offered",TRUE,FALSE,FALSE,""
"reference","man/expr__rolling_max.Rd",1,47,"pl$col(""a"")","rolling_max","polars_expr",212,TRUE,"offered",TRUE,FALSE,FALSE,""
"reference","man/expr__rolling_max.Rd",1,47,"pl","col","pl",103,TRUE,"offered",TRUE,FALSE,FALSE,""
"reference","man/expr__rolling_mean_by.Rd",1,71,"pl","select","pl",103,TRUE,"offered",TRUE,FALSE,FALSE,""
"reference","man/expr__rolling_mean_by.Rd",1,71,"pl","datetime_range","pl",103,TRUE,"offered",TRUE,FALSE,FALSE,""
"reference","man/expr__rolling_mean_by.Rd",1,71,"df_temporal","with_columns","polars_data_frame",89,TRUE,"offered",TRUE,FALSE,FALSE,""
"reference","man/expr__rolling_mean_by.Rd",1,71,"pl$col(""index"")","rolling_mean_by","polars_expr",212,TRUE,"offered",TRUE,FALSE,FALSE,""
"reference","man/expr__rolling_mean_by.Rd",1,71,"pl","col","pl",103,TRUE,"offered",TRUE,FALSE,FALSE,""
"reference","man/expr__rolling_mean_by.Rd",1,71,"df_temporal","with_columns","polars_data_frame",89,TRUE,"offered",TRUE,FALSE,FALSE,""
"reference","man/expr__rolling_mean_by.Rd",1,71,"pl$col(""index"")","rolling_mean_by","polars_expr",212,TRUE,"offered",TRUE,FALSE,FALSE,""
"reference","man/expr__rolling_mean_by.Rd",1,71,"pl","col","pl",103,TRUE,"offered",TRUE,FALSE,FALSE,""
"reference","man/expr__rolling_mean.Rd",1,47,"pl","DataFrame","pl",103,TRUE,"offered",TRUE,FALSE,FALSE,""
"reference","man/expr__rolling_mean.Rd",1,47,"df","with_columns","polars_data_frame",89,TRUE,"offered",TRUE,FALSE,FALSE,""
"reference","man/expr__rolling_mean.Rd",1,47,"pl$col(""a"")","rolling_mean","polars_expr",212,TRUE,"offered",TRUE,FALSE,FALSE,""
"reference","man/expr__rolling_mean.Rd",1,47,"pl","col","pl",103,TRUE,"offered",TRUE,FALSE,FALSE,""
"reference","man/expr__rolling_mean.Rd",1,47,"df","with_columns","polars_data_frame",89,TRUE,"offered",TRUE,FALSE,FALSE,""
"reference","man/expr__rolling_mean.Rd",1,47,"pl$col(""a"")","rolling_mean","polars_expr",212,TRUE,"offered",TRUE,FALSE,FALSE,""
"reference","man/expr__rolling_mean.Rd",1,47,"pl","col","pl",103,TRUE,"offered",TRUE,FALSE,FALSE,""
"reference","man/expr__rolling_mean.Rd",1,47,"df","with_columns","polars_data_frame",89,TRUE,"offered",TRUE,FALSE,FALSE,""
"reference","man/expr__rolling_mean.Rd",1,47,"pl$col(""a"")","rolling_mean","polars_expr",212,TRUE,"offered",TRUE,FALSE,FALSE,""
"reference","man/expr__rolling_mean.Rd",1,47,"pl","col","pl",103,TRUE,"offered",TRUE,FALSE,FALSE,""
"reference","man/expr__rolling_median_by.Rd",1,71,"pl","select","pl",103,TRUE,"offered",TRUE,FALSE,FALSE,""
"reference","man/expr__rolling_median_by.Rd",1,71,"pl","datetime_range","pl",103,TRUE,"offered",TRUE,FALSE,FALSE,""
"reference","man/expr__rolling_median_by.Rd",1,71,"df_temporal","with_columns","polars_data_frame",89,TRUE,"offered",TRUE,FALSE,FALSE,""
"reference","man/expr__rolling_median_by.Rd",1,71,"pl$col(""index"")","rolling_median_by","polars_expr",212,TRUE,"offered",TRUE,FALSE,FALSE,""
"reference","man/expr__rolling_median_by.Rd",1,71,"pl","col","pl",103,TRUE,"offered",TRUE,FALSE,FALSE,""
"reference","man/expr__rolling_median_by.Rd",1,71,"df_temporal","with_columns","polars_data_frame",89,TRUE,"offered",TRUE,FALSE,FALSE,""
"reference","man/expr__rolling_median_by.Rd",1,71,"pl$col(""index"")","rolling_median_by","polars_expr",212,TRUE,"offered",TRUE,FALSE,FALSE,""
"reference","man/expr__rolling_median_by.Rd",1,71,"pl","col","pl",103,TRUE,"offered",TRUE,FALSE,FALSE,""
"reference","man/expr__rolling_median.Rd",1,47,"pl","DataFrame","pl",103,TRUE,"offered",TRUE,FALSE,FALSE,""
"reference","man/expr__rolling_median.Rd",1,47,"df","with_columns","polars_data_frame",89,TRUE,"offered",TRUE,FALSE,FALSE,""
"reference","man/expr__rolling_median.Rd",1,47,"pl$col(""a"")","rolling_median","polars_expr",212,TRUE,"offered",TRUE,FALSE,FALSE,""
"reference","man/expr__rolling_median.Rd",1,47,"pl","col","pl",103,TRUE,"offered",TRUE,FALSE,FALSE,""
"reference","man/expr__rolling_median.Rd",1,47,"df","with_columns","polars_data_frame",89,TRUE,"offered",TRUE,FALSE,FALSE,""
"reference","man/expr__rolling_median.Rd",1,47,"pl$col(""a"")","rolling_median","polars_expr",212,TRUE,"offered",TRUE,FALSE,FALSE,""
"reference","man/expr__rolling_median.Rd",1,47,"pl","col","pl",103,TRUE,"offered",TRUE,FALSE,FALSE,""
"reference","man/expr__rolling_median.Rd",1,47,"df","with_columns","polars_data_frame",89,TRUE,"offered",TRUE,FALSE,FALSE,""
"reference","man/expr__rolling_median.Rd",1,47,"pl$col(""a"")","rolling_median","polars_expr",212,TRUE,"offered",TRUE,FALSE,FALSE,""
"reference","man/expr__rolling_median.Rd",1,47,"pl","col","pl",103,TRUE,"offered",TRUE,FALSE,FALSE,""
"reference","man/expr__rolling_min_by.Rd",1,71,"pl","select","pl",103,TRUE,"offered",TRUE,FALSE,FALSE,""
"reference","man/expr__rolling_min_by.Rd",1,71,"pl","datetime_range","pl",103,TRUE,"offered",TRUE,FALSE,FALSE,""
"reference","man/expr__rolling_min_by.Rd",1,71,"df_temporal","with_columns","polars_data_frame",89,TRUE,"offered",TRUE,FALSE,FALSE,""
"reference","man/expr__rolling_min_by.Rd",1,71,"pl$col(""index"")","rolling_min_by","polars_expr",212,TRUE,"offered",TRUE,FALSE,FALSE,""
"reference","man/expr__rolling_min_by.Rd",1,71,"pl","col","pl",103,TRUE,"offered",TRUE,FALSE,FALSE,""
"reference","man/expr__rolling_min_by.Rd",1,71,"df_temporal","with_columns","polars_data_frame",89,TRUE,"offered",TRUE,FALSE,FALSE,""
"reference","man/expr__rolling_min_by.Rd",1,71,"pl$col(""index"")","rolling_min_by","polars_expr",212,TRUE,"offered",TRUE,FALSE,FALSE,""
"reference","man/expr__rolling_min_by.Rd",1,71,"pl","col","pl",103,TRUE,"offered",TRUE,FALSE,FALSE,""
"reference","man/expr__rolling_min.Rd",1,47,"pl","DataFrame","pl",103,TRUE,"offered",TRUE,FALSE,FALSE,""
"reference","man/expr__rolling_min.Rd",1,47,"df","with_columns","polars_data_frame",89,TRUE,"offered",TRUE,FALSE,FALSE,""
"reference","man/expr__rolling_min.Rd",1,47,"pl$col(""a"")","rolling_min","polars_expr",212,TRUE,"offered",TRUE,FALSE,FALSE,""
"reference","man/expr__rolling_min.Rd",1,47,"pl","col","pl",103,TRUE,"offered",TRUE,FALSE,FALSE,""
"reference","man/expr__rolling_min.Rd",1,47,"df","with_columns","polars_data_frame",89,TRUE,"offered",TRUE,FALSE,FALSE,""
"reference","man/expr__rolling_min.Rd",1,47,"pl$col(""a"")","rolling_min","polars_expr",212,TRUE,"offered",TRUE,FALSE,FALSE,""
"reference","man/expr__rolling_min.Rd",1,47,"pl","col","pl",103,TRUE,"offered",TRUE,FALSE,FALSE,""
"reference","man/expr__rolling_min.Rd",1,47,"df","with_columns","polars_data_frame",89,TRUE,"offered",TRUE,FALSE,FALSE,""
"reference","man/expr__rolling_min.Rd",1,47,"pl$col(""a"")","rolling_min","polars_expr",212,TRUE,"offered",TRUE,FALSE,FALSE,""
"reference","man/expr__rolling_min.Rd",1,47,"pl","col","pl",103,TRUE,"offered",TRUE,FALSE,FALSE,""
"reference","man/expr__rolling_quantile_by.Rd",1,85,"pl","select","pl",103,TRUE,"offered",TRUE,FALSE,FALSE,""
"reference","man/expr__rolling_quantile_by.Rd",1,85,"pl","datetime_range","pl",103,TRUE,"offered",TRUE,FALSE,FALSE,""
"reference","man/expr__rolling_quantile_by.Rd",1,85,"df_temporal","with_columns","polars_data_frame",89,TRUE,"offered",TRUE,FALSE,FALSE,""
"reference","man/expr__rolling_quantile_by.Rd",1,85,"pl$col(""index"")","rolling_quantile_by","polars_expr",212,TRUE,"offered",TRUE,FALSE,FALSE,""
"reference","man/expr__rolling_quantile_by.Rd",1,85,"pl","col","pl",103,TRUE,"offered",TRUE,FALSE,FALSE,""
"reference","man/expr__rolling_quantile_by.Rd",1,85,"df_temporal","with_columns","polars_data_frame",89,TRUE,"offered",TRUE,FALSE,FALSE,""
"reference","man/expr__rolling_quantile_by.Rd",1,85,"pl$col(""index"")","rolling_quantile_by","polars_expr",212,TRUE,"offered",TRUE,FALSE,FALSE,""
"reference","man/expr__rolling_quantile_by.Rd",1,85,"pl","col","pl",103,TRUE,"offered",TRUE,FALSE,FALSE,""
"reference","man/expr__rolling_quantile.Rd",1,61,"pl","DataFrame","pl",103,TRUE,"offered",TRUE,FALSE,FALSE,""
"reference","man/expr__rolling_quantile.Rd",1,61,"df","with_columns","polars_data_frame",89,TRUE,"offered",TRUE,FALSE,FALSE,""
"reference","man/expr__rolling_quantile.Rd",1,61,"pl$col(""a"")","rolling_quantile","polars_expr",212,TRUE,"offered",TRUE,FALSE,FALSE,""
"reference","man/expr__rolling_quantile.Rd",1,61,"pl","col","pl",103,TRUE,"offered",TRUE,FALSE,FALSE,""
"reference","man/expr__rolling_quantile.Rd",1,61,"df","with_columns","polars_data_frame",89,TRUE,"offered",TRUE,FALSE,FALSE,""
"reference","man/expr__rolling_quantile.Rd",1,61,"pl$col(""a"")","rolling_quantile","polars_expr",212,TRUE,"offered",TRUE,FALSE,FALSE,""
"reference","man/expr__rolling_quantile.Rd",1,61,"pl","col","pl",103,TRUE,"offered",TRUE,FALSE,FALSE,""
"reference","man/expr__rolling_quantile.Rd",1,61,"df","with_columns","polars_data_frame",89,TRUE,"offered",TRUE,FALSE,FALSE,""
"reference","man/expr__rolling_quantile.Rd",1,61,"pl$col(""a"")","rolling_quantile","polars_expr",212,TRUE,"offered",TRUE,FALSE,FALSE,""
"reference","man/expr__rolling_quantile.Rd",1,61,"pl","col","pl",103,TRUE,"offered",TRUE,FALSE,FALSE,""
"reference","man/expr__rolling_quantile.Rd",1,61,"df","with_columns","polars_data_frame",89,TRUE,"offered",TRUE,FALSE,FALSE,""
"reference","man/expr__rolling_quantile.Rd",1,61,"pl$col(""a"")","rolling_quantile","polars_expr",212,TRUE,"offered",TRUE,FALSE,FALSE,""
"reference","man/expr__rolling_quantile.Rd",1,61,"pl","col","pl",103,TRUE,"offered",TRUE,FALSE,FALSE,""
"reference","man/expr__rolling_rank_by.Rd",1,92,"pl","select","pl",103,TRUE,"offered",TRUE,FALSE,FALSE,""
"reference","man/expr__rolling_rank_by.Rd",1,92,"pl","datetime_range","pl",103,TRUE,"offered",TRUE,FALSE,FALSE,""
"reference","man/expr__rolling_rank_by.Rd",1,92,"df_temporal","with_columns","polars_data_frame",89,TRUE,"offered",TRUE,FALSE,FALSE,""
"reference","man/expr__rolling_rank_by.Rd",1,92,"pl$col(""index"")","rolling_rank_by","polars_expr",212,TRUE,"offered",TRUE,FALSE,FALSE,""
"reference","man/expr__rolling_rank_by.Rd",1,92,"pl","col","pl",103,TRUE,"offered",TRUE,FALSE,FALSE,""
"reference","man/expr__rolling_rank_by.Rd",1,92,"df_temporal","with_columns","polars_data_frame",89,TRUE,"offered",TRUE,FALSE,FALSE,""
"reference","man/expr__rolling_rank_by.Rd",1,92,"pl$col(""index"")","rolling_rank_by","polars_expr",212,TRUE,"offered",TRUE,FALSE,FALSE,""
"reference","man/expr__rolling_rank_by.Rd",1,92,"pl","col","pl",103,TRUE,"offered",TRUE,FALSE,FALSE,""
"reference","man/expr__rolling_rank.Rd",1,62,"pl","DataFrame","pl",103,TRUE,"offered",TRUE,FALSE,FALSE,""
"reference","man/expr__rolling_rank.Rd",1,62,"df","select","polars_data_frame",89,TRUE,"offered",TRUE,FALSE,FALSE,""
"reference","man/expr__rolling_rank.Rd",1,62,"pl$col(""a"")","rolling_rank","polars_expr",212,TRUE,"offered",TRUE,FALSE,FALSE,""
"reference","man/expr__rolling_rank.Rd",1,62,"pl","col","pl",103,TRUE,"offered",TRUE,FALSE,FALSE,""
"reference","man/expr__rolling_skew.Rd",1,45,"pl","DataFrame","pl",103,TRUE,"offered",TRUE,FALSE,FALSE,""
"reference","man/expr__rolling_skew.Rd",1,45,"df","with_columns","polars_data_frame",89,TRUE,"offered",TRUE,FALSE,FALSE,""
"reference","man/expr__rolling_skew.Rd",1,45,"pl$col(""a"")","rolling_skew","polars_expr",212,TRUE,"offered",TRUE,FALSE,FALSE,""
"reference","man/expr__rolling_skew.Rd",1,45,"pl","col","pl",103,TRUE,"offered",TRUE,FALSE,FALSE,""
"reference","man/expr__rolling_std_by.Rd",1,76,"pl","select","pl",103,TRUE,"offered",TRUE,FALSE,FALSE,""
"reference","man/expr__rolling_std_by.Rd",1,76,"pl","datetime_range","pl",103,TRUE,"offered",TRUE,FALSE,FALSE,""
"reference","man/expr__rolling_std_by.Rd",1,76,"df_temporal","with_columns","polars_data_frame",89,TRUE,"offered",TRUE,FALSE,FALSE,""
"reference","man/expr__rolling_std_by.Rd",1,76,"pl$col(""index"")","rolling_std_by","polars_expr",212,TRUE,"offered",TRUE,FALSE,FALSE,""
"reference","man/expr__rolling_std_by.Rd",1,76,"pl","col","pl",103,TRUE,"offered",TRUE,FALSE,FALSE,""
"reference","man/expr__rolling_std_by.Rd",1,76,"df_temporal","with_columns","polars_data_frame",89,TRUE,"offered",TRUE,FALSE,FALSE,""
"reference","man/expr__rolling_std_by.Rd",1,76,"pl$col(""index"")","rolling_std_by","polars_expr",212,TRUE,"offered",TRUE,FALSE,FALSE,""
"reference","man/expr__rolling_std_by.Rd",1,76,"pl","col","pl",103,TRUE,"offered",TRUE,FALSE,FALSE,""
"reference","man/expr__rolling_std.Rd",1,52,"pl","DataFrame","pl",103,TRUE,"offered",TRUE,FALSE,FALSE,""
"reference","man/expr__rolling_std.Rd",1,52,"df","with_columns","polars_data_frame",89,TRUE,"offered",TRUE,FALSE,FALSE,""
"reference","man/expr__rolling_std.Rd",1,52,"pl$col(""a"")","rolling_std","polars_expr",212,TRUE,"offered",TRUE,FALSE,FALSE,""
"reference","man/expr__rolling_std.Rd",1,52,"pl","col","pl",103,TRUE,"offered",TRUE,FALSE,FALSE,""
"reference","man/expr__rolling_std.Rd",1,52,"df","with_columns","polars_data_frame",89,TRUE,"offered",TRUE,FALSE,FALSE,""
"reference","man/expr__rolling_std.Rd",1,52,"pl$col(""a"")","rolling_std","polars_expr",212,TRUE,"offered",TRUE,FALSE,FALSE,""
"reference","man/expr__rolling_std.Rd",1,52,"pl","col","pl",103,TRUE,"offered",TRUE,FALSE,FALSE,""
"reference","man/expr__rolling_std.Rd",1,52,"df","with_columns","polars_data_frame",89,TRUE,"offered",TRUE,FALSE,FALSE,""
"reference","man/expr__rolling_std.Rd",1,52,"pl$col(""a"")","rolling_std","polars_expr",212,TRUE,"offered",TRUE,FALSE,FALSE,""
"reference","man/expr__rolling_std.Rd",1,52,"pl","col","pl",103,TRUE,"offered",TRUE,FALSE,FALSE,""
"reference","man/expr__rolling_sum_by.Rd",1,71,"pl","select","pl",103,TRUE,"offered",TRUE,FALSE,FALSE,""
"reference","man/expr__rolling_sum_by.Rd",1,71,"pl","datetime_range","pl",103,TRUE,"offered",TRUE,FALSE,FALSE,""
"reference","man/expr__rolling_sum_by.Rd",1,71,"df_temporal","with_columns","polars_data_frame",89,TRUE,"offered",TRUE,FALSE,FALSE,""
"reference","man/expr__rolling_sum_by.Rd",1,71,"pl$col(""index"")","rolling_sum_by","polars_expr",212,TRUE,"offered",TRUE,FALSE,FALSE,""
"reference","man/expr__rolling_sum_by.Rd",1,71,"pl","col","pl",103,TRUE,"offered",TRUE,FALSE,FALSE,""
"reference","man/expr__rolling_sum_by.Rd",1,71,"df_temporal","with_columns","polars_data_frame",89,TRUE,"offered",TRUE,FALSE,FALSE,""
"reference","man/expr__rolling_sum_by.Rd",1,71,"pl$col(""index"")","rolling_sum_by","polars_expr",212,TRUE,"offered",TRUE,FALSE,FALSE,""
"reference","man/expr__rolling_sum_by.Rd",1,71,"pl","col","pl",103,TRUE,"offered",TRUE,FALSE,FALSE,""
"reference","man/expr__rolling_sum.Rd",1,47,"pl","DataFrame","pl",103,TRUE,"offered",TRUE,FALSE,FALSE,""
"reference","man/expr__rolling_sum.Rd",1,47,"df","with_columns","polars_data_frame",89,TRUE,"offered",TRUE,FALSE,FALSE,""
"reference","man/expr__rolling_sum.Rd",1,47,"pl$col(""a"")","rolling_sum","polars_expr",212,TRUE,"offered",TRUE,FALSE,FALSE,""
"reference","man/expr__rolling_sum.Rd",1,47,"pl","col","pl",103,TRUE,"offered",TRUE,FALSE,FALSE,""
"reference","man/expr__rolling_sum.Rd",1,47,"df","with_columns","polars_data_frame",89,TRUE,"offered",TRUE,FALSE,FALSE,""
"reference","man/expr__rolling_sum.Rd",1,47,"pl$col(""a"")","rolling_sum","polars_expr",212,TRUE,"offered",TRUE,FALSE,FALSE,""
"reference","man/expr__rolling_sum.Rd",1,47,"pl","col","pl",103,TRUE,"offered",TRUE,FALSE,FALSE,""
"reference","man/expr__rolling_sum.Rd",1,47,"df","with_columns","polars_data_frame",89,TRUE,"offered",TRUE,FALSE,FALSE,""
"reference","man/expr__rolling_sum.Rd",1,47,"pl$col(""a"")","rolling_sum","polars_expr",212,TRUE,"offered",TRUE,FALSE,FALSE,""
"reference","man/expr__rolling_sum.Rd",1,47,"pl","col","pl",103,TRUE,"offered",TRUE,FALSE,FALSE,""
"reference","man/expr__rolling_var_by.Rd",1,76,"pl","select","pl",103,TRUE,"offered",TRUE,FALSE,FALSE,""
"reference","man/expr__rolling_var_by.Rd",1,76,"pl","datetime_range","pl",103,TRUE,"offered",TRUE,FALSE,FALSE,""
"reference","man/expr__rolling_var_by.Rd",1,76,"df_temporal","with_columns","polars_data_frame",89,TRUE,"offered",TRUE,FALSE,FALSE,""
"reference","man/expr__rolling_var_by.Rd",1,76,"pl$col(""index"")","rolling_var_by","polars_expr",212,TRUE,"offered",TRUE,FALSE,FALSE,""
"reference","man/expr__rolling_var_by.Rd",1,76,"pl","col","pl",103,TRUE,"offered",TRUE,FALSE,FALSE,""
"reference","man/expr__rolling_var_by.Rd",1,76,"df_temporal","with_columns","polars_data_frame",89,TRUE,"offered",TRUE,FALSE,FALSE,""
"reference","man/expr__rolling_var_by.Rd",1,76,"pl$col(""index"")","rolling_var_by","polars_expr",212,TRUE,"offered",TRUE,FALSE,FALSE,""
"reference","man/expr__rolling_var_by.Rd",1,76,"pl","col","pl",103,TRUE,"offered",TRUE,FALSE,FALSE,""
"reference","man/expr__rolling_var.Rd",1,52,"pl","DataFrame","pl",103,TRUE,"offered",TRUE,FALSE,FALSE,""
"reference","man/expr__rolling_var.Rd",1,52,"df","with_columns","polars_data_frame",89,TRUE,"offered",TRUE,FALSE,FALSE,""
"reference","man/expr__rolling_var.Rd",1,52,"pl$col(""a"")","rolling_var","polars_expr",212,TRUE,"offered",TRUE,FALSE,FALSE,""
"reference","man/expr__rolling_var.Rd",1,52,"pl","col","pl",103,TRUE,"offered",TRUE,FALSE,FALSE,""
"reference","man/expr__rolling_var.Rd",1,52,"df","with_columns","polars_data_frame",89,TRUE,"offered",TRUE,FALSE,FALSE,""
"reference","man/expr__rolling_var.Rd",1,52,"pl$col(""a"")","rolling_var","polars_expr",212,TRUE,"offered",TRUE,FALSE,FALSE,""
"reference","man/expr__rolling_var.Rd",1,52,"pl","col","pl",103,TRUE,"offered",TRUE,FALSE,FALSE,""
"reference","man/expr__rolling_var.Rd",1,52,"df","with_columns","polars_data_frame",89,TRUE,"offered",TRUE,FALSE,FALSE,""
"reference","man/expr__rolling_var.Rd",1,52,"pl$col(""a"")","rolling_var","polars_expr",212,TRUE,"offered",TRUE,FALSE,FALSE,""
"reference","man/expr__rolling_var.Rd",1,52,"pl","col","pl",103,TRUE,"offered",TRUE,FALSE,FALSE,""
"reference","man/expr__rolling.Rd",1,52,"pl","DataFrame","pl",103,TRUE,"offered",TRUE,FALSE,FALSE,""
"reference","man/expr__rolling.Rd",1,52,"df","with_columns","polars_data_frame",89,TRUE,"offered",TRUE,FALSE,FALSE,""
"reference","man/expr__rolling.Rd",1,52,"pl$col(""a"")$sum()","rolling","polars_expr",212,TRUE,"offered",TRUE,FALSE,FALSE,""
"reference","man/expr__rolling.Rd",1,52,"pl$col(""a"")","sum","polars_expr",212,TRUE,"offered",TRUE,FALSE,FALSE,""
"reference","man/expr__rolling.Rd",1,52,"pl","col","pl",103,TRUE,"offered",TRUE,FALSE,FALSE,""
"reference","man/expr__rolling.Rd",1,52,"pl$col(""a"")$min()","rolling","polars_expr",212,TRUE,"offered",TRUE,FALSE,FALSE,""
"reference","man/expr__rolling.Rd",1,52,"pl$col(""a"")","min","polars_expr",212,TRUE,"offered",TRUE,FALSE,FALSE,""
"reference","man/expr__rolling.Rd",1,52,"pl","col","pl",103,TRUE,"offered",TRUE,FALSE,FALSE,""
"reference","man/expr__rolling.Rd",1,52,"pl$col(""a"")$max()","rolling","polars_expr",212,TRUE,"offered",TRUE,FALSE,FALSE,""
"reference","man/expr__rolling.Rd",1,52,"pl$col(""a"")","max","polars_expr",212,TRUE,"offered",TRUE,FALSE,FALSE,""
"reference","man/expr__rolling.Rd",1,52,"pl","col","pl",103,TRUE,"offered",TRUE,FALSE,FALSE,""
"reference","man/expr__round_sig_figs.Rd",1,18,"pl","DataFrame","pl",103,TRUE,"offered",TRUE,FALSE,FALSE,""
"reference","man/expr__round_sig_figs.Rd",1,18,"df","with_columns","polars_data_frame",89,TRUE,"offered",TRUE,FALSE,FALSE,""
"reference","man/expr__round_sig_figs.Rd",1,18,"pl$col(""a"")","round_sig_figs","polars_expr",212,TRUE,"offered",TRUE,FALSE,FALSE,""
"reference","man/expr__round_sig_figs.Rd",1,18,"pl","col","pl",103,TRUE,"offered",TRUE,FALSE,FALSE,""
"reference","man/expr__round.Rd",1,44,"pl","DataFrame","pl",103,TRUE,"offered",TRUE,FALSE,FALSE,""
"reference","man/expr__round.Rd",1,44,"df","select","polars_data_frame",89,TRUE,"offered",TRUE,FALSE,FALSE,""
"reference","man/expr__round.Rd",1,44,"pl$col(""a"")","round","polars_expr",212,TRUE,"offered",TRUE,FALSE,FALSE,""
"reference","man/expr__round.Rd",1,44,"pl","col","pl",103,TRUE,"offered",TRUE,FALSE,FALSE,""
"reference","man/expr__round.Rd",1,44,"pl$DataFrame(f64 = c(-3.5, -2.5, -1.5, -0.5, 0.5, 1.5, 2.5, 3.5), d = c(""-3.5"", ""-2.5"", ""-1.5"", ""-0.5"", ""0.5"", ""1.5"", ""2.5"", ""3.5""))","cast","polars_data_frame",89,TRUE,"offered",TRUE,FALSE,FALSE,""
"reference","man/expr__round.Rd",1,44,"pl","DataFrame","pl",103,TRUE,"offered",TRUE,FALSE,FALSE,""
"reference","man/expr__round.Rd",1,44,"pl","Decimal","pl",103,TRUE,"offered",TRUE,FALSE,FALSE,""
"reference","man/expr__round.Rd",1,44,"df","with_columns","polars_data_frame",89,TRUE,"offered",TRUE,FALSE,FALSE,""
"reference","man/expr__round.Rd",1,44,"pl$all()$round(mode = ""half_away_from_zero"")$name","suffix","polars_namespace_expr_name",9,TRUE,"offered",TRUE,FALSE,FALSE,""
"reference","man/expr__round.Rd",1,44,"pl$all()$round(mode = ""half_away_from_zero"")","name","polars_expr",212,TRUE,"offered",TRUE,FALSE,FALSE,""
"reference","man/expr__round.Rd",1,44,"pl$all()","round","polars_expr",212,TRUE,"offered",TRUE,FALSE,FALSE,""
"reference","man/expr__round.Rd",1,44,"pl","all","pl",103,TRUE,"offered",TRUE,FALSE,FALSE,""
"reference","man/expr__round.Rd",1,44,"pl$all()$round(mode = ""half_to_even"")$name","suffix","polars_namespace_expr_name",9,TRUE,"offered",TRUE,FALSE,FALSE,""
"reference","man/expr__round.Rd",1,44,"pl$all()$round(mode = ""half_to_even"")","name","polars_expr",212,TRUE,"offered",TRUE,FALSE,FALSE,""
"reference","man/expr__round.Rd",1,44,"pl$all()","round","polars_expr",212,TRUE,"offered",TRUE,FALSE,FALSE,""
"reference","man/expr__round.Rd",1,44,"pl","all","pl",103,TRUE,"offered",TRUE,FALSE,FALSE,""
"reference","man/expr__sample.Rd",1,41,"pl","DataFrame","pl",103,TRUE,"offered",TRUE,FALSE,FALSE,""
"reference","man/expr__sample.Rd",1,41,"df","select","polars_data_frame",89,TRUE,"offered",TRUE,FALSE,FALSE,""
"reference","man/expr__sample.Rd",1,41,"pl$col(""a"")","sample","polars_expr",212,TRUE,"offered",TRUE,FALSE,FALSE,""
"reference","man/expr__sample.Rd",1,41,"pl","col","pl",103,TRUE,"offered",TRUE,FALSE,FALSE,""
"reference","man/expr__search_sorted.Rd",1,35,"pl","DataFrame","pl",103,TRUE,"offered",TRUE,FALSE,FALSE,""
"reference","man/expr__search_sorted.Rd",1,35,"df","select","polars_data_frame",89,TRUE,"offered",TRUE,FALSE,FALSE,""
"reference","man/expr__search_sorted.Rd",1,35,"pl$col(""values"")","search_sorted","polars_expr",212,TRUE,"offered",TRUE,FALSE,FALSE,""
"reference","man/expr__search_sorted.Rd",1,35,"pl","col","pl",103,TRUE,"offered",TRUE,FALSE,FALSE,""
"reference","man/expr__search_sorted.Rd",1,35,"pl$col(""values"")","search_sorted","polars_expr",212,TRUE,"offered",TRUE,FALSE,FALSE,""
"reference","man/expr__search_sorted.Rd",1,35,"pl","col","pl",103,TRUE,"offered",TRUE,FALSE,FALSE,""
"reference","man/expr__search_sorted.Rd",1,35,"pl$col(""values"")","search_sorted","polars_expr",212,TRUE,"offered",TRUE,FALSE,FALSE,""
"reference","man/expr__search_sorted.Rd",1,35,"pl","col","pl",103,TRUE,"offered",TRUE,FALSE,FALSE,""
"reference","man/expr__set_sorted.Rd",1,25,"pl","DataFrame","pl",103,TRUE,"offered",TRUE,FALSE,FALSE,""
"reference","man/expr__set_sorted.Rd",1,25,"df","select","polars_data_frame",89,TRUE,"offered",TRUE,FALSE,FALSE,""
"reference","man/expr__set_sorted.Rd",1,25,"pl$col(""a"")$set_sorted()","max","polars_expr",212,TRUE,"offered",TRUE,FALSE,FALSE,""
"reference","man/expr__set_sorted.Rd",1,25,"pl$col(""a"")","set_sorted","polars_expr",212,TRUE,"offered",TRUE,FALSE,FALSE,""
"reference","man/expr__set_sorted.Rd",1,25,"pl","col","pl",103,TRUE,"offered",TRUE,FALSE,FALSE,""
"reference","man/expr__shift.Rd",1,25,"pl","DataFrame","pl",103,TRUE,"offered",TRUE,FALSE,FALSE,""
"reference","man/expr__shift.Rd",1,25,"df","with_columns","polars_data_frame",89,TRUE,"offered",TRUE,FALSE,FALSE,""
"reference","man/expr__shift.Rd",1,25,"pl$col(""a"")","shift","polars_expr",212,TRUE,"offered",TRUE,FALSE,FALSE,""
"reference","man/expr__shift.Rd",1,25,"pl","col","pl",103,TRUE,"offered",TRUE,FALSE,FALSE,""
"reference","man/expr__shift.Rd",1,25,"df","with_columns","polars_data_frame",89,TRUE,"offered",TRUE,FALSE,FALSE,""
"reference","man/expr__shift.Rd",1,25,"pl$col(""a"")","shift","polars_expr",212,TRUE,"offered",TRUE,FALSE,FALSE,""
"reference","man/expr__shift.Rd",1,25,"pl","col","pl",103,TRUE,"offered",TRUE,FALSE,FALSE,""
"reference","man/expr__shift.Rd",1,25,"df","with_columns","polars_data_frame",89,TRUE,"offered",TRUE,FALSE,FALSE,""
"reference","man/expr__shift.Rd",1,25,"pl$col(""a"")","shift","polars_expr",212,TRUE,"offered",TRUE,FALSE,FALSE,""
"reference","man/expr__shift.Rd",1,25,"pl","col","pl",103,TRUE,"offered",TRUE,FALSE,FALSE,""
"reference","man/expr__shuffle.Rd",1,21,"pl","DataFrame","pl",103,TRUE,"offered",TRUE,FALSE,FALSE,""
"reference","man/expr__shuffle.Rd",1,21,"df","with_columns","polars_data_frame",89,TRUE,"offered",TRUE,FALSE,FALSE,""
"reference","man/expr__shuffle.Rd",1,21,"pl$col(""a"")","shuffle","polars_expr",212,TRUE,"offered",TRUE,FALSE,FALSE,""
"reference","man/expr__shuffle.Rd",1,21,"pl","col","pl",103,TRUE,"offered",TRUE,FALSE,FALSE,""
"reference","man/expr__sign.Rd",1,16,"pl","DataFrame","pl",103,TRUE,"offered",TRUE,FALSE,FALSE,""
"reference","man/expr__sign.Rd",1,16,"df","with_columns","polars_data_frame",89,TRUE,"offered",TRUE,FALSE,FALSE,""
"reference","man/expr__sign.Rd",1,16,"pl$col(""a"")","sign","polars_expr",212,TRUE,"offered",TRUE,FALSE,FALSE,""
"reference","man/expr__sign.Rd",1,16,"pl","col","pl",103,TRUE,"offered",TRUE,FALSE,FALSE,""
"reference","man/expr__sin.Rd",1,15,"pl$DataFrame(a = c(0, pi/2, pi, NA))","with_columns","polars_data_frame",89,TRUE,"offered",TRUE,FALSE,FALSE,""
"reference","man/expr__sin.Rd",1,15,"pl","DataFrame","pl",103,TRUE,"offered",TRUE,FALSE,FALSE,""
"reference","man/expr__sin.Rd",1,15,"pl$col(""a"")","sin","polars_expr",212,TRUE,"offered",TRUE,FALSE,FALSE,""
"reference","man/expr__sin.Rd",1,15,"pl","col","pl",103,TRUE,"offered",TRUE,FALSE,FALSE,""
"reference","man/expr__sinh.Rd",1,15,"pl$DataFrame(a = c(-1, asinh(0.5), 0, 1, NA))","with_columns","polars_data_frame",89,TRUE,"offered",TRUE,FALSE,FALSE,""
"reference","man/expr__sinh.Rd",1,15,"pl","DataFrame","pl",103,TRUE,"offered",TRUE,FALSE,FALSE,""
"reference","man/expr__sinh.Rd",1,15,"pl$col(""a"")","sinh","polars_expr",212,TRUE,"offered",TRUE,FALSE,FALSE,""
"reference","man/expr__sinh.Rd",1,15,"pl","col","pl",103,TRUE,"offered",TRUE,FALSE,FALSE,""
"reference","man/expr__skew.Rd",1,34,"pl","DataFrame","pl",103,TRUE,"offered",TRUE,FALSE,FALSE,""
"reference","man/expr__skew.Rd",1,34,"df","select","polars_data_frame",89,TRUE,"offered",TRUE,FALSE,FALSE,""
"reference","man/expr__skew.Rd",1,34,"pl$col(""x"")","skew","polars_expr",212,TRUE,"offered",TRUE,FALSE,FALSE,""
"reference","man/expr__skew.Rd",1,34,"pl","col","pl",103,TRUE,"offered",TRUE,FALSE,FALSE,""
"reference","man/expr__slice.Rd",1,22,"pl$DataFrame(a = 0:100)","select","polars_data_frame",89,TRUE,"offered",TRUE,FALSE,FALSE,""
"reference","man/expr__slice.Rd",1,22,"pl","DataFrame","pl",103,TRUE,"offered",TRUE,FALSE,FALSE,""
"reference","man/expr__slice.Rd",1,22,"pl$all()","slice","polars_expr",212,TRUE,"offered",TRUE,FALSE,FALSE,""
"reference","man/expr__slice.Rd",1,22,"pl","all","pl",103,TRUE,"offered",TRUE,FALSE,FALSE,""
"reference","man/expr__slice.Rd",1,22,"pl$DataFrame(a = 0:100)","select","polars_data_frame",89,TRUE,"offered",TRUE,FALSE,FALSE,""
"reference","man/expr__slice.Rd",1,22,"pl","DataFrame","pl",103,TRUE,"offered",TRUE,FALSE,FALSE,""
"reference","man/expr__slice.Rd",1,22,"pl$all()","slice","polars_expr",212,TRUE,"offered",TRUE,FALSE,FALSE,""
"reference","man/expr__slice.Rd",1,22,"pl","all","pl",103,TRUE,"offered",TRUE,FALSE,FALSE,""
"reference","man/expr__slice.Rd",1,22,"pl$DataFrame(a = 0:100)","select","polars_data_frame",89,TRUE,"offered",TRUE,FALSE,FALSE,""
"reference","man/expr__slice.Rd",1,22,"pl","DataFrame","pl",103,TRUE,"offered",TRUE,FALSE,FALSE,""
"reference","man/expr__slice.Rd",1,22,"pl$all()","slice","polars_expr",212,TRUE,"offered",TRUE,FALSE,FALSE,""
"reference","man/expr__slice.Rd",1,22,"pl","all","pl",103,TRUE,"offered",TRUE,FALSE,FALSE,""
"reference","man/expr__sort_by.Rd",1,37,"pl","DataFrame","pl",103,TRUE,"offered",TRUE,FALSE,FALSE,""
"reference","man/expr__sort_by.Rd",1,37,"df","with_columns","polars_data_frame",89,TRUE,"offered",TRUE,FALSE,FALSE,""
"reference","man/expr__sort_by.Rd",1,37,"pl$col(""group"")","sort_by","polars_expr",212,TRUE,"offered",TRUE,FALSE,FALSE,""
"reference","man/expr__sort_by.Rd",1,37,"pl","col","pl",103,TRUE,"offered",TRUE,FALSE,FALSE,""
"reference","man/expr__sort_by.Rd",1,37,"df","with_columns","polars_data_frame",89,TRUE,"offered",TRUE,FALSE,FALSE,""
"reference","man/expr__sort_by.Rd",1,37,"pl$col(""group"")","sort_by","polars_expr",212,TRUE,"offered",TRUE,FALSE,FALSE,""
"reference","man/expr__sort_by.Rd",1,37,"pl","col","pl",103,TRUE,"offered",TRUE,FALSE,FALSE,""
"reference","man/expr__sort_by.Rd",1,37,"pl","col","pl",103,TRUE,"offered",TRUE,FALSE,FALSE,""
"reference","man/expr__sort_by.Rd",1,37,"df","with_columns","polars_data_frame",89,TRUE,"offered",TRUE,FALSE,FALSE,""
"reference","man/expr__sort_by.Rd",1,37,"pl$col(""group"")","sort_by","polars_expr",212,TRUE,"offered",TRUE,FALSE,FALSE,""
"reference","man/expr__sort_by.Rd",1,37,"pl","col","pl",103,TRUE,"offered",TRUE,FALSE,FALSE,""
"reference","man/expr__sort_by.Rd",1,37,"pl","col","pl",103,TRUE,"offered",TRUE,FALSE,FALSE,""
"reference","man/expr__sort_by.Rd",1,37,"pl","col","pl",103,TRUE,"offered",TRUE,FALSE,FALSE,""
"reference","man/expr__sort_by.Rd",1,37,"df$group_by(""group"")","agg","polars_group_by",16,TRUE,"offered",TRUE,FALSE,FALSE,""
"reference","man/expr__sort_by.Rd",1,37,"df","group_by","polars_data_frame",89,TRUE,"offered",TRUE,FALSE,FALSE,""
"reference","man/expr__sort_by.Rd",1,37,"pl$col(""value1"")","sort_by","polars_expr",212,TRUE,"offered",TRUE,FALSE,FALSE,""
"reference","man/expr__sort_by.Rd",1,37,"pl","col","pl",103,TRUE,"offered",TRUE,FALSE,FALSE,""
"reference","man/expr__sort.Rd",1,22,"pl","DataFrame","pl",103,TRUE,"offered",TRUE,FALSE,FALSE,""
"reference","man/expr__sort.Rd",1,22,"df","with_columns","polars_data_frame",89,TRUE,"offered",TRUE,FALSE,FALSE,""
"reference","man/expr__sort.Rd",1,22,"pl$col(""a"")","sort","polars_expr",212,TRUE,"offered",TRUE,FALSE,FALSE,""
"reference","man/expr__sort.Rd",1,22,"pl","col","pl",103,TRUE,"offered",TRUE,FALSE,FALSE,""
"reference","man/expr__sort.Rd",1,22,"pl$col(""a"")","sort","polars_expr",212,TRUE,"offered",TRUE,FALSE,FALSE,""
"reference","man/expr__sort.Rd",1,22,"pl","col","pl",103,TRUE,"offered",TRUE,FALSE,FALSE,""
"reference","man/expr__sort.Rd",1,22,"pl$col(""a"")","sort","polars_expr",212,TRUE,"offered",TRUE,FALSE,FALSE,""
"reference","man/expr__sort.Rd",1,22,"pl","col","pl",103,TRUE,"offered",TRUE,FALSE,FALSE,""
"reference","man/expr__sort.Rd",1,22,"pl","DataFrame","pl",103,TRUE,"offered",TRUE,FALSE,FALSE,""
"reference","man/expr__sort.Rd",1,22,"df$group_by(""group"")","agg","polars_group_by",16,TRUE,"offered",TRUE,FALSE,FALSE,""
"reference","man/expr__sort.Rd",1,22,"df","group_by","polars_data_frame",89,TRUE,"offered",TRUE,FALSE,FALSE,""
"reference","man/expr__sort.Rd",1,22,"pl$col(""value"")","sort","polars_expr",212,TRUE,"offered",TRUE,FALSE,FALSE,""
"reference","man/expr__sort.Rd",1,22,"pl","col","pl",103,TRUE,"offered",TRUE,FALSE,FALSE,""
"reference","man/expr__sqrt.Rd",1,15,"pl$DataFrame(a = c(1, 2, 4))","with_columns","polars_data_frame",89,TRUE,"offered",TRUE,FALSE,FALSE,""
"reference","man/expr__sqrt.Rd",1,15,"pl","DataFrame","pl",103,TRUE,"offered",TRUE,FALSE,FALSE,""
"reference","man/expr__sqrt.Rd",1,15,"pl$col(""a"")","sqrt","polars_expr",212,TRUE,"offered",TRUE,FALSE,FALSE,""
"reference","man/expr__sqrt.Rd",1,15,"pl","col","pl",103,TRUE,"offered",TRUE,FALSE,FALSE,""
"reference","man/expr__std.Rd",1,20,"pl$DataFrame(a = c(1, 3, 5, 6))","select","polars_data_frame",89,TRUE,"offered",TRUE,FALSE,FALSE,""
"reference","man/expr__std.Rd",1,20,"pl","DataFrame","pl",103,TRUE,"offered",TRUE,FALSE,FALSE,""
"reference","man/expr__std.Rd",1,20,"pl$all()","std","polars_expr",212,TRUE,"offered",TRUE,FALSE,FALSE,""
"reference","man/expr__std.Rd",1,20,"pl","all","pl",103,TRUE,"offered",TRUE,FALSE,FALSE,""
"reference","man/expr__sub.Rd",1,18,"pl","DataFrame","pl",103,TRUE,"offered",TRUE,FALSE,FALSE,""
"reference","man/expr__sub.Rd",1,18,"df","with_columns","polars_data_frame",89,TRUE,"offered",TRUE,FALSE,FALSE,""
"reference","man/expr__sub.Rd",1,18,"pl$col(""x"")","sub","polars_expr",212,TRUE,"offered",TRUE,FALSE,FALSE,""
"reference","man/expr__sub.Rd",1,18,"pl","col","pl",103,TRUE,"offered",TRUE,FALSE,FALSE,""
"reference","man/expr__sub.Rd",1,18,"pl$col(""x"")","sub","polars_expr",212,TRUE,"offered",TRUE,FALSE,FALSE,""
"reference","man/expr__sub.Rd",1,18,"pl","col","pl",103,TRUE,"offered",TRUE,FALSE,FALSE,""
"reference","man/expr__sub.Rd",1,18,"pl$col(""x"")","cum_sum","polars_expr",212,TRUE,"offered",TRUE,FALSE,FALSE,""
"reference","man/expr__sub.Rd",1,18,"pl","col","pl",103,TRUE,"offered",TRUE,FALSE,FALSE,""
"reference","man/expr__sum.Rd",1,19,"pl$DataFrame(x = c(1L, NA, 2L))","with_columns","polars_data_frame",89,TRUE,"offered",TRUE,FALSE,FALSE,""
"reference","man/expr__sum.Rd",1,19,"pl","DataFrame","pl",103,TRUE,"offered",TRUE,FALSE,FALSE,""
"reference","man/expr__sum.Rd",1,19,"pl$col(""x"")","sum","polars_expr",212,TRUE,"offered",TRUE,FALSE,FALSE,""
"reference","man/expr__sum.Rd",1,19,"pl","col","pl",103,TRUE,"offered",TRUE,FALSE,FALSE,""
"reference","man/expr__tail.Rd",1,18,"pl$DataFrame(x = 1:11)","select","polars_data_frame",89,TRUE,"offered",TRUE,FALSE,FALSE,""
"reference","man/expr__tail.Rd",1,18,"pl","DataFrame","pl",103,TRUE,"offered",TRUE,FALSE,FALSE,""
"reference","man/expr__tail.Rd",1,18,"pl$col(""x"")","tail","polars_expr",212,TRUE,"offered",TRUE,FALSE,FALSE,""
"reference","man/expr__tail.Rd",1,18,"pl","col","pl",103,TRUE,"offered",TRUE,FALSE,FALSE,""
"reference","man/expr__tan.Rd",1,15,"pl$DataFrame(a = c(0, pi/2, pi, NA))","with_columns","polars_data_frame",89,TRUE,"offered",TRUE,FALSE,FALSE,""
"reference","man/expr__tan.Rd",1,15,"pl","DataFrame","pl",103,TRUE,"offered",TRUE,FALSE,FALSE,""
"reference","man/expr__tan.Rd",1,15,"pl$col(""a"")","tan","polars_expr",212,TRUE,"offered",TRUE,FALSE,FALSE,""
"reference","man/expr__tan.Rd",1,15,"pl","col","pl",103,TRUE,"offered",TRUE,FALSE,FALSE,""
"reference","man/expr__tanh.Rd",1,15,"pl$DataFrame(a = c(-1, atanh(0.5), 0, 1, NA))","with_columns","polars_data_frame",89,TRUE,"offered",TRUE,FALSE,FALSE,""
"reference","man/expr__tanh.Rd",1,15,"pl","DataFrame","pl",103,TRUE,"offered",TRUE,FALSE,FALSE,""
"reference","man/expr__tanh.Rd",1,15,"pl$col(""a"")","tanh","polars_expr",212,TRUE,"offered",TRUE,FALSE,FALSE,""
"reference","man/expr__tanh.Rd",1,15,"pl","col","pl",103,TRUE,"offered",TRUE,FALSE,FALSE,""
"reference","man/expr__to_physical.Rd",1,27,"pl","DataFrame","pl",103,TRUE,"offered",TRUE,FALSE,FALSE,""
"reference","man/expr__to_physical.Rd",1,27,"df","with_columns","polars_data_frame",89,TRUE,"offered",TRUE,FALSE,FALSE,""
"reference","man/expr__to_physical.Rd",1,27,"pl$col(""a"")","to_physical","polars_expr",212,TRUE,"offered",TRUE,FALSE,FALSE,""
"reference","man/expr__to_physical.Rd",1,27,"pl","col","pl",103,TRUE,"offered",TRUE,FALSE,FALSE,""
"reference","man/expr__top_k_by.Rd",1,31,"pl","DataFrame","pl",103,TRUE,"offered",TRUE,FALSE,FALSE,""
"reference","man/expr__top_k_by.Rd",1,31,"df","select","polars_data_frame",89,TRUE,"offered",TRUE,FALSE,FALSE,""
"reference","man/expr__top_k_by.Rd",1,31,"pl$all()$top_k_by(""a"", 2)$name","suffix","polars_namespace_expr_name",9,TRUE,"offered",TRUE,FALSE,FALSE,""
"reference","man/expr__top_k_by.Rd",1,31,"pl$all()$top_k_by(""a"", 2)","name","polars_expr",212,TRUE,"offered",TRUE,FALSE,FALSE,""
"reference","man/expr__top_k_by.Rd",1,31,"pl$all()","top_k_by","polars_expr",212,TRUE,"offered",TRUE,FALSE,FALSE,""
"reference","man/expr__top_k_by.Rd",1,31,"pl","all","pl",103,TRUE,"offered",TRUE,FALSE,FALSE,""
"reference","man/expr__top_k_by.Rd",1,31,"pl$all()$top_k_by(""b"", 2)$name","suffix","polars_namespace_expr_name",9,TRUE,"offered",TRUE,FALSE,FALSE,""
"reference","man/expr__top_k_by.Rd",1,31,"pl$all()$top_k_by(""b"", 2)","name","polars_expr",212,TRUE,"offered",TRUE,FALSE,FALSE,""
"reference","man/expr__top_k_by.Rd",1,31,"pl$all()","top_k_by","polars_expr",212,TRUE,"offered",TRUE,FALSE,FALSE,""
"reference","man/expr__top_k_by.Rd",1,31,"pl","all","pl",103,TRUE,"offered",TRUE,FALSE,FALSE,""
"reference","man/expr__top_k_by.Rd",1,31,"df","select","polars_data_frame",89,TRUE,"offered",TRUE,FALSE,FALSE,""
"reference","man/expr__top_k_by.Rd",1,31,"pl$all()$top_k_by(c(""c"", ""a""), 2, reverse = c(FALSE, TRUE))$name","suffix","polars_namespace_expr_name",9,TRUE,"offered",TRUE,FALSE,FALSE,""
"reference","man/expr__top_k_by.Rd",1,31,"pl$all()$top_k_by(c(""c"", ""a""), 2, reverse = c(FALSE, TRUE))","name","polars_expr",212,TRUE,"offered",TRUE,FALSE,FALSE,""
"reference","man/expr__top_k_by.Rd",1,31,"pl$all()","top_k_by","polars_expr",212,TRUE,"offered",TRUE,FALSE,FALSE,""
"reference","man/expr__top_k_by.Rd",1,31,"pl","all","pl",103,TRUE,"offered",TRUE,FALSE,FALSE,""
"reference","man/expr__top_k_by.Rd",1,31,"pl$all()$top_k_by(c(""c"", ""b""), 2, reverse = c(FALSE, TRUE))$name","suffix","polars_namespace_expr_name",9,TRUE,"offered",TRUE,FALSE,FALSE,""
"reference","man/expr__top_k_by.Rd",1,31,"pl$all()$top_k_by(c(""c"", ""b""), 2, reverse = c(FALSE, TRUE))","name","polars_expr",212,TRUE,"offered",TRUE,FALSE,FALSE,""
"reference","man/expr__top_k_by.Rd",1,31,"pl$all()","top_k_by","polars_expr",212,TRUE,"offered",TRUE,FALSE,FALSE,""
"reference","man/expr__top_k_by.Rd",1,31,"pl","all","pl",103,TRUE,"offered",TRUE,FALSE,FALSE,""
"reference","man/expr__top_k_by.Rd",1,31,"df$group_by(""c"", .maintain_order = TRUE)$agg(pl$all()$top_k_by(""a"", 2))","explode","polars_data_frame",89,TRUE,"offered",TRUE,FALSE,FALSE,""
"reference","man/expr__top_k_by.Rd",1,31,"df$group_by(""c"", .maintain_order = TRUE)","agg","polars_group_by",16,TRUE,"offered",TRUE,FALSE,FALSE,""
"reference","man/expr__top_k_by.Rd",1,31,"df","group_by","polars_data_frame",89,TRUE,"offered",TRUE,FALSE,FALSE,""
"reference","man/expr__top_k_by.Rd",1,31,"pl$all()","top_k_by","polars_expr",212,TRUE,"offered",TRUE,FALSE,FALSE,""
"reference","man/expr__top_k_by.Rd",1,31,"pl","all","pl",103,TRUE,"offered",TRUE,FALSE,FALSE,""
"reference","man/expr__top_k_by.Rd",1,31,"pl$all()","exclude","polars_expr",212,TRUE,"offered",TRUE,FALSE,FALSE,""
"reference","man/expr__top_k_by.Rd",1,31,"pl","all","pl",103,TRUE,"offered",TRUE,FALSE,FALSE,""
"reference","man/expr__top_k.Rd",1,21,"pl","DataFrame","pl",103,TRUE,"offered",TRUE,FALSE,FALSE,""
"reference","man/expr__top_k.Rd",1,21,"df","select","polars_data_frame",89,TRUE,"offered",TRUE,FALSE,FALSE,""
"reference","man/expr__top_k.Rd",1,21,"pl$col(""value"")","top_k","polars_expr",212,TRUE,"offered",TRUE,FALSE,FALSE,""
"reference","man/expr__top_k.Rd",1,21,"pl","col","pl",103,TRUE,"offered",TRUE,FALSE,FALSE,""
"reference","man/expr__top_k.Rd",1,21,"pl$col(""value"")","bottom_k","polars_expr",212,TRUE,"offered",TRUE,FALSE,FALSE,""
"reference","man/expr__top_k.Rd",1,21,"pl","col","pl",103,TRUE,"offered",TRUE,FALSE,FALSE,""
"reference","man/expr__true_div.Rd",1,30,"pl","DataFrame","pl",103,TRUE,"offered",TRUE,FALSE,FALSE,""
"reference","man/expr__true_div.Rd",1,30,"df","with_columns","polars_data_frame",89,TRUE,"offered",TRUE,FALSE,FALSE,""
"reference","man/expr__true_div.Rd",1,30,"pl$col(""x"")","true_div","polars_expr",212,TRUE,"offered",TRUE,FALSE,FALSE,""
"reference","man/expr__true_div.Rd",1,30,"pl","col","pl",103,TRUE,"offered",TRUE,FALSE,FALSE,""
"reference","man/expr__true_div.Rd",1,30,"pl$col(""x"")","true_div","polars_expr",212,TRUE,"offered",TRUE,FALSE,FALSE,""
"reference","man/expr__true_div.Rd",1,30,"pl","col","pl",103,TRUE,"offered",TRUE,FALSE,FALSE,""
"reference","man/expr__true_div.Rd",1,30,"pl","col","pl",103,TRUE,"offered",TRUE,FALSE,FALSE,""
"reference","man/expr__truncate.Rd",1,26,"pl","DataFrame","pl",103,TRUE,"offered",TRUE,FALSE,FALSE,""
"reference","man/expr__truncate.Rd",1,26,"df","with_columns","polars_data_frame",89,TRUE,"offered",TRUE,FALSE,FALSE,""
"reference","man/expr__truncate.Rd",1,26,"pl$col(""n"")","truncate","polars_expr",212,TRUE,"offered",TRUE,FALSE,FALSE,""
"reference","man/expr__truncate.Rd",1,26,"pl","col","pl",103,TRUE,"offered",TRUE,FALSE,FALSE,""
"reference","man/expr__truncate.Rd",1,26,"pl$col(""n"")","truncate","polars_expr",212,TRUE,"offered",TRUE,FALSE,FALSE,""
"reference","man/expr__truncate.Rd",1,26,"pl","col","pl",103,TRUE,"offered",TRUE,FALSE,FALSE,""
"reference","man/expr__truncate.Rd",1,26,"pl$col(""n"")","truncate","polars_expr",212,TRUE,"offered",TRUE,FALSE,FALSE,""
"reference","man/expr__truncate.Rd",1,26,"pl","col","pl",103,TRUE,"offered",TRUE,FALSE,FALSE,""
"reference","man/expr__truncate.Rd",1,26,"pl$col(""n"")","truncate","polars_expr",212,TRUE,"offered",TRUE,FALSE,FALSE,""
"reference","man/expr__truncate.Rd",1,26,"pl","col","pl",103,TRUE,"offered",TRUE,FALSE,FALSE,""
"reference","man/expr__truncate.Rd",1,26,"pl$col(""n"")","truncate","polars_expr",212,TRUE,"offered",TRUE,FALSE,FALSE,""
"reference","man/expr__truncate.Rd",1,26,"pl","col","pl",103,TRUE,"offered",TRUE,FALSE,FALSE,""
"reference","man/expr__unique_counts.Rd",1,16,"pl","DataFrame","pl",103,TRUE,"offered",TRUE,FALSE,FALSE,""
"reference","man/expr__unique_counts.Rd",1,16,"df","select","polars_data_frame",89,TRUE,"offered",TRUE,FALSE,FALSE,""
"reference","man/expr__unique_counts.Rd",1,16,"pl$col(""id"")","unique_counts","polars_expr",212,TRUE,"offered",TRUE,FALSE,FALSE,""
"reference","man/expr__unique_counts.Rd",1,16,"pl","col","pl",103,TRUE,"offered",TRUE,FALSE,FALSE,""
"reference","man/expr__unique.Rd",1,21,"pl","DataFrame","pl",103,TRUE,"offered",TRUE,FALSE,FALSE,""
"reference","man/expr__unique.Rd",1,21,"df","select","polars_data_frame",89,TRUE,"offered",TRUE,FALSE,FALSE,""
"reference","man/expr__unique.Rd",1,21,"pl$col(""a"")","unique","polars_expr",212,TRUE,"offered",TRUE,FALSE,FALSE,""
"reference","man/expr__unique.Rd",1,21,"pl","col","pl",103,TRUE,"offered",TRUE,FALSE,FALSE,""
"reference","man/expr__upper_bound.Rd",1,16,"pl","DataFrame","pl",103,TRUE,"offered",TRUE,FALSE,FALSE,""
"reference","man/expr__upper_bound.Rd",1,16,"df","select","polars_data_frame",89,TRUE,"offered",TRUE,FALSE,FALSE,""
"reference","man/expr__upper_bound.Rd",1,16,"pl$col(""a"")","upper_bound","polars_expr",212,TRUE,"offered",TRUE,FALSE,FALSE,""
"reference","man/expr__upper_bound.Rd",1,16,"pl","col","pl",103,TRUE,"offered",TRUE,FALSE,FALSE,""
"reference","man/expr__value_counts.Rd",1,36,"pl","DataFrame","pl",103,TRUE,"offered",TRUE,FALSE,FALSE,""
"reference","man/expr__value_counts.Rd",1,36,"df","select","polars_data_frame",89,TRUE,"offered",TRUE,FALSE,FALSE,""
"reference","man/expr__value_counts.Rd",1,36,"pl$col(""color"")","value_counts","polars_expr",212,TRUE,"offered",TRUE,FALSE,FALSE,""
"reference","man/expr__value_counts.Rd",1,36,"pl","col","pl",103,TRUE,"offered",TRUE,FALSE,FALSE,""
"reference","man/expr__value_counts.Rd",1,36,"df","select","polars_data_frame",89,TRUE,"offered",TRUE,FALSE,FALSE,""
"reference","man/expr__value_counts.Rd",1,36,"pl$col(""color"")","value_counts","polars_expr",212,TRUE,"offered",TRUE,FALSE,FALSE,""
"reference","man/expr__value_counts.Rd",1,36,"pl","col","pl",103,TRUE,"offered",TRUE,FALSE,FALSE,""
"reference","man/expr__value_counts.Rd",1,36,"df","unnest","polars_data_frame",89,TRUE,"offered",TRUE,FALSE,FALSE,""
"reference","man/expr__var.Rd",1,20,"pl$DataFrame(a = c(1, 3, 5, 6))","select","polars_data_frame",89,TRUE,"offered",TRUE,FALSE,FALSE,""
"reference","man/expr__var.Rd",1,20,"pl","DataFrame","pl",103,TRUE,"offered",TRUE,FALSE,FALSE,""
"reference","man/expr__var.Rd",1,20,"pl$all()","var","polars_expr",212,TRUE,"offered",TRUE,FALSE,FALSE,""
"reference","man/expr__var.Rd",1,20,"pl","all","pl",103,TRUE,"offered",TRUE,FALSE,FALSE,""
"reference","man/expr__xor.Rd",1,19,"pl$lit(TRUE)","xor","polars_expr",212,TRUE,"offered",TRUE,FALSE,FALSE,""
"reference","man/expr__xor.Rd",1,19,"pl","lit","pl",103,TRUE,"offered",TRUE,FALSE,FALSE,""
"reference","man/expr__xor.Rd",1,19,"pl","lit","pl",103,TRUE,"offered",TRUE,FALSE,FALSE,""
"reference","man/expr_arr_agg.Rd",1,22,"pl$DataFrame(a = list(c(1, NA), c(42, 13), c(NA, NA)))","cast","polars_data_frame",89,TRUE,"offered",TRUE,FALSE,FALSE,""
"reference","man/expr_arr_agg.Rd",1,22,"pl","DataFrame","pl",103,TRUE,"offered",TRUE,FALSE,FALSE,""
"reference","man/expr_arr_agg.Rd",1,22,"pl","Array","pl",103,TRUE,"offered",TRUE,FALSE,FALSE,""
"reference","man/expr_arr_agg.Rd",1,22,"pl","Int64","pl",103,TRUE,"offered",TRUE,FALSE,FALSE,""
"reference","man/expr_arr_agg.Rd",1,22,"df","with_columns","polars_data_frame",89,TRUE,"offered",TRUE,FALSE,FALSE,""
"reference","man/expr_arr_agg.Rd",1,22,"pl$col(""a"")$arr","agg","polars_namespace_expr_arr",29,TRUE,"offered",TRUE,FALSE,FALSE,""
"reference","man/expr_arr_agg.Rd",1,22,"pl$col(""a"")","arr","polars_expr",212,TRUE,"offered",TRUE,FALSE,FALSE,""
"reference","man/expr_arr_agg.Rd",1,22,"pl","col","pl",103,TRUE,"offered",TRUE,FALSE,FALSE,""
"reference","man/expr_arr_agg.Rd",1,22,"pl$element()","null_count","polars_expr",212,TRUE,"offered",TRUE,FALSE,FALSE,""
"reference","man/expr_arr_agg.Rd",1,22,"pl","element","pl",103,TRUE,"offered",TRUE,FALSE,FALSE,""
"reference","man/expr_arr_agg.Rd",1,22,"df","with_columns","polars_data_frame",89,TRUE,"offered",TRUE,FALSE,FALSE,""
"reference","man/expr_arr_agg.Rd",1,22,"pl$col(""a"")$arr","agg","polars_namespace_expr_arr",29,TRUE,"offered",TRUE,FALSE,FALSE,""
"reference","man/expr_arr_agg.Rd",1,22,"pl$col(""a"")","arr","polars_expr",212,TRUE,"offered",TRUE,FALSE,FALSE,""
"reference","man/expr_arr_agg.Rd",1,22,"pl","col","pl",103,TRUE,"offered",TRUE,FALSE,FALSE,""
"reference","man/expr_arr_agg.Rd",1,22,"pl$element()","drop_nulls","polars_expr",212,TRUE,"offered",TRUE,FALSE,FALSE,""
"reference","man/expr_arr_agg.Rd",1,22,"pl","element","pl",103,TRUE,"offered",TRUE,FALSE,FALSE,""
"reference","man/expr_arr_all.Rd",1,23,"pl$DataFrame(values = list(c(TRUE, TRUE), c(FALSE, TRUE), c(FALSE, FALSE), c(NA, NA)), )","cast","polars_data_frame",89,TRUE,"offered",TRUE,FALSE,FALSE,""
"reference","man/expr_arr_all.Rd",1,23,"pl","DataFrame","pl",103,TRUE,"offered",TRUE,FALSE,FALSE,""
"reference","man/expr_arr_all.Rd",1,23,"pl","Array","pl",103,TRUE,"offered",TRUE,FALSE,FALSE,""
"reference","man/expr_arr_all.Rd",1,23,"pl","Boolean","pl",103,TRUE,"offered",TRUE,FALSE,FALSE,""
"reference","man/expr_arr_all.Rd",1,23,"df","with_columns","polars_data_frame",89,TRUE,"offered",TRUE,FALSE,FALSE,""
"reference","man/expr_arr_all.Rd",1,23,"pl$col(""values"")$arr","all","polars_namespace_expr_arr",29,TRUE,"offered",TRUE,FALSE,FALSE,""
"reference","man/expr_arr_all.Rd",1,23,"pl$col(""values"")","arr","polars_expr",212,TRUE,"offered",TRUE,FALSE,FALSE,""
"reference","man/expr_arr_all.Rd",1,23,"pl","col","pl",103,TRUE,"offered",TRUE,FALSE,FALSE,""
"reference","man/expr_arr_any.Rd",1,23,"pl$DataFrame(values = list(c(TRUE, TRUE), c(FALSE, TRUE), c(FALSE, FALSE), c(NA, NA)), )","cast","polars_data_frame",89,TRUE,"offered",TRUE,FALSE,FALSE,""
"reference","man/expr_arr_any.Rd",1,23,"pl","DataFrame","pl",103,TRUE,"offered",TRUE,FALSE,FALSE,""
"reference","man/expr_arr_any.Rd",1,23,"pl","Array","pl",103,TRUE,"offered",TRUE,FALSE,FALSE,""
"reference","man/expr_arr_any.Rd",1,23,"pl","Boolean","pl",103,TRUE,"offered",TRUE,FALSE,FALSE,""
"reference","man/expr_arr_any.Rd",1,23,"df","with_columns","polars_data_frame",89,TRUE,"offered",TRUE,FALSE,FALSE,""
"reference","man/expr_arr_any.Rd",1,23,"pl$col(""values"")$arr","any","polars_namespace_expr_arr",29,TRUE,"offered",TRUE,FALSE,FALSE,""
"reference","man/expr_arr_any.Rd",1,23,"pl$col(""values"")","arr","polars_expr",212,TRUE,"offered",TRUE,FALSE,FALSE,""
"reference","man/expr_arr_any.Rd",1,23,"pl","col","pl",103,TRUE,"offered",TRUE,FALSE,FALSE,""
"reference","man/expr_arr_arg_max.Rd",1,15,"pl$DataFrame(values = list(1:2, 2:1))","cast","polars_data_frame",89,TRUE,"offered",TRUE,FALSE,FALSE,""
"reference","man/expr_arr_arg_max.Rd",1,15,"pl","DataFrame","pl",103,TRUE,"offered",TRUE,FALSE,FALSE,""
"reference","man/expr_arr_arg_max.Rd",1,15,"pl","Array","pl",103,TRUE,"offered",TRUE,FALSE,FALSE,""
"reference","man/expr_arr_arg_max.Rd",1,15,"pl","Int32","pl",103,TRUE,"offered",TRUE,FALSE,FALSE,""
"reference","man/expr_arr_arg_max.Rd",1,15,"df","with_columns","polars_data_frame",89,TRUE,"offered",TRUE,FALSE,FALSE,""
"reference","man/expr_arr_arg_max.Rd",1,15,"pl$col(""values"")$arr","arg_max","polars_namespace_expr_arr",29,TRUE,"offered",TRUE,FALSE,FALSE,""
"reference","man/expr_arr_arg_max.Rd",1,15,"pl$col(""values"")","arr","polars_expr",212,TRUE,"offered",TRUE,FALSE,FALSE,""
"reference","man/expr_arr_arg_max.Rd",1,15,"pl","col","pl",103,TRUE,"offered",TRUE,FALSE,FALSE,""
"reference","man/expr_arr_arg_min.Rd",1,15,"pl$DataFrame(values = list(1:2, 2:1))","cast","polars_data_frame",89,TRUE,"offered",TRUE,FALSE,FALSE,""
"reference","man/expr_arr_arg_min.Rd",1,15,"pl","DataFrame","pl",103,TRUE,"offered",TRUE,FALSE,FALSE,""
"reference","man/expr_arr_arg_min.Rd",1,15,"pl","Array","pl",103,TRUE,"offered",TRUE,FALSE,FALSE,""
"reference","man/expr_arr_arg_min.Rd",1,15,"pl","Int32","pl",103,TRUE,"offered",TRUE,FALSE,FALSE,""
"reference","man/expr_arr_arg_min.Rd",1,15,"df","with_columns","polars_data_frame",89,TRUE,"offered",TRUE,FALSE,FALSE,""
"reference","man/expr_arr_arg_min.Rd",1,15,"pl$col(""values"")$arr","arg_min","polars_namespace_expr_arr",29,TRUE,"offered",TRUE,FALSE,FALSE,""
"reference","man/expr_arr_arg_min.Rd",1,15,"pl$col(""values"")","arr","polars_expr",212,TRUE,"offered",TRUE,FALSE,FALSE,""
"reference","man/expr_arr_arg_min.Rd",1,15,"pl","col","pl",103,TRUE,"offered",TRUE,FALSE,FALSE,""
"reference","man/expr_arr_contains.Rd",1,23,"pl$DataFrame(values = list(0:2, 4:6, c(NA, NA, NA)), item = c(0L, 4L, 2L), )","cast","polars_data_frame",89,TRUE,"offered",TRUE,FALSE,FALSE,""
"reference","man/expr_arr_contains.Rd",1,23,"pl","DataFrame","pl",103,TRUE,"offered",TRUE,FALSE,FALSE,""
"reference","man/expr_arr_contains.Rd",1,23,"pl","Array","pl",103,TRUE,"offered",TRUE,FALSE,FALSE,""
"reference","man/expr_arr_contains.Rd",1,23,"pl","Float64","pl",103,TRUE,"offered",TRUE,FALSE,FALSE,""
"reference","man/expr_arr_contains.Rd",1,23,"df","with_columns","polars_data_frame",89,TRUE,"offered",TRUE,FALSE,FALSE,""
"reference","man/expr_arr_contains.Rd",1,23,"pl$col(""values"")$arr","contains","polars_namespace_expr_arr",29,TRUE,"offered",TRUE,FALSE,FALSE,""
"reference","man/expr_arr_contains.Rd",1,23,"pl$col(""values"")","arr","polars_expr",212,TRUE,"offered",TRUE,FALSE,FALSE,""
"reference","man/expr_arr_contains.Rd",1,23,"pl","col","pl",103,TRUE,"offered",TRUE,FALSE,FALSE,""
"reference","man/expr_arr_contains.Rd",1,23,"pl$col(""item"")","cast","polars_expr",212,TRUE,"offered",TRUE,FALSE,FALSE,""
"reference","man/expr_arr_contains.Rd",1,23,"pl","col","pl",103,TRUE,"offered",TRUE,FALSE,FALSE,""
"reference","man/expr_arr_contains.Rd",1,23,"pl","Float64","pl",103,TRUE,"offered",TRUE,FALSE,FALSE,""
"reference","man/expr_arr_contains.Rd",1,23,"pl$col(""values"")$arr","contains","polars_namespace_expr_arr",29,TRUE,"offered",TRUE,FALSE,FALSE,""
"reference","man/expr_arr_contains.Rd",1,23,"pl$col(""values"")","arr","polars_expr",212,TRUE,"offered",TRUE,FALSE,FALSE,""
"reference","man/expr_arr_contains.Rd",1,23,"pl","col","pl",103,TRUE,"offered",TRUE,FALSE,FALSE,""
"reference","man/expr_arr_contains.Rd",1,23,"pl$lit(1)","cast","polars_expr",212,TRUE,"offered",TRUE,FALSE,FALSE,""
"reference","man/expr_arr_contains.Rd",1,23,"pl","lit","pl",103,TRUE,"offered",TRUE,FALSE,FALSE,""
"reference","man/expr_arr_contains.Rd",1,23,"pl","Float64","pl",103,TRUE,"offered",TRUE,FALSE,FALSE,""
"reference","man/expr_arr_count_matches.Rd",1,19,"pl$DataFrame(values = list(c(1, 2), c(1, 1), c(2, 2)))","cast","polars_data_frame",89,TRUE,"offered",TRUE,FALSE,FALSE,""
"reference","man/expr_arr_count_matches.Rd",1,19,"pl","DataFrame","pl",103,TRUE,"offered",TRUE,FALSE,FALSE,""
"reference","man/expr_arr_count_matches.Rd",1,19,"pl","Array","pl",103,TRUE,"offered",TRUE,FALSE,FALSE,""
"reference","man/expr_arr_count_matches.Rd",1,19,"pl","Int64","pl",103,TRUE,"offered",TRUE,FALSE,FALSE,""
"reference","man/expr_arr_count_matches.Rd",1,19,"df","with_columns","polars_data_frame",89,TRUE,"offered",TRUE,FALSE,FALSE,""
"reference","man/expr_arr_count_matches.Rd",1,19,"pl$col(""values"")$arr","count_matches","polars_namespace_expr_arr",29,TRUE,"offered",TRUE,FALSE,FALSE,""
"reference","man/expr_arr_count_matches.Rd",1,19,"pl$col(""values"")","arr","polars_expr",212,TRUE,"offered",TRUE,FALSE,FALSE,""
"reference","man/expr_arr_count_matches.Rd",1,19,"pl","col","pl",103,TRUE,"offered",TRUE,FALSE,FALSE,""
"reference","man/expr_arr_dot.Rd",1,27,"pl$DataFrame(a = list(c(1, 2), c(3, 4)), b = list(c(5, 6), c(7, 8)))","cast","polars_data_frame",89,TRUE,"offered",TRUE,FALSE,FALSE,""
"reference","man/expr_arr_dot.Rd",1,27,"pl","DataFrame","pl",103,TRUE,"offered",TRUE,FALSE,FALSE,""
"reference","man/expr_arr_dot.Rd",1,27,"pl","Array","pl",103,TRUE,"offered",TRUE,FALSE,FALSE,""
"reference","man/expr_arr_dot.Rd",1,27,"pl","Float64","pl",103,TRUE,"offered",TRUE,FALSE,FALSE,""
"reference","man/expr_arr_dot.Rd",1,27,"df","with_columns","polars_data_frame",89,TRUE,"offered",TRUE,FALSE,FALSE,""
"reference","man/expr_arr_dot.Rd",1,27,"pl$col(""a"")$arr","dot","polars_namespace_expr_arr",29,TRUE,"offered",TRUE,FALSE,FALSE,""
"reference","man/expr_arr_dot.Rd",1,27,"pl$col(""a"")","arr","polars_expr",212,TRUE,"offered",TRUE,FALSE,FALSE,""
"reference","man/expr_arr_dot.Rd",1,27,"pl","col","pl",103,TRUE,"offered",TRUE,FALSE,FALSE,""
"reference","man/expr_arr_eval.Rd",1,25,"pl$DataFrame(a = list(c(1, 1), c(8, 5), c(3, 2)))","cast","polars_data_frame",89,TRUE,"offered",TRUE,FALSE,FALSE,""
"reference","man/expr_arr_eval.Rd",1,25,"pl","DataFrame","pl",103,TRUE,"offered",TRUE,FALSE,FALSE,""
"reference","man/expr_arr_eval.Rd",1,25,"pl","Array","pl",103,TRUE,"offered",TRUE,FALSE,FALSE,""
"reference","man/expr_arr_eval.Rd",1,25,"pl","Float64","pl",103,TRUE,"offered",TRUE,FALSE,FALSE,""
"reference","man/expr_arr_eval.Rd",1,25,"df","with_columns","polars_data_frame",89,TRUE,"offered",TRUE,FALSE,FALSE,""
"reference","man/expr_arr_eval.Rd",1,25,"pl$col(""a"")$arr","eval","polars_namespace_expr_arr",29,TRUE,"offered",TRUE,FALSE,FALSE,""
"reference","man/expr_arr_eval.Rd",1,25,"pl$col(""a"")","arr","polars_expr",212,TRUE,"offered",TRUE,FALSE,FALSE,""
"reference","man/expr_arr_eval.Rd",1,25,"pl","col","pl",103,TRUE,"offered",TRUE,FALSE,FALSE,""
"reference","man/expr_arr_eval.Rd",1,25,"pl$element()","cum_sum","polars_expr",212,TRUE,"offered",TRUE,FALSE,FALSE,""
"reference","man/expr_arr_eval.Rd",1,25,"pl","element","pl",103,TRUE,"offered",TRUE,FALSE,FALSE,""
"reference","man/expr_arr_eval.Rd",1,25,"df","with_columns","polars_data_frame",89,TRUE,"offered",TRUE,FALSE,FALSE,""
"reference","man/expr_arr_eval.Rd",1,25,"pl$col(""a"")$arr","eval","polars_namespace_expr_arr",29,TRUE,"offered",TRUE,FALSE,FALSE,""
"reference","man/expr_arr_eval.Rd",1,25,"pl$col(""a"")","arr","polars_expr",212,TRUE,"offered",TRUE,FALSE,FALSE,""
"reference","man/expr_arr_eval.Rd",1,25,"pl","col","pl",103,TRUE,"offered",TRUE,FALSE,FALSE,""
"reference","man/expr_arr_eval.Rd",1,25,"pl$element()","unique","polars_expr",212,TRUE,"offered",TRUE,FALSE,FALSE,""
"reference","man/expr_arr_eval.Rd",1,25,"pl","element","pl",103,TRUE,"offered",TRUE,FALSE,FALSE,""
"reference","man/expr_arr_explode.Rd",1,23,"pl$DataFrame(a = list(c(1, 2, 3), c(4, 5, 6)))","cast","polars_data_frame",89,TRUE,"offered",TRUE,FALSE,FALSE,""
"reference","man/expr_arr_explode.Rd",1,23,"pl","DataFrame","pl",103,TRUE,"offered",TRUE,FALSE,FALSE,""
"reference","man/expr_arr_explode.Rd",1,23,"pl","Array","pl",103,TRUE,"offered",TRUE,FALSE,FALSE,""
"reference","man/expr_arr_explode.Rd",1,23,"pl","Int64","pl",103,TRUE,"offered",TRUE,FALSE,FALSE,""
"reference","man/expr_arr_explode.Rd",1,23,"df","select","polars_data_frame",89,TRUE,"offered",TRUE,FALSE,FALSE,""
"reference","man/expr_arr_explode.Rd",1,23,"pl$col(""a"")$arr","explode","polars_namespace_expr_arr",29,TRUE,"offered",TRUE,FALSE,FALSE,""
"reference","man/expr_arr_explode.Rd",1,23,"pl$col(""a"")","arr","polars_expr",212,TRUE,"offered",TRUE,FALSE,FALSE,""
"reference","man/expr_arr_explode.Rd",1,23,"pl","col","pl",103,TRUE,"offered",TRUE,FALSE,FALSE,""
"reference","man/expr_arr_first.Rd",1,15,"pl$DataFrame(a = list(c(1, 2, 3), c(4, 5, 6)))","cast","polars_data_frame",89,TRUE,"offered",TRUE,FALSE,FALSE,""
"reference","man/expr_arr_first.Rd",1,15,"pl","DataFrame","pl",103,TRUE,"offered",TRUE,FALSE,FALSE,""
"reference","man/expr_arr_first.Rd",1,15,"pl","Array","pl",103,TRUE,"offered",TRUE,FALSE,FALSE,""
"reference","man/expr_arr_first.Rd",1,15,"pl","Int64","pl",103,TRUE,"offered",TRUE,FALSE,FALSE,""
"reference","man/expr_arr_first.Rd",1,15,"df","with_columns","polars_data_frame",89,TRUE,"offered",TRUE,FALSE,FALSE,""
"reference","man/expr_arr_first.Rd",1,15,"pl$col(""a"")$arr","first","polars_namespace_expr_arr",29,TRUE,"offered",TRUE,FALSE,FALSE,""
"reference","man/expr_arr_first.Rd",1,15,"pl$col(""a"")","arr","polars_expr",212,TRUE,"offered",TRUE,FALSE,FALSE,""
"reference","man/expr_arr_first.Rd",1,15,"pl","col","pl",103,TRUE,"offered",TRUE,FALSE,FALSE,""
"reference","man/expr_arr_get.Rd",1,28,"pl$DataFrame(values = list(c(1, 2), c(3, 4), c(NA, 6)), idx = c(1, NA, 3))","cast","polars_data_frame",89,TRUE,"offered",TRUE,FALSE,FALSE,""
"reference","man/expr_arr_get.Rd",1,28,"pl","DataFrame","pl",103,TRUE,"offered",TRUE,FALSE,FALSE,""
"reference","man/expr_arr_get.Rd",1,28,"pl","Array","pl",103,TRUE,"offered",TRUE,FALSE,FALSE,""
"reference","man/expr_arr_get.Rd",1,28,"pl","Float64","pl",103,TRUE,"offered",TRUE,FALSE,FALSE,""
"reference","man/expr_arr_get.Rd",1,28,"df","with_columns","polars_data_frame",89,TRUE,"offered",TRUE,FALSE,FALSE,""
"reference","man/expr_arr_get.Rd",1,28,"pl$col(""values"")$arr","get","polars_namespace_expr_arr",29,TRUE,"offered",TRUE,FALSE,FALSE,""
"reference","man/expr_arr_get.Rd",1,28,"pl$col(""values"")","arr","polars_expr",212,TRUE,"offered",TRUE,FALSE,FALSE,""
"reference","man/expr_arr_get.Rd",1,28,"pl","col","pl",103,TRUE,"offered",TRUE,FALSE,FALSE,""
"reference","man/expr_arr_get.Rd",1,28,"pl$col(""values"")$arr","get","polars_namespace_expr_arr",29,TRUE,"offered",TRUE,FALSE,FALSE,""
"reference","man/expr_arr_get.Rd",1,28,"pl$col(""values"")","arr","polars_expr",212,TRUE,"offered",TRUE,FALSE,FALSE,""
"reference","man/expr_arr_get.Rd",1,28,"pl","col","pl",103,TRUE,"offered",TRUE,FALSE,FALSE,""
"reference","man/expr_arr_get.Rd",1,28,"pl$col(""values"")$arr","get","polars_namespace_expr_arr",29,TRUE,"offered",TRUE,FALSE,FALSE,""
"reference","man/expr_arr_get.Rd",1,28,"pl$col(""values"")","arr","polars_expr",212,TRUE,"offered",TRUE,FALSE,FALSE,""
"reference","man/expr_arr_get.Rd",1,28,"pl","col","pl",103,TRUE,"offered",TRUE,FALSE,FALSE,""
"reference","man/expr_arr_get.Rd",1,28,"pl$col(""values"")$arr","get","polars_namespace_expr_arr",29,TRUE,"offered",TRUE,FALSE,FALSE,""
"reference","man/expr_arr_get.Rd",1,28,"pl$col(""values"")","arr","polars_expr",212,TRUE,"offered",TRUE,FALSE,FALSE,""
"reference","man/expr_arr_get.Rd",1,28,"pl","col","pl",103,TRUE,"offered",TRUE,FALSE,FALSE,""
"reference","man/expr_arr_join.Rd",1,26,"pl$DataFrame(values = list(c(""a"", ""b"", ""c""), c(""x"", ""y"", ""z""), c(""e"", NA, NA)), separator = c(""-"", ""+"", ""/""), )","cast","polars_data_frame",89,TRUE,"offered",TRUE,FALSE,FALSE,""
"reference","man/expr_arr_join.Rd",1,26,"pl","DataFrame","pl",103,TRUE,"offered",TRUE,FALSE,FALSE,""
"reference","man/expr_arr_join.Rd",1,26,"pl","Array","pl",103,TRUE,"offered",TRUE,FALSE,FALSE,""
"reference","man/expr_arr_join.Rd",1,26,"pl","String","pl",103,TRUE,"offered",TRUE,FALSE,FALSE,""
"reference","man/expr_arr_join.Rd",1,26,"df","with_columns","polars_data_frame",89,TRUE,"offered",TRUE,FALSE,FALSE,""
"reference","man/expr_arr_join.Rd",1,26,"pl$col(""values"")$arr","join","polars_namespace_expr_arr",29,TRUE,"offered",TRUE,FALSE,FALSE,""
"reference","man/expr_arr_join.Rd",1,26,"pl$col(""values"")","arr","polars_expr",212,TRUE,"offered",TRUE,FALSE,FALSE,""
"reference","man/expr_arr_join.Rd",1,26,"pl","col","pl",103,TRUE,"offered",TRUE,FALSE,FALSE,""
"reference","man/expr_arr_join.Rd",1,26,"pl","col","pl",103,TRUE,"offered",TRUE,FALSE,FALSE,""
"reference","man/expr_arr_join.Rd",1,26,"pl$col(""values"")$arr","join","polars_namespace_expr_arr",29,TRUE,"offered",TRUE,FALSE,FALSE,""
"reference","man/expr_arr_join.Rd",1,26,"pl$col(""values"")","arr","polars_expr",212,TRUE,"offered",TRUE,FALSE,FALSE,""
"reference","man/expr_arr_join.Rd",1,26,"pl","col","pl",103,TRUE,"offered",TRUE,FALSE,FALSE,""
"reference","man/expr_arr_join.Rd",1,26,"pl$col(""values"")$arr","join","polars_namespace_expr_arr",29,TRUE,"offered",TRUE,FALSE,FALSE,""
"reference","man/expr_arr_join.Rd",1,26,"pl$col(""values"")","arr","polars_expr",212,TRUE,"offered",TRUE,FALSE,FALSE,""
"reference","man/expr_arr_join.Rd",1,26,"pl","col","pl",103,TRUE,"offered",TRUE,FALSE,FALSE,""
"reference","man/expr_arr_last.Rd",1,15,"pl$DataFrame(a = list(c(1, 2, 3), c(4, 5, 6)))","cast","polars_data_frame",89,TRUE,"offered",TRUE,FALSE,FALSE,""
"reference","man/expr_arr_last.Rd",1,15,"pl","DataFrame","pl",103,TRUE,"offered",TRUE,FALSE,FALSE,""
"reference","man/expr_arr_last.Rd",1,15,"pl","Array","pl",103,TRUE,"offered",TRUE,FALSE,FALSE,""
"reference","man/expr_arr_last.Rd",1,15,"pl","Int64","pl",103,TRUE,"offered",TRUE,FALSE,FALSE,""
"reference","man/expr_arr_last.Rd",1,15,"df","with_columns","polars_data_frame",89,TRUE,"offered",TRUE,FALSE,FALSE,""
"reference","man/expr_arr_last.Rd",1,15,"pl$col(""a"")$arr","last","polars_namespace_expr_arr",29,TRUE,"offered",TRUE,FALSE,FALSE,""
"reference","man/expr_arr_last.Rd",1,15,"pl$col(""a"")","arr","polars_expr",212,TRUE,"offered",TRUE,FALSE,FALSE,""
"reference","man/expr_arr_last.Rd",1,15,"pl","col","pl",103,TRUE,"offered",TRUE,FALSE,FALSE,""
"reference","man/expr_arr_len.Rd",1,15,"pl$DataFrame(a = list(c(1, 1, 2), c(2, 3, 4)))","cast","polars_data_frame",89,TRUE,"offered",TRUE,FALSE,FALSE,""
"reference","man/expr_arr_len.Rd",1,15,"pl","DataFrame","pl",103,TRUE,"offered",TRUE,FALSE,FALSE,""
"reference","man/expr_arr_len.Rd",1,15,"pl","Array","pl",103,TRUE,"offered",TRUE,FALSE,FALSE,""
"reference","man/expr_arr_len.Rd",1,15,"pl","Int64","pl",103,TRUE,"offered",TRUE,FALSE,FALSE,""
"reference","man/expr_arr_len.Rd",1,15,"df","with_columns","polars_data_frame",89,TRUE,"offered",TRUE,FALSE,FALSE,""
"reference","man/expr_arr_len.Rd",1,15,"pl$col(""a"")$arr","len","polars_namespace_expr_arr",29,TRUE,"offered",TRUE,FALSE,FALSE,""
"reference","man/expr_arr_len.Rd",1,15,"pl$col(""a"")","arr","polars_expr",212,TRUE,"offered",TRUE,FALSE,FALSE,""
"reference","man/expr_arr_len.Rd",1,15,"pl","col","pl",103,TRUE,"offered",TRUE,FALSE,FALSE,""
"reference","man/expr_arr_max.Rd",1,15,"pl$DataFrame(values = list(c(1, 2), c(3, 4), c(NA, NA)))","cast","polars_data_frame",89,TRUE,"offered",TRUE,FALSE,FALSE,""
"reference","man/expr_arr_max.Rd",1,15,"pl","DataFrame","pl",103,TRUE,"offered",TRUE,FALSE,FALSE,""
"reference","man/expr_arr_max.Rd",1,15,"pl","Array","pl",103,TRUE,"offered",TRUE,FALSE,FALSE,""
"reference","man/expr_arr_max.Rd",1,15,"pl","Float64","pl",103,TRUE,"offered",TRUE,FALSE,FALSE,""
"reference","man/expr_arr_max.Rd",1,15,"df","with_columns","polars_data_frame",89,TRUE,"offered",TRUE,FALSE,FALSE,""
"reference","man/expr_arr_max.Rd",1,15,"pl$col(""values"")$arr","max","polars_namespace_expr_arr",29,TRUE,"offered",TRUE,FALSE,FALSE,""
"reference","man/expr_arr_max.Rd",1,15,"pl$col(""values"")","arr","polars_expr",212,TRUE,"offered",TRUE,FALSE,FALSE,""
"reference","man/expr_arr_max.Rd",1,15,"pl","col","pl",103,TRUE,"offered",TRUE,FALSE,FALSE,""
"reference","man/expr_arr_median.Rd",1,15,"pl$DataFrame(values = list(c(2, 1, 4), c(8.4, 3.2, 1)), )","cast","polars_data_frame",89,TRUE,"offered",TRUE,FALSE,FALSE,""
"reference","man/expr_arr_median.Rd",1,15,"pl","DataFrame","pl",103,TRUE,"offered",TRUE,FALSE,FALSE,""
"reference","man/expr_arr_median.Rd",1,15,"pl","Array","pl",103,TRUE,"offered",TRUE,FALSE,FALSE,""
"reference","man/expr_arr_median.Rd",1,15,"pl","Float64","pl",103,TRUE,"offered",TRUE,FALSE,FALSE,""
"reference","man/expr_arr_median.Rd",1,15,"df","with_columns","polars_data_frame",89,TRUE,"offered",TRUE,FALSE,FALSE,""
"reference","man/expr_arr_median.Rd",1,15,"pl$col(""values"")$arr","median","polars_namespace_expr_arr",29,TRUE,"offered",TRUE,FALSE,FALSE,""
"reference","man/expr_arr_median.Rd",1,15,"pl$col(""values"")","arr","polars_expr",212,TRUE,"offered",TRUE,FALSE,FALSE,""
"reference","man/expr_arr_median.Rd",1,15,"pl","col","pl",103,TRUE,"offered",TRUE,FALSE,FALSE,""
"reference","man/expr_arr_min.Rd",1,15,"pl$DataFrame(values = list(c(1, 2), c(3, 4), c(NA, NA)))","cast","polars_data_frame",89,TRUE,"offered",TRUE,FALSE,FALSE,""
"reference","man/expr_arr_min.Rd",1,15,"pl","DataFrame","pl",103,TRUE,"offered",TRUE,FALSE,FALSE,""
"reference","man/expr_arr_min.Rd",1,15,"pl","Array","pl",103,TRUE,"offered",TRUE,FALSE,FALSE,""
"reference","man/expr_arr_min.Rd",1,15,"pl","Float64","pl",103,TRUE,"offered",TRUE,FALSE,FALSE,""
"reference","man/expr_arr_min.Rd",1,15,"df","with_columns","polars_data_frame",89,TRUE,"offered",TRUE,FALSE,FALSE,""
"reference","man/expr_arr_min.Rd",1,15,"pl$col(""values"")$arr","min","polars_namespace_expr_arr",29,TRUE,"offered",TRUE,FALSE,FALSE,""
"reference","man/expr_arr_min.Rd",1,15,"pl$col(""values"")","arr","polars_expr",212,TRUE,"offered",TRUE,FALSE,FALSE,""
"reference","man/expr_arr_min.Rd",1,15,"pl","col","pl",103,TRUE,"offered",TRUE,FALSE,FALSE,""
"reference","man/expr_arr_n_unique.Rd",1,15,"pl$DataFrame(a = list(c(1, 1, 2), c(2, 3, 4)))","cast","polars_data_frame",89,TRUE,"offered",TRUE,FALSE,FALSE,""
"reference","man/expr_arr_n_unique.Rd",1,15,"pl","DataFrame","pl",103,TRUE,"offered",TRUE,FALSE,FALSE,""
"reference","man/expr_arr_n_unique.Rd",1,15,"pl","Array","pl",103,TRUE,"offered",TRUE,FALSE,FALSE,""
"reference","man/expr_arr_n_unique.Rd",1,15,"pl","Int64","pl",103,TRUE,"offered",TRUE,FALSE,FALSE,""
"reference","man/expr_arr_n_unique.Rd",1,15,"df","with_columns","polars_data_frame",89,TRUE,"offered",TRUE,FALSE,FALSE,""
"reference","man/expr_arr_n_unique.Rd",1,15,"pl$col(""a"")$arr","n_unique","polars_namespace_expr_arr",29,TRUE,"offered",TRUE,FALSE,FALSE,""
"reference","man/expr_arr_n_unique.Rd",1,15,"pl$col(""a"")","arr","polars_expr",212,TRUE,"offered",TRUE,FALSE,FALSE,""
"reference","man/expr_arr_n_unique.Rd",1,15,"pl","col","pl",103,TRUE,"offered",TRUE,FALSE,FALSE,""
"reference","man/expr_arr_reverse.Rd",1,15,"pl$DataFrame(values = list(c(1, 2), c(3, 4), c(NA, 6)))","cast","polars_data_frame",89,TRUE,"offered",TRUE,FALSE,FALSE,""
"reference","man/expr_arr_reverse.Rd",1,15,"pl","DataFrame","pl",103,TRUE,"offered",TRUE,FALSE,FALSE,""
"reference","man/expr_arr_reverse.Rd",1,15,"pl","Array","pl",103,TRUE,"offered",TRUE,FALSE,FALSE,""
"reference","man/expr_arr_reverse.Rd",1,15,"pl","Float64","pl",103,TRUE,"offered",TRUE,FALSE,FALSE,""
"reference","man/expr_arr_reverse.Rd",1,15,"df","with_columns","polars_data_frame",89,TRUE,"offered",TRUE,FALSE,FALSE,""
"reference","man/expr_arr_reverse.Rd",1,15,"pl$col(""values"")$arr","reverse","polars_namespace_expr_arr",29,TRUE,"offered",TRUE,FALSE,FALSE,""
"reference","man/expr_arr_reverse.Rd",1,15,"pl$col(""values"")","arr","polars_expr",212,TRUE,"offered",TRUE,FALSE,FALSE,""
"reference","man/expr_arr_reverse.Rd",1,15,"pl","col","pl",103,TRUE,"offered",TRUE,FALSE,FALSE,""
"reference","man/expr_arr_shift.Rd",1,20,"pl$DataFrame(values = list(1:3, c(2L, NA, 5L)), idx = 1:2, )","cast","polars_data_frame",89,TRUE,"offered",TRUE,FALSE,FALSE,""
"reference","man/expr_arr_shift.Rd",1,20,"pl","DataFrame","pl",103,TRUE,"offered",TRUE,FALSE,FALSE,""
"reference","man/expr_arr_shift.Rd",1,20,"pl","Array","pl",103,TRUE,"offered",TRUE,FALSE,FALSE,""
"reference","man/expr_arr_shift.Rd",1,20,"pl","Int32","pl",103,TRUE,"offered",TRUE,FALSE,FALSE,""
"reference","man/expr_arr_shift.Rd",1,20,"df","with_columns","polars_data_frame",89,TRUE,"offered",TRUE,FALSE,FALSE,""
"reference","man/expr_arr_shift.Rd",1,20,"pl$col(""values"")$arr","shift","polars_namespace_expr_arr",29,TRUE,"offered",TRUE,FALSE,FALSE,""
"reference","man/expr_arr_shift.Rd",1,20,"pl$col(""values"")","arr","polars_expr",212,TRUE,"offered",TRUE,FALSE,FALSE,""
"reference","man/expr_arr_shift.Rd",1,20,"pl","col","pl",103,TRUE,"offered",TRUE,FALSE,FALSE,""
"reference","man/expr_arr_shift.Rd",1,20,"pl","col","pl",103,TRUE,"offered",TRUE,FALSE,FALSE,""
"reference","man/expr_arr_shift.Rd",1,20,"pl$col(""values"")$arr","shift","polars_namespace_expr_arr",29,TRUE,"offered",TRUE,FALSE,FALSE,""
"reference","man/expr_arr_shift.Rd",1,20,"pl$col(""values"")","arr","polars_expr",212,TRUE,"offered",TRUE,FALSE,FALSE,""
"reference","man/expr_arr_shift.Rd",1,20,"pl","col","pl",103,TRUE,"offered",TRUE,FALSE,FALSE,""
"reference","man/expr_arr_sort.Rd",1,19,"pl$DataFrame(values = list(c(2, 1), c(3, 4), c(NA, 6)))","cast","polars_data_frame",89,TRUE,"offered",TRUE,FALSE,FALSE,""
"reference","man/expr_arr_sort.Rd",1,19,"pl","DataFrame","pl",103,TRUE,"offered",TRUE,FALSE,FALSE,""
"reference","man/expr_arr_sort.Rd",1,19,"pl","Array","pl",103,TRUE,"offered",TRUE,FALSE,FALSE,""
"reference","man/expr_arr_sort.Rd",1,19,"pl","Float64","pl",103,TRUE,"offered",TRUE,FALSE,FALSE,""
"reference","man/expr_arr_sort.Rd",1,19,"df","with_columns","polars_data_frame",89,TRUE,"offered",TRUE,FALSE,FALSE,""
"reference","man/expr_arr_sort.Rd",1,19,"pl$col(""values"")$arr","sort","polars_namespace_expr_arr",29,TRUE,"offered",TRUE,FALSE,FALSE,""
"reference","man/expr_arr_sort.Rd",1,19,"pl$col(""values"")","arr","polars_expr",212,TRUE,"offered",TRUE,FALSE,FALSE,""
"reference","man/expr_arr_sort.Rd",1,19,"pl","col","pl",103,TRUE,"offered",TRUE,FALSE,FALSE,""
"reference","man/expr_arr_std.Rd",1,20,"pl$DataFrame(values = list(c(2, 1, 4), c(8.4, 3.2, 1)), )","cast","polars_data_frame",89,TRUE,"offered",TRUE,FALSE,FALSE,""
"reference","man/expr_arr_std.Rd",1,20,"pl","DataFrame","pl",103,TRUE,"offered",TRUE,FALSE,FALSE,""
"reference","man/expr_arr_std.Rd",1,20,"pl","Array","pl",103,TRUE,"offered",TRUE,FALSE,FALSE,""
"reference","man/expr_arr_std.Rd",1,20,"pl","Float64","pl",103,TRUE,"offered",TRUE,FALSE,FALSE,""
"reference","man/expr_arr_std.Rd",1,20,"df","with_columns","polars_data_frame",89,TRUE,"offered",TRUE,FALSE,FALSE,""
"reference","man/expr_arr_std.Rd",1,20,"pl$col(""values"")$arr","std","polars_namespace_expr_arr",29,TRUE,"offered",TRUE,FALSE,FALSE,""
"reference","man/expr_arr_std.Rd",1,20,"pl$col(""values"")","arr","polars_expr",212,TRUE,"offered",TRUE,FALSE,FALSE,""
"reference","man/expr_arr_std.Rd",1,20,"pl","col","pl",103,TRUE,"offered",TRUE,FALSE,FALSE,""
"reference","man/expr_arr_sum.Rd",1,15,"pl$DataFrame(values = list(c(1, 2), c(3, 4), c(NA, 6)))","cast","polars_data_frame",89,TRUE,"offered",TRUE,FALSE,FALSE,""
"reference","man/expr_arr_sum.Rd",1,15,"pl","DataFrame","pl",103,TRUE,"offered",TRUE,FALSE,FALSE,""
"reference","man/expr_arr_sum.Rd",1,15,"pl","Array","pl",103,TRUE,"offered",TRUE,FALSE,FALSE,""
"reference","man/expr_arr_sum.Rd",1,15,"pl","Float64","pl",103,TRUE,"offered",TRUE,FALSE,FALSE,""
"reference","man/expr_arr_sum.Rd",1,15,"df","with_columns","polars_data_frame",89,TRUE,"offered",TRUE,FALSE,FALSE,""
"reference","man/expr_arr_sum.Rd",1,15,"pl$col(""values"")$arr","sum","polars_namespace_expr_arr",29,TRUE,"offered",TRUE,FALSE,FALSE,""
"reference","man/expr_arr_sum.Rd",1,15,"pl$col(""values"")","arr","polars_expr",212,TRUE,"offered",TRUE,FALSE,FALSE,""
"reference","man/expr_arr_sum.Rd",1,15,"pl","col","pl",103,TRUE,"offered",TRUE,FALSE,FALSE,""
"reference","man/expr_arr_to_list.Rd",1,15,"pl$DataFrame(a = list(c(1, 2), c(3, 4)))","cast","polars_data_frame",89,TRUE,"offered",TRUE,FALSE,FALSE,""
"reference","man/expr_arr_to_list.Rd",1,15,"pl","DataFrame","pl",103,TRUE,"offered",TRUE,FALSE,FALSE,""
"reference","man/expr_arr_to_list.Rd",1,15,"pl","Array","pl",103,TRUE,"offered",TRUE,FALSE,FALSE,""
"reference","man/expr_arr_to_list.Rd",1,15,"pl","Int8","pl",103,TRUE,"offered",TRUE,FALSE,FALSE,""
"reference","man/expr_arr_to_list.Rd",1,15,"df","with_columns","polars_data_frame",89,TRUE,"offered",TRUE,FALSE,FALSE,""
"reference","man/expr_arr_to_list.Rd",1,15,"pl$col(""a"")$arr","to_list","polars_namespace_expr_arr",29,TRUE,"offered",TRUE,FALSE,FALSE,""
"reference","man/expr_arr_to_list.Rd",1,15,"pl$col(""a"")","arr","polars_expr",212,TRUE,"offered",TRUE,FALSE,FALSE,""
"reference","man/expr_arr_to_list.Rd",1,15,"pl","col","pl",103,TRUE,"offered",TRUE,FALSE,FALSE,""
"reference","man/expr_arr_to_struct.Rd",1,20,"pl","DataFrame","pl",103,TRUE,"offered",TRUE,FALSE,FALSE,""
"reference","man/expr_arr_to_struct.Rd",1,20,"pl","Array","pl",103,TRUE,"offered",TRUE,FALSE,FALSE,""
"reference","man/expr_arr_to_struct.Rd",1,20,"pl","Int8","pl",103,TRUE,"offered",TRUE,FALSE,FALSE,""
"reference","man/expr_arr_to_struct.Rd",1,20,"df","with_columns","polars_data_frame",89,TRUE,"offered",TRUE,FALSE,FALSE,""
"reference","man/expr_arr_to_struct.Rd",1,20,"pl$col(""n"")$arr","to_struct","polars_namespace_expr_arr",29,TRUE,"offered",TRUE,FALSE,FALSE,""
"reference","man/expr_arr_to_struct.Rd",1,20,"pl$col(""n"")","arr","polars_expr",212,TRUE,"offered",TRUE,FALSE,FALSE,""
"reference","man/expr_arr_to_struct.Rd",1,20,"pl","col","pl",103,TRUE,"offered",TRUE,FALSE,FALSE,""
"reference","man/expr_arr_to_struct.Rd",1,20,"df$select(pl$col(""n"")$arr$to_struct(c(""a"", ""b"", ""c"")))","unnest","polars_data_frame",89,TRUE,"offered",TRUE,FALSE,FALSE,""
"reference","man/expr_arr_to_struct.Rd",1,20,"df","select","polars_data_frame",89,TRUE,"offered",TRUE,FALSE,FALSE,""
"reference","man/expr_arr_to_struct.Rd",1,20,"pl$col(""n"")$arr","to_struct","polars_namespace_expr_arr",29,TRUE,"offered",TRUE,FALSE,FALSE,""
"reference","man/expr_arr_to_struct.Rd",1,20,"pl$col(""n"")","arr","polars_expr",212,TRUE,"offered",TRUE,FALSE,FALSE,""
"reference","man/expr_arr_to_struct.Rd",1,20,"pl","col","pl",103,TRUE,"offered",TRUE,FALSE,FALSE,""
"reference","man/expr_arr_unique.Rd",1,20,"pl$DataFrame(values = list(c(1, 1, 2), c(4, 4, 4), c(NA, 6, 7)), )","cast","polars_data_frame",89,TRUE,"offered",TRUE,FALSE,FALSE,""
"reference","man/expr_arr_unique.Rd",1,20,"pl","DataFrame","pl",103,TRUE,"offered",TRUE,FALSE,FALSE,""
"reference","man/expr_arr_unique.Rd",1,20,"pl","Array","pl",103,TRUE,"offered",TRUE,FALSE,FALSE,""
"reference","man/expr_arr_unique.Rd",1,20,"pl","Float64","pl",103,TRUE,"offered",TRUE,FALSE,FALSE,""
"reference","man/expr_arr_unique.Rd",1,20,"df","with_columns","polars_data_frame",89,TRUE,"offered",TRUE,FALSE,FALSE,""
"reference","man/expr_arr_unique.Rd",1,20,"pl$col(""values"")$arr","unique","polars_namespace_expr_arr",29,TRUE,"offered",TRUE,FALSE,FALSE,""
"reference","man/expr_arr_unique.Rd",1,20,"pl$col(""values"")","arr","polars_expr",212,TRUE,"offered",TRUE,FALSE,FALSE,""
"reference","man/expr_arr_unique.Rd",1,20,"pl","col","pl",103,TRUE,"offered",TRUE,FALSE,FALSE,""
"reference","man/expr_arr_var.Rd",1,20,"pl$DataFrame(values = list(c(2, 1, 4), c(8.4, 3.2, 1)), )","cast","polars_data_frame",89,TRUE,"offered",TRUE,FALSE,FALSE,""
"reference","man/expr_arr_var.Rd",1,20,"pl","DataFrame","pl",103,TRUE,"offered",TRUE,FALSE,FALSE,""
"reference","man/expr_arr_var.Rd",1,20,"pl","Array","pl",103,TRUE,"offered",TRUE,FALSE,FALSE,""
"reference","man/expr_arr_var.Rd",1,20,"pl","Float64","pl",103,TRUE,"offered",TRUE,FALSE,FALSE,""
"reference","man/expr_arr_var.Rd",1,20,"df","with_columns","polars_data_frame",89,TRUE,"offered",TRUE,FALSE,FALSE,""
"reference","man/expr_arr_var.Rd",1,20,"pl$col(""values"")$arr","var","polars_namespace_expr_arr",29,TRUE,"offered",TRUE,FALSE,FALSE,""
"reference","man/expr_arr_var.Rd",1,20,"pl$col(""values"")","arr","polars_expr",212,TRUE,"offered",TRUE,FALSE,FALSE,""
"reference","man/expr_arr_var.Rd",1,20,"pl","col","pl",103,TRUE,"offered",TRUE,FALSE,FALSE,""
"reference","man/expr_bin_contains.Rd",1,18,"pl","DataFrame","pl",103,TRUE,"offered",TRUE,FALSE,FALSE,""
"reference","man/expr_bin_contains.Rd",1,18,"as_polars_series(c(""x00x00x00"", ""xffxffx00"", ""x00x00xff""))","cast","polars_series",226,TRUE,"offered",TRUE,FALSE,FALSE,""
"reference","man/expr_bin_contains.Rd",1,18,"pl","Binary","pl",103,TRUE,"offered",TRUE,FALSE,FALSE,""
"reference","man/expr_bin_contains.Rd",1,18,"as_polars_series(c(""x00"", ""xffx00"", ""xffxff""))","cast","polars_series",226,TRUE,"offered",TRUE,FALSE,FALSE,""
"reference","man/expr_bin_contains.Rd",1,18,"pl","Binary","pl",103,TRUE,"offered",TRUE,FALSE,FALSE,""
"reference","man/expr_bin_contains.Rd",1,18,"colors","select","polars_data_frame",89,TRUE,"offered",TRUE,FALSE,FALSE,""
"reference","man/expr_bin_contains.Rd",1,18,"pl$col(""code"")$bin","contains","polars_namespace_expr_bin",9,TRUE,"offered",TRUE,FALSE,FALSE,""
"reference","man/expr_bin_contains.Rd",1,18,"pl$col(""code"")","bin","polars_expr",212,TRUE,"offered",TRUE,FALSE,FALSE,""
"reference","man/expr_bin_contains.Rd",1,18,"pl","col","pl",103,TRUE,"offered",TRUE,FALSE,FALSE,""
"reference","man/expr_bin_contains.Rd",1,18,"pl$col(""code"")$bin","contains","polars_namespace_expr_bin",9,TRUE,"offered",TRUE,FALSE,FALSE,""
"reference","man/expr_bin_contains.Rd",1,18,"pl$col(""code"")","bin","polars_expr",212,TRUE,"offered",TRUE,FALSE,FALSE,""
"reference","man/expr_bin_contains.Rd",1,18,"pl","col","pl",103,TRUE,"offered",TRUE,FALSE,FALSE,""
"reference","man/expr_bin_contains.Rd",1,18,"pl","col","pl",103,TRUE,"offered",TRUE,FALSE,FALSE,""
"reference","man/expr_bin_decode.Rd",1,23,"pl","DataFrame","pl",103,TRUE,"offered",TRUE,FALSE,FALSE,""
"reference","man/expr_bin_decode.Rd",1,23,"as_polars_series(c(""000000"", ""ffff00"", ""0000ff""))","cast","polars_series",226,TRUE,"offered",TRUE,FALSE,FALSE,""
"reference","man/expr_bin_decode.Rd",1,23,"pl","Binary","pl",103,TRUE,"offered",TRUE,FALSE,FALSE,""
"reference","man/expr_bin_decode.Rd",1,23,"as_polars_series(c(""AAAA"", ""//8A"", ""AAD/""))","cast","polars_series",226,TRUE,"offered",TRUE,FALSE,FALSE,""
"reference","man/expr_bin_decode.Rd",1,23,"pl","Binary","pl",103,TRUE,"offered",TRUE,FALSE,FALSE,""
"reference","man/expr_bin_decode.Rd",1,23,"df","with_columns","polars_data_frame",89,TRUE,"offered",TRUE,FALSE,FALSE,""
"reference","man/expr_bin_decode.Rd",1,23,"pl$col(""code_hex"")$bin","decode","polars_namespace_expr_bin",9,TRUE,"offered",TRUE,FALSE,FALSE,""
"reference","man/expr_bin_decode.Rd",1,23,"pl$col(""code_hex"")","bin","polars_expr",212,TRUE,"offered",TRUE,FALSE,FALSE,""
"reference","man/expr_bin_decode.Rd",1,23,"pl","col","pl",103,TRUE,"offered",TRUE,FALSE,FALSE,""
"reference","man/expr_bin_decode.Rd",1,23,"pl$col(""code_base64"")$bin","decode","polars_namespace_expr_bin",9,TRUE,"offered",TRUE,FALSE,FALSE,""
"reference","man/expr_bin_decode.Rd",1,23,"pl$col(""code_base64"")","bin","polars_expr",212,TRUE,"offered",TRUE,FALSE,FALSE,""
"reference","man/expr_bin_decode.Rd",1,23,"pl","col","pl",103,TRUE,"offered",TRUE,FALSE,FALSE,""
"reference","man/expr_bin_decode.Rd",1,23,"pl","DataFrame","pl",103,TRUE,"offered",TRUE,FALSE,FALSE,""
"reference","man/expr_bin_decode.Rd",1,23,"as_polars_series(c(""000000"", ""ffff00"", ""invalid_value""))","cast","polars_series",226,TRUE,"offered",TRUE,FALSE,FALSE,""
"reference","man/expr_bin_decode.Rd",1,23,"pl","Binary","pl",103,TRUE,"offered",TRUE,FALSE,FALSE,""
"reference","man/expr_bin_decode.Rd",1,23,"df","select","polars_data_frame",89,TRUE,"offered",TRUE,FALSE,FALSE,""
"reference","man/expr_bin_decode.Rd",1,23,"pl$col(""colors"")$bin","decode","polars_namespace_expr_bin",9,TRUE,"offered",TRUE,FALSE,FALSE,""
"reference","man/expr_bin_decode.Rd",1,23,"pl$col(""colors"")","bin","polars_expr",212,TRUE,"offered",TRUE,FALSE,FALSE,""
"reference","man/expr_bin_decode.Rd",1,23,"pl","col","pl",103,TRUE,"offered",TRUE,FALSE,FALSE,""
"reference","man/expr_bin_encode.Rd",1,18,"pl","DataFrame","pl",103,TRUE,"offered",TRUE,FALSE,FALSE,""
"reference","man/expr_bin_encode.Rd",1,18,"as_polars_series(c(""000000"", ""ffff00"", ""0000ff""))$cast(pl$Binary)$bin","decode","polars_namespace_series_bin",9,TRUE,"offered",TRUE,FALSE,FALSE,""
"reference","man/expr_bin_encode.Rd",1,18,"as_polars_series(c(""000000"", ""ffff00"", ""0000ff""))$cast(pl$Binary)","bin","polars_series",226,TRUE,"offered",TRUE,FALSE,FALSE,""
"reference","man/expr_bin_encode.Rd",1,18,"as_polars_series(c(""000000"", ""ffff00"", ""0000ff""))","cast","polars_series",226,TRUE,"offered",TRUE,FALSE,FALSE,""
"reference","man/expr_bin_encode.Rd",1,18,"pl","Binary","pl",103,TRUE,"offered",TRUE,FALSE,FALSE,""
"reference","man/expr_bin_encode.Rd",1,18,"df","with_columns","polars_data_frame",89,TRUE,"offered",TRUE,FALSE,FALSE,""
"reference","man/expr_bin_encode.Rd",1,18,"pl$col(""code"")$bin","encode","polars_namespace_expr_bin",9,TRUE,"offered",TRUE,FALSE,FALSE,""
"reference","man/expr_bin_encode.Rd",1,18,"pl$col(""code"")","bin","polars_expr",212,TRUE,"offered",TRUE,FALSE,FALSE,""
"reference","man/expr_bin_encode.Rd",1,18,"pl","col","pl",103,TRUE,"offered",TRUE,FALSE,FALSE,""
"reference","man/expr_bin_ends_with.Rd",1,18,"pl","DataFrame","pl",103,TRUE,"offered",TRUE,FALSE,FALSE,""
"reference","man/expr_bin_ends_with.Rd",1,18,"as_polars_series(c(""x00x00x00"", ""xffxffx00"", ""x00x00xff""))","cast","polars_series",226,TRUE,"offered",TRUE,FALSE,FALSE,""
"reference","man/expr_bin_ends_with.Rd",1,18,"pl","Binary","pl",103,TRUE,"offered",TRUE,FALSE,FALSE,""
"reference","man/expr_bin_ends_with.Rd",1,18,"as_polars_series(c(""x00"", ""xffx00"", ""xffxff""))","cast","polars_series",226,TRUE,"offered",TRUE,FALSE,FALSE,""
"reference","man/expr_bin_ends_with.Rd",1,18,"pl","Binary","pl",103,TRUE,"offered",TRUE,FALSE,FALSE,""
"reference","man/expr_bin_ends_with.Rd",1,18,"colors","select","polars_data_frame",89,TRUE,"offered",TRUE,FALSE,FALSE,""
"reference","man/expr_bin_ends_with.Rd",1,18,"pl$col(""code"")$bin","ends_with","polars_namespace_expr_bin",9,TRUE,"offered",TRUE,FALSE,FALSE,""
"reference","man/expr_bin_ends_with.Rd",1,18,"pl$col(""code"")","bin","polars_expr",212,TRUE,"offered",TRUE,FALSE,FALSE,""
"reference","man/expr_bin_ends_with.Rd",1,18,"pl","col","pl",103,TRUE,"offered",TRUE,FALSE,FALSE,""
"reference","man/expr_bin_ends_with.Rd",1,18,"pl$col(""code"")$bin","ends_with","polars_namespace_expr_bin",9,TRUE,"offered",TRUE,FALSE,FALSE,""
"reference","man/expr_bin_ends_with.Rd",1,18,"pl$col(""code"")","bin","polars_expr",212,TRUE,"offered",TRUE,FALSE,FALSE,""
"reference","man/expr_bin_ends_with.Rd",1,18,"pl","col","pl",103,TRUE,"offered",TRUE,FALSE,FALSE,""
"reference","man/expr_bin_ends_with.Rd",1,18,"pl","col","pl",103,TRUE,"offered",TRUE,FALSE,FALSE,""
"reference","man/expr_bin_get.Rd",1,24,"pl$DataFrame(x = c(""\001\002\003"", """", ""\004\005""))","cast","polars_data_frame",89,TRUE,"offered",TRUE,FALSE,FALSE,""
"reference","man/expr_bin_get.Rd",1,24,"pl","DataFrame","pl",103,TRUE,"offered",TRUE,FALSE,FALSE,""
"reference","man/expr_bin_get.Rd",1,24,"pl","Binary","pl",103,TRUE,"offered",TRUE,FALSE,FALSE,""
"reference","man/expr_bin_get.Rd",1,24,"df","with_columns","polars_data_frame",89,TRUE,"offered",TRUE,FALSE,FALSE,""
"reference","man/expr_bin_get.Rd",1,24,"pl$col(""x"")$bin","get","polars_namespace_expr_bin",9,TRUE,"offered",TRUE,FALSE,FALSE,""
"reference","man/expr_bin_get.Rd",1,24,"pl$col(""x"")","bin","polars_expr",212,TRUE,"offered",TRUE,FALSE,FALSE,""
"reference","man/expr_bin_get.Rd",1,24,"pl","col","pl",103,TRUE,"offered",TRUE,FALSE,FALSE,""
"reference","man/expr_bin_reinterpret.Rd",1,25,"pl","DataFrame","pl",103,TRUE,"offered",TRUE,FALSE,TRUE,""
"reference","man/expr_bin_reinterpret.Rd",1,25,"df","with_columns","polars_data_frame",89,TRUE,"offered",TRUE,FALSE,TRUE,""
"reference","man/expr_bin_reinterpret.Rd",1,25,"pl$col(""x"")$bin","reinterpret","polars_namespace_expr_bin",9,TRUE,"offered",TRUE,FALSE,TRUE,""
"reference","man/expr_bin_reinterpret.Rd",1,25,"pl$col(""x"")","bin","polars_expr",212,TRUE,"offered",TRUE,FALSE,TRUE,""
"reference","man/expr_bin_reinterpret.Rd",1,25,"pl","col","pl",103,TRUE,"offered",TRUE,FALSE,TRUE,""
"reference","man/expr_bin_reinterpret.Rd",1,25,"pl","UInt8","pl",103,TRUE,"offered",TRUE,FALSE,TRUE,""
"reference","man/expr_bin_size.Rd",1,19,"pl","DataFrame","pl",103,TRUE,"offered",TRUE,FALSE,FALSE,""
"reference","man/expr_bin_size.Rd",1,19,"as_polars_series(c(""000000"", ""ffff00"", ""0000ff""))","cast","polars_series",226,TRUE,"offered",TRUE,FALSE,FALSE,""
"reference","man/expr_bin_size.Rd",1,19,"pl","Binary","pl",103,TRUE,"offered",TRUE,FALSE,FALSE,""
"reference","man/expr_bin_size.Rd",1,19,"df","with_columns","polars_data_frame",89,TRUE,"offered",TRUE,FALSE,FALSE,""
"reference","man/expr_bin_size.Rd",1,19,"pl$col(""code_hex"")$bin","size","polars_namespace_expr_bin",9,TRUE,"offered",TRUE,FALSE,FALSE,""
"reference","man/expr_bin_size.Rd",1,19,"pl$col(""code_hex"")","bin","polars_expr",212,TRUE,"offered",TRUE,FALSE,FALSE,""
"reference","man/expr_bin_size.Rd",1,19,"pl","col","pl",103,TRUE,"offered",TRUE,FALSE,FALSE,""
"reference","man/expr_bin_size.Rd",1,19,"pl$col(""code_hex"")$bin","size","polars_namespace_expr_bin",9,TRUE,"offered",TRUE,FALSE,FALSE,""
"reference","man/expr_bin_size.Rd",1,19,"pl$col(""code_hex"")","bin","polars_expr",212,TRUE,"offered",TRUE,FALSE,FALSE,""
"reference","man/expr_bin_size.Rd",1,19,"pl","col","pl",103,TRUE,"offered",TRUE,FALSE,FALSE,""
"reference","man/expr_bin_starts_with.Rd",1,18,"pl","DataFrame","pl",103,TRUE,"offered",TRUE,FALSE,FALSE,""
"reference","man/expr_bin_starts_with.Rd",1,18,"as_polars_series(c(""x00x00x00"", ""xffxffx00"", ""x00x00xff""))","cast","polars_series",226,TRUE,"offered",TRUE,FALSE,FALSE,""
"reference","man/expr_bin_starts_with.Rd",1,18,"pl","Binary","pl",103,TRUE,"offered",TRUE,FALSE,FALSE,""
"reference","man/expr_bin_starts_with.Rd",1,18,"as_polars_series(c(""x00"", ""xffx00"", ""xffxff""))","cast","polars_series",226,TRUE,"offered",TRUE,FALSE,FALSE,""
"reference","man/expr_bin_starts_with.Rd",1,18,"pl","Binary","pl",103,TRUE,"offered",TRUE,FALSE,FALSE,""
"reference","man/expr_bin_starts_with.Rd",1,18,"colors","select","polars_data_frame",89,TRUE,"offered",TRUE,FALSE,FALSE,""
"reference","man/expr_bin_starts_with.Rd",1,18,"pl$col(""code"")$bin","starts_with","polars_namespace_expr_bin",9,TRUE,"offered",TRUE,FALSE,FALSE,""
"reference","man/expr_bin_starts_with.Rd",1,18,"pl$col(""code"")","bin","polars_expr",212,TRUE,"offered",TRUE,FALSE,FALSE,""
"reference","man/expr_bin_starts_with.Rd",1,18,"pl","col","pl",103,TRUE,"offered",TRUE,FALSE,FALSE,""
"reference","man/expr_bin_starts_with.Rd",1,18,"pl$col(""code"")$bin","starts_with","polars_namespace_expr_bin",9,TRUE,"offered",TRUE,FALSE,FALSE,""
"reference","man/expr_bin_starts_with.Rd",1,18,"pl$col(""code"")","bin","polars_expr",212,TRUE,"offered",TRUE,FALSE,FALSE,""
"reference","man/expr_bin_starts_with.Rd",1,18,"pl","col","pl",103,TRUE,"offered",TRUE,FALSE,FALSE,""
"reference","man/expr_bin_starts_with.Rd",1,18,"pl","col","pl",103,TRUE,"offered",TRUE,FALSE,FALSE,""
"reference","man/expr_cat_physical.Rd",1,18,"pl$DataFrame(x = c(""foo"", ""bar"", ""foo"", ""x"", NA))","cast","polars_data_frame",89,TRUE,"offered",TRUE,FALSE,FALSE,""
"reference","man/expr_cat_physical.Rd",1,18,"pl","DataFrame","pl",103,TRUE,"offered",TRUE,FALSE,FALSE,""
"reference","man/expr_cat_physical.Rd",1,18,"pl","Enum","pl",103,TRUE,"offered",TRUE,FALSE,FALSE,""
"reference","man/expr_cat_physical.Rd",1,18,"df","with_columns","polars_data_frame",89,TRUE,"offered",TRUE,FALSE,FALSE,""
"reference","man/expr_cat_physical.Rd",1,18,"pl$col(""x"")$cat","physical","polars_namespace_expr_cat",3,TRUE,"offered",TRUE,FALSE,FALSE,""
"reference","man/expr_cat_physical.Rd",1,18,"pl$col(""x"")","cat","polars_expr",212,TRUE,"offered",TRUE,FALSE,FALSE,""
"reference","man/expr_cat_physical.Rd",1,18,"pl","col","pl",103,TRUE,"offered",TRUE,FALSE,FALSE,""
"reference","man/expr_cat_to.Rd",1,28,"pl","Enum","pl",103,TRUE,"offered",TRUE,FALSE,FALSE,""
"reference","man/expr_cat_to.Rd",1,28,"pl$DataFrame(x = c(1, 0, 1, 2, NA))","cast","polars_data_frame",89,TRUE,"offered",TRUE,FALSE,FALSE,""
"reference","man/expr_cat_to.Rd",1,28,"pl","DataFrame","pl",103,TRUE,"offered",TRUE,FALSE,FALSE,""
"reference","man/expr_cat_to.Rd",1,28,"pl","UInt8","pl",103,TRUE,"offered",TRUE,FALSE,FALSE,""
"reference","man/expr_cat_to.Rd",1,28,"df","with_columns","polars_data_frame",89,TRUE,"offered",TRUE,FALSE,FALSE,""
"reference","man/expr_cat_to.Rd",1,28,"pl$col(""x"")$cat","to","polars_namespace_expr_cat",3,TRUE,"offered",TRUE,FALSE,FALSE,""
"reference","man/expr_cat_to.Rd",1,28,"pl$col(""x"")","cat","polars_expr",212,TRUE,"offered",TRUE,FALSE,FALSE,""
"reference","man/expr_cat_to.Rd",1,28,"pl","col","pl",103,TRUE,"offered",TRUE,FALSE,FALSE,""
"reference","man/expr_cat_to.Rd",1,28,"pl$DataFrame(x = c(1, 0, 4))","cast","polars_data_frame",89,TRUE,"offered",TRUE,FALSE,FALSE,""
"reference","man/expr_cat_to.Rd",1,28,"pl","DataFrame","pl",103,TRUE,"offered",TRUE,FALSE,FALSE,""
"reference","man/expr_cat_to.Rd",1,28,"pl","UInt8","pl",103,TRUE,"offered",TRUE,FALSE,FALSE,""
"reference","man/expr_cat_to.Rd",1,28,"df2","with_columns","polars_data_frame",89,TRUE,"offered",TRUE,FALSE,FALSE,""
"reference","man/expr_cat_to.Rd",1,28,"pl$col(""x"")$cat","to","polars_namespace_expr_cat",3,TRUE,"offered",TRUE,FALSE,FALSE,""
"reference","man/expr_cat_to.Rd",1,28,"pl$col(""x"")","cat","polars_expr",212,TRUE,"offered",TRUE,FALSE,FALSE,""
"reference","man/expr_cat_to.Rd",1,28,"pl","col","pl",103,TRUE,"offered",TRUE,FALSE,FALSE,""
"reference","man/expr_dt_add_business_days.Rd",1,45,"pl","DataFrame","pl",103,TRUE,"offered",TRUE,FALSE,FALSE,""
"reference","man/expr_dt_add_business_days.Rd",1,45,"df","with_columns","polars_data_frame",89,TRUE,"offered",TRUE,FALSE,FALSE,""
"reference","man/expr_dt_add_business_days.Rd",1,45,"pl$col(""start"")$dt","add_business_days","polars_namespace_expr_dt",45,TRUE,"offered",TRUE,FALSE,FALSE,""
"reference","man/expr_dt_add_business_days.Rd",1,45,"pl$col(""start"")","dt","polars_expr",212,TRUE,"offered",TRUE,FALSE,FALSE,""
"reference","man/expr_dt_add_business_days.Rd",1,45,"pl","col","pl",103,TRUE,"offered",TRUE,FALSE,FALSE,""
"reference","man/expr_dt_add_business_days.Rd",1,45,"df","with_columns","polars_data_frame",89,TRUE,"offered",TRUE,FALSE,FALSE,""
"reference","man/expr_dt_add_business_days.Rd",1,45,"pl$col(""start"")$dt","add_business_days","polars_namespace_expr_dt",45,TRUE,"offered",TRUE,FALSE,FALSE,""
"reference","man/expr_dt_add_business_days.Rd",1,45,"pl$col(""start"")","dt","polars_expr",212,TRUE,"offered",TRUE,FALSE,FALSE,""
"reference","man/expr_dt_add_business_days.Rd",1,45,"pl","col","pl",103,TRUE,"offered",TRUE,FALSE,FALSE,""
"reference","man/expr_dt_add_business_days.Rd",1,45,"df","with_columns","polars_data_frame",89,TRUE,"offered",TRUE,FALSE,FALSE,""
"reference","man/expr_dt_add_business_days.Rd",1,45,"pl$col(""start"")$dt","add_business_days","polars_namespace_expr_dt",45,TRUE,"offered",TRUE,FALSE,FALSE,""
"reference","man/expr_dt_add_business_days.Rd",1,45,"pl$col(""start"")","dt","polars_expr",212,TRUE,"offered",TRUE,FALSE,FALSE,""
"reference","man/expr_dt_add_business_days.Rd",1,45,"pl","col","pl",103,TRUE,"offered",TRUE,FALSE,FALSE,""
"reference","man/expr_dt_add_business_days.Rd",1,45,"pl","DataFrame","pl",103,TRUE,"offered",TRUE,FALSE,FALSE,""
"reference","man/expr_dt_add_business_days.Rd",1,45,"df","with_columns","polars_data_frame",89,TRUE,"offered",TRUE,FALSE,FALSE,""
"reference","man/expr_dt_add_business_days.Rd",1,45,"pl$col(""start"")$dt","add_business_days","polars_namespace_expr_dt",45,TRUE,"offered",TRUE,FALSE,FALSE,""
"reference","man/expr_dt_add_business_days.Rd",1,45,"pl$col(""start"")","dt","polars_expr",212,TRUE,"offered",TRUE,FALSE,FALSE,""
"reference","man/expr_dt_add_business_days.Rd",1,45,"pl","col","pl",103,TRUE,"offered",TRUE,FALSE,FALSE,""
"reference","man/expr_dt_base_utc_offset.Rd",1,19,"pl","DataFrame","pl",103,TRUE,"offered",TRUE,FALSE,FALSE,""
"reference","man/expr_dt_base_utc_offset.Rd",1,19,"df","with_columns","polars_data_frame",89,TRUE,"offered",TRUE,FALSE,FALSE,""
"reference","man/expr_dt_base_utc_offset.Rd",1,19,"pl$col(""x"")$dt","base_utc_offset","polars_namespace_expr_dt",45,TRUE,"offered",TRUE,FALSE,FALSE,""
"reference","man/expr_dt_base_utc_offset.Rd",1,19,"pl$col(""x"")","dt","polars_expr",212,TRUE,"offered",TRUE,FALSE,FALSE,""
"reference","man/expr_dt_base_utc_offset.Rd",1,19,"pl","col","pl",103,TRUE,"offered",TRUE,FALSE,FALSE,""
"reference","man/expr_dt_cast_time_unit.Rd",1,19,"pl","select","pl",103,TRUE,"offered",TRUE,FALSE,FALSE,""
"reference","man/expr_dt_cast_time_unit.Rd",1,19,"pl","datetime_range","pl",103,TRUE,"offered",TRUE,FALSE,FALSE,""
"reference","man/expr_dt_cast_time_unit.Rd",1,19,"df","with_columns","polars_data_frame",89,TRUE,"offered",TRUE,FALSE,FALSE,""
"reference","man/expr_dt_cast_time_unit.Rd",1,19,"pl$col(""date"")$dt","cast_time_unit","polars_namespace_expr_dt",45,TRUE,"offered",TRUE,FALSE,FALSE,""
"reference","man/expr_dt_cast_time_unit.Rd",1,19,"pl$col(""date"")","dt","polars_expr",212,TRUE,"offered",TRUE,FALSE,FALSE,""
"reference","man/expr_dt_cast_time_unit.Rd",1,19,"pl","col","pl",103,TRUE,"offered",TRUE,FALSE,FALSE,""
"reference","man/expr_dt_cast_time_unit.Rd",1,19,"pl$col(""date"")$dt","cast_time_unit","polars_namespace_expr_dt",45,TRUE,"offered",TRUE,FALSE,FALSE,""
"reference","man/expr_dt_cast_time_unit.Rd",1,19,"pl$col(""date"")","dt","polars_expr",212,TRUE,"offered",TRUE,FALSE,FALSE,""
"reference","man/expr_dt_cast_time_unit.Rd",1,19,"pl","col","pl",103,TRUE,"offered",TRUE,FALSE,FALSE,""
"reference","man/expr_dt_century.Rd",1,15,"pl","DataFrame","pl",103,TRUE,"offered",TRUE,FALSE,FALSE,""
"reference","man/expr_dt_century.Rd",1,15,"df","with_columns","polars_data_frame",89,TRUE,"offered",TRUE,FALSE,FALSE,""
"reference","man/expr_dt_century.Rd",1,15,"pl$col(""date"")$dt","century","polars_namespace_expr_dt",45,TRUE,"offered",TRUE,FALSE,FALSE,""
"reference","man/expr_dt_century.Rd",1,15,"pl$col(""date"")","dt","polars_expr",212,TRUE,"offered",TRUE,FALSE,FALSE,""
"reference","man/expr_dt_century.Rd",1,15,"pl","col","pl",103,TRUE,"offered",TRUE,FALSE,FALSE,""
"reference","man/expr_dt_combine.Rd",1,24,"pl","DataFrame","pl",103,TRUE,"offered",TRUE,FALSE,TRUE,""
"reference","man/expr_dt_combine.Rd",1,24,"df","select","polars_data_frame",89,TRUE,"offered",TRUE,FALSE,TRUE,""
"reference","man/expr_dt_combine.Rd",1,24,"pl$col(""dtm"")$dt","combine","polars_namespace_expr_dt",45,TRUE,"offered",TRUE,FALSE,TRUE,""
"reference","man/expr_dt_combine.Rd",1,24,"pl$col(""dtm"")","dt","polars_expr",212,TRUE,"offered",TRUE,FALSE,TRUE,""
"reference","man/expr_dt_combine.Rd",1,24,"pl","col","pl",103,TRUE,"offered",TRUE,FALSE,TRUE,""
"reference","man/expr_dt_combine.Rd",1,24,"pl","col","pl",103,TRUE,"offered",TRUE,FALSE,TRUE,""
"reference","man/expr_dt_combine.Rd",1,24,"pl$col(""dt"")$dt","combine","polars_namespace_expr_dt",45,TRUE,"offered",TRUE,FALSE,TRUE,""
"reference","man/expr_dt_combine.Rd",1,24,"pl$col(""dt"")","dt","polars_expr",212,TRUE,"offered",TRUE,FALSE,TRUE,""
"reference","man/expr_dt_combine.Rd",1,24,"pl","col","pl",103,TRUE,"offered",TRUE,FALSE,TRUE,""
"reference","man/expr_dt_combine.Rd",1,24,"pl","col","pl",103,TRUE,"offered",TRUE,FALSE,TRUE,""
"reference","man/expr_dt_combine.Rd",1,24,"pl$col(""dt"")$dt","combine","polars_namespace_expr_dt",45,TRUE,"offered",TRUE,FALSE,TRUE,""
"reference","man/expr_dt_combine.Rd",1,24,"pl$col(""dt"")","dt","polars_expr",212,TRUE,"offered",TRUE,FALSE,TRUE,""
"reference","man/expr_dt_combine.Rd",1,24,"pl","col","pl",103,TRUE,"offered",TRUE,FALSE,TRUE,""
"reference","man/expr_dt_convert_time_zone.Rd",1,19,"pl","select","pl",103,TRUE,"offered",TRUE,FALSE,FALSE,""
"reference","man/expr_dt_convert_time_zone.Rd",1,19,"pl","datetime_range","pl",103,TRUE,"offered",TRUE,FALSE,FALSE,""
"reference","man/expr_dt_convert_time_zone.Rd",1,19,"df","with_columns","polars_data_frame",89,TRUE,"offered",TRUE,FALSE,FALSE,""
"reference","man/expr_dt_convert_time_zone.Rd",1,19,"pl$col(""date"")$dt","convert_time_zone","polars_namespace_expr_dt",45,TRUE,"offered",TRUE,FALSE,FALSE,""
"reference","man/expr_dt_convert_time_zone.Rd",1,19,"pl$col(""date"")","dt","polars_expr",212,TRUE,"offered",TRUE,FALSE,FALSE,""
"reference","man/expr_dt_convert_time_zone.Rd",1,19,"pl","col","pl",103,TRUE,"offered",TRUE,FALSE,FALSE,""
"reference","man/expr_dt_date.Rd",1,15,"pl","DataFrame","pl",103,TRUE,"offered",TRUE,FALSE,FALSE,""
"reference","man/expr_dt_date.Rd",1,15,"df","with_columns","polars_data_frame",89,TRUE,"offered",TRUE,FALSE,FALSE,""
"reference","man/expr_dt_date.Rd",1,15,"pl$col(""datetime"")$dt","date","polars_namespace_expr_dt",45,TRUE,"offered",TRUE,FALSE,FALSE,""
"reference","man/expr_dt_date.Rd",1,15,"pl$col(""datetime"")","dt","polars_expr",212,TRUE,"offered",TRUE,FALSE,FALSE,""
"reference","man/expr_dt_date.Rd",1,15,"pl","col","pl",103,TRUE,"offered",TRUE,FALSE,FALSE,""
"reference","man/expr_dt_day.Rd",1,16,"pl","select","pl",103,TRUE,"offered",TRUE,FALSE,FALSE,""
"reference","man/expr_dt_day.Rd",1,16,"pl","date_range","pl",103,TRUE,"offered",TRUE,FALSE,FALSE,""
"reference","man/expr_dt_day.Rd",1,16,"df","with_columns","polars_data_frame",89,TRUE,"offered",TRUE,FALSE,FALSE,""
"reference","man/expr_dt_day.Rd",1,16,"pl$col(""date"")$dt$day()","alias","polars_expr",212,TRUE,"offered",TRUE,FALSE,FALSE,""
"reference","man/expr_dt_day.Rd",1,16,"pl$col(""date"")$dt","day","polars_namespace_expr_dt",45,TRUE,"offered",TRUE,FALSE,FALSE,""
"reference","man/expr_dt_day.Rd",1,16,"pl$col(""date"")","dt","polars_expr",212,TRUE,"offered",TRUE,FALSE,FALSE,""
"reference","man/expr_dt_day.Rd",1,16,"pl","col","pl",103,TRUE,"offered",TRUE,FALSE,FALSE,""
"reference","man/expr_dt_days_in_month.Rd",1,15,"pl","DataFrame","pl",103,TRUE,"offered",TRUE,FALSE,FALSE,""
"reference","man/expr_dt_days_in_month.Rd",1,15,"df","with_columns","polars_data_frame",89,TRUE,"offered",TRUE,FALSE,FALSE,""
"reference","man/expr_dt_days_in_month.Rd",1,15,"pl$col(""date"")$dt","days_in_month","polars_namespace_expr_dt",45,TRUE,"offered",TRUE,FALSE,FALSE,""
"reference","man/expr_dt_days_in_month.Rd",1,15,"pl$col(""date"")","dt","polars_expr",212,TRUE,"offered",TRUE,FALSE,FALSE,""
"reference","man/expr_dt_days_in_month.Rd",1,15,"pl","col","pl",103,TRUE,"offered",TRUE,FALSE,FALSE,""
"reference","man/expr_dt_dst_offset.Rd",1,17,"pl","DataFrame","pl",103,TRUE,"offered",TRUE,FALSE,FALSE,""
"reference","man/expr_dt_dst_offset.Rd",1,17,"df","with_columns","polars_data_frame",89,TRUE,"offered",TRUE,FALSE,FALSE,""
"reference","man/expr_dt_dst_offset.Rd",1,17,"pl$col(""x"")$dt","dst_offset","polars_namespace_expr_dt",45,TRUE,"offered",TRUE,FALSE,FALSE,""
"reference","man/expr_dt_dst_offset.Rd",1,17,"pl$col(""x"")","dt","polars_expr",212,TRUE,"offered",TRUE,FALSE,FALSE,""
"reference","man/expr_dt_dst_offset.Rd",1,17,"pl","col","pl",103,TRUE,"offered",TRUE,FALSE,FALSE,""
"reference","man/expr_dt_epoch.Rd",1,18,"pl","select","pl",103,TRUE,"offered",TRUE,FALSE,FALSE,""
"reference","man/expr_dt_epoch.Rd",1,18,"pl","date_range","pl",103,TRUE,"offered",TRUE,FALSE,FALSE,""
"reference","man/expr_dt_epoch.Rd",1,18,"df","with_columns","polars_data_frame",89,TRUE,"offered",TRUE,FALSE,FALSE,""
"reference","man/expr_dt_epoch.Rd",1,18,"pl$col(""date"")$dt","epoch","polars_namespace_expr_dt",45,TRUE,"offered",TRUE,FALSE,FALSE,""
"reference","man/expr_dt_epoch.Rd",1,18,"pl$col(""date"")","dt","polars_expr",212,TRUE,"offered",TRUE,FALSE,FALSE,""
"reference","man/expr_dt_epoch.Rd",1,18,"pl","col","pl",103,TRUE,"offered",TRUE,FALSE,FALSE,""
"reference","man/expr_dt_epoch.Rd",1,18,"pl$col(""date"")$dt","epoch","polars_namespace_expr_dt",45,TRUE,"offered",TRUE,FALSE,FALSE,""
"reference","man/expr_dt_epoch.Rd",1,18,"pl$col(""date"")","dt","polars_expr",212,TRUE,"offered",TRUE,FALSE,FALSE,""
"reference","man/expr_dt_epoch.Rd",1,18,"pl","col","pl",103,TRUE,"offered",TRUE,FALSE,FALSE,""
"reference","man/expr_dt_hour.Rd",1,15,"pl","select","pl",103,TRUE,"offered",TRUE,FALSE,FALSE,""
"reference","man/expr_dt_hour.Rd",1,15,"pl","datetime_range","pl",103,TRUE,"offered",TRUE,FALSE,FALSE,""
"reference","man/expr_dt_hour.Rd",1,15,"df","with_columns","polars_data_frame",89,TRUE,"offered",TRUE,FALSE,FALSE,""
"reference","man/expr_dt_hour.Rd",1,15,"pl$col(""date"")$dt$hour()","alias","polars_expr",212,TRUE,"offered",TRUE,FALSE,FALSE,""
"reference","man/expr_dt_hour.Rd",1,15,"pl$col(""date"")$dt","hour","polars_namespace_expr_dt",45,TRUE,"offered",TRUE,FALSE,FALSE,""
"reference","man/expr_dt_hour.Rd",1,15,"pl$col(""date"")","dt","polars_expr",212,TRUE,"offered",TRUE,FALSE,FALSE,""
"reference","man/expr_dt_hour.Rd",1,15,"pl","col","pl",103,TRUE,"offered",TRUE,FALSE,FALSE,""
"reference","man/expr_dt_is_leap_year.Rd",1,15,"pl","DataFrame","pl",103,TRUE,"offered",TRUE,FALSE,FALSE,""
"reference","man/expr_dt_is_leap_year.Rd",1,15,"df","with_columns","polars_data_frame",89,TRUE,"offered",TRUE,FALSE,FALSE,""
"reference","man/expr_dt_is_leap_year.Rd",1,15,"pl$col(""date"")$dt","is_leap_year","polars_namespace_expr_dt",45,TRUE,"offered",TRUE,FALSE,FALSE,""
"reference","man/expr_dt_is_leap_year.Rd",1,15,"pl$col(""date"")","dt","polars_expr",212,TRUE,"offered",TRUE,FALSE,FALSE,""
"reference","man/expr_dt_is_leap_year.Rd",1,15,"pl","col","pl",103,TRUE,"offered",TRUE,FALSE,FALSE,""
"reference","man/expr_dt_iso_year.Rd",1,16,"pl","DataFrame","pl",103,TRUE,"offered",TRUE,FALSE,FALSE,""
"reference","man/expr_dt_iso_year.Rd",1,16,"df","with_columns","polars_data_frame",89,TRUE,"offered",TRUE,FALSE,FALSE,""
"reference","man/expr_dt_iso_year.Rd",1,16,"pl$col(""date"")$dt","year","polars_namespace_expr_dt",45,TRUE,"offered",TRUE,FALSE,FALSE,""
"reference","man/expr_dt_iso_year.Rd",1,16,"pl$col(""date"")","dt","polars_expr",212,TRUE,"offered",TRUE,FALSE,FALSE,""
"reference","man/expr_dt_iso_year.Rd",1,16,"pl","col","pl",103,TRUE,"offered",TRUE,FALSE,FALSE,""
"reference","man/expr_dt_iso_year.Rd",1,16,"pl$col(""date"")$dt","iso_year","polars_namespace_expr_dt",45,TRUE,"offered",TRUE,FALSE,FALSE,""
"reference","man/expr_dt_iso_year.Rd",1,16,"pl$col(""date"")","dt","polars_expr",212,TRUE,"offered",TRUE,FALSE,FALSE,""
"reference","man/expr_dt_iso_year.Rd",1,16,"pl","col","pl",103,TRUE,"offered",TRUE,FALSE,FALSE,""
"reference","man/expr_dt_microsecond.Rd",1,15,"pl","DataFrame","pl",103,TRUE,"offered",TRUE,FALSE,FALSE,""
"reference","man/expr_dt_microsecond.Rd",1,15,"df","with_columns","polars_data_frame",89,TRUE,"offered",TRUE,FALSE,FALSE,""
"reference","man/expr_dt_microsecond.Rd",1,15,"pl$col(""datetime"")$dt","microsecond","polars_namespace_expr_dt",45,TRUE,"offered",TRUE,FALSE,FALSE,""
"reference","man/expr_dt_microsecond.Rd",1,15,"pl$col(""datetime"")","dt","polars_expr",212,TRUE,"offered",TRUE,FALSE,FALSE,""
"reference","man/expr_dt_microsecond.Rd",1,15,"pl","col","pl",103,TRUE,"offered",TRUE,FALSE,FALSE,""
"reference","man/expr_dt_millennium.Rd",1,15,"pl","DataFrame","pl",103,TRUE,"offered",TRUE,FALSE,FALSE,""
"reference","man/expr_dt_millennium.Rd",1,15,"df","with_columns","polars_data_frame",89,TRUE,"offered",TRUE,FALSE,FALSE,""
"reference","man/expr_dt_millennium.Rd",1,15,"pl$col(""date"")$dt","millennium","polars_namespace_expr_dt",45,TRUE,"offered",TRUE,FALSE,FALSE,""
"reference","man/expr_dt_millennium.Rd",1,15,"pl$col(""date"")","dt","polars_expr",212,TRUE,"offered",TRUE,FALSE,FALSE,""
"reference","man/expr_dt_millennium.Rd",1,15,"pl","col","pl",103,TRUE,"offered",TRUE,FALSE,FALSE,""
"reference","man/expr_dt_millisecond.Rd",1,15,"pl","DataFrame","pl",103,TRUE,"offered",TRUE,FALSE,FALSE,""
"reference","man/expr_dt_millisecond.Rd",1,15,"df","with_columns","polars_data_frame",89,TRUE,"offered",TRUE,FALSE,FALSE,""
"reference","man/expr_dt_millisecond.Rd",1,15,"pl$col(""datetime"")$dt","millisecond","polars_namespace_expr_dt",45,TRUE,"offered",TRUE,FALSE,FALSE,""
"reference","man/expr_dt_millisecond.Rd",1,15,"pl$col(""datetime"")","dt","polars_expr",212,TRUE,"offered",TRUE,FALSE,FALSE,""
"reference","man/expr_dt_millisecond.Rd",1,15,"pl","col","pl",103,TRUE,"offered",TRUE,FALSE,FALSE,""
"reference","man/expr_dt_minute.Rd",1,15,"pl","DataFrame","pl",103,TRUE,"offered",TRUE,FALSE,FALSE,""
"reference","man/expr_dt_minute.Rd",1,15,"df","with_columns","polars_data_frame",89,TRUE,"offered",TRUE,FALSE,FALSE,""
"reference","man/expr_dt_minute.Rd",1,15,"pl$col(""datetime"")$dt$minute()","alias","polars_expr",212,TRUE,"offered",TRUE,FALSE,FALSE,""
"reference","man/expr_dt_minute.Rd",1,15,"pl$col(""datetime"")$dt","minute","polars_namespace_expr_dt",45,TRUE,"offered",TRUE,FALSE,FALSE,""
"reference","man/expr_dt_minute.Rd",1,15,"pl$col(""datetime"")","dt","polars_expr",212,TRUE,"offered",TRUE,FALSE,FALSE,""
"reference","man/expr_dt_minute.Rd",1,15,"pl","col","pl",103,TRUE,"offered",TRUE,FALSE,FALSE,""
"reference","man/expr_dt_month_end.Rd",1,15,"pl","DataFrame","pl",103,TRUE,"offered",TRUE,FALSE,FALSE,""
"reference","man/expr_dt_month_end.Rd",1,15,"df","with_columns","polars_data_frame",89,TRUE,"offered",TRUE,FALSE,FALSE,""
"reference","man/expr_dt_month_end.Rd",1,15,"pl$col(""date"")$dt","month_end","polars_namespace_expr_dt",45,TRUE,"offered",TRUE,FALSE,FALSE,""
"reference","man/expr_dt_month_end.Rd",1,15,"pl$col(""date"")","dt","polars_expr",212,TRUE,"offered",TRUE,FALSE,FALSE,""
"reference","man/expr_dt_month_end.Rd",1,15,"pl","col","pl",103,TRUE,"offered",TRUE,FALSE,FALSE,""
"reference","man/expr_dt_month_start.Rd",1,15,"pl","DataFrame","pl",103,TRUE,"offered",TRUE,FALSE,FALSE,""
"reference","man/expr_dt_month_start.Rd",1,15,"df","with_columns","polars_data_frame",89,TRUE,"offered",TRUE,FALSE,FALSE,""
"reference","man/expr_dt_month_start.Rd",1,15,"pl$col(""date"")$dt","month_start","polars_namespace_expr_dt",45,TRUE,"offered",TRUE,FALSE,FALSE,""
"reference","man/expr_dt_month_start.Rd",1,15,"pl$col(""date"")","dt","polars_expr",212,TRUE,"offered",TRUE,FALSE,FALSE,""
"reference","man/expr_dt_month_start.Rd",1,15,"pl","col","pl",103,TRUE,"offered",TRUE,FALSE,FALSE,""
"reference","man/expr_dt_month.Rd",1,15,"pl","DataFrame","pl",103,TRUE,"offered",TRUE,FALSE,FALSE,""
"reference","man/expr_dt_month.Rd",1,15,"df","with_columns","polars_data_frame",89,TRUE,"offered",TRUE,FALSE,FALSE,""
"reference","man/expr_dt_month.Rd",1,15,"pl$col(""date"")$dt","month","polars_namespace_expr_dt",45,TRUE,"offered",TRUE,FALSE,FALSE,""
"reference","man/expr_dt_month.Rd",1,15,"pl$col(""date"")","dt","polars_expr",212,TRUE,"offered",TRUE,FALSE,FALSE,""
"reference","man/expr_dt_month.Rd",1,15,"pl","col","pl",103,TRUE,"offered",TRUE,FALSE,FALSE,""
"reference","man/expr_dt_nanosecond.Rd",1,15,"pl","DataFrame","pl",103,TRUE,"offered",TRUE,FALSE,FALSE,""
"reference","man/expr_dt_nanosecond.Rd",1,15,"df","with_columns","polars_data_frame",89,TRUE,"offered",TRUE,FALSE,FALSE,""
"reference","man/expr_dt_nanosecond.Rd",1,15,"pl$col(""datetime"")$dt","nanosecond","polars_namespace_expr_dt",45,TRUE,"offered",TRUE,FALSE,FALSE,""
"reference","man/expr_dt_nanosecond.Rd",1,15,"pl$col(""datetime"")","dt","polars_expr",212,TRUE,"offered",TRUE,FALSE,FALSE,""
"reference","man/expr_dt_nanosecond.Rd",1,15,"pl","col","pl",103,TRUE,"offered",TRUE,FALSE,FALSE,""
"reference","man/expr_dt_offset_by.Rd",1,45,"pl","select","pl",103,TRUE,"offered",TRUE,FALSE,FALSE,""
"reference","man/expr_dt_offset_by.Rd",1,45,"pl","date_range","pl",103,TRUE,"offered",TRUE,FALSE,FALSE,""
"reference","man/expr_dt_offset_by.Rd",1,45,"df","with_columns","polars_data_frame",89,TRUE,"offered",TRUE,FALSE,FALSE,""
"reference","man/expr_dt_offset_by.Rd",1,45,"pl$col(""dates"")$dt","offset_by","polars_namespace_expr_dt",45,TRUE,"offered",TRUE,FALSE,FALSE,""
"reference","man/expr_dt_offset_by.Rd",1,45,"pl$col(""dates"")","dt","polars_expr",212,TRUE,"offered",TRUE,FALSE,FALSE,""
"reference","man/expr_dt_offset_by.Rd",1,45,"pl","col","pl",103,TRUE,"offered",TRUE,FALSE,FALSE,""
"reference","man/expr_dt_offset_by.Rd",1,45,"pl$col(""dates"")$dt","offset_by","polars_namespace_expr_dt",45,TRUE,"offered",TRUE,FALSE,FALSE,""
"reference","man/expr_dt_offset_by.Rd",1,45,"pl$col(""dates"")","dt","polars_expr",212,TRUE,"offered",TRUE,FALSE,FALSE,""
"reference","man/expr_dt_offset_by.Rd",1,45,"pl","col","pl",103,TRUE,"offered",TRUE,FALSE,FALSE,""
"reference","man/expr_dt_offset_by.Rd",1,45,"pl","select","pl",103,TRUE,"offered",TRUE,FALSE,FALSE,""
"reference","man/expr_dt_offset_by.Rd",1,45,"pl","datetime_range","pl",103,TRUE,"offered",TRUE,FALSE,FALSE,""
"reference","man/expr_dt_offset_by.Rd",1,45,"pl","Series","pl",103,TRUE,"offered",TRUE,FALSE,FALSE,""
"reference","man/expr_dt_offset_by.Rd",1,45,"df","with_columns","polars_data_frame",89,TRUE,"offered",TRUE,FALSE,FALSE,""
"reference","man/expr_dt_offset_by.Rd",1,45,"pl$col(""dates"")$dt","offset_by","polars_namespace_expr_dt",45,TRUE,"offered",TRUE,FALSE,FALSE,""
"reference","man/expr_dt_offset_by.Rd",1,45,"pl$col(""dates"")","dt","polars_expr",212,TRUE,"offered",TRUE,FALSE,FALSE,""
"reference","man/expr_dt_offset_by.Rd",1,45,"pl","col","pl",103,TRUE,"offered",TRUE,FALSE,FALSE,""
"reference","man/expr_dt_offset_by.Rd",1,45,"pl","col","pl",103,TRUE,"offered",TRUE,FALSE,FALSE,""
"reference","man/expr_dt_ordinal_day.Rd",1,16,"pl","select","pl",103,TRUE,"offered",TRUE,FALSE,FALSE,""
"reference","man/expr_dt_ordinal_day.Rd",1,16,"pl","date_range","pl",103,TRUE,"offered",TRUE,FALSE,FALSE,""
"reference","man/expr_dt_ordinal_day.Rd",1,16,"df","with_columns","polars_data_frame",89,TRUE,"offered",TRUE,FALSE,FALSE,""
"reference","man/expr_dt_ordinal_day.Rd",1,16,"pl$col(""date"")$dt","ordinal_day","polars_namespace_expr_dt",45,TRUE,"offered",TRUE,FALSE,FALSE,""
"reference","man/expr_dt_ordinal_day.Rd",1,16,"pl$col(""date"")","dt","polars_expr",212,TRUE,"offered",TRUE,FALSE,FALSE,""
"reference","man/expr_dt_ordinal_day.Rd",1,16,"pl","col","pl",103,TRUE,"offered",TRUE,FALSE,FALSE,""
"reference","man/expr_dt_quarter.Rd",1,15,"pl","select","pl",103,TRUE,"offered",TRUE,FALSE,FALSE,""
"reference","man/expr_dt_quarter.Rd",1,15,"pl","date_range","pl",103,TRUE,"offered",TRUE,FALSE,FALSE,""
"reference","man/expr_dt_quarter.Rd",1,15,"df","with_columns","polars_data_frame",89,TRUE,"offered",TRUE,FALSE,FALSE,""
"reference","man/expr_dt_quarter.Rd",1,15,"pl$col(""date"")$dt","quarter","polars_namespace_expr_dt",45,TRUE,"offered",TRUE,FALSE,FALSE,""
"reference","man/expr_dt_quarter.Rd",1,15,"pl$col(""date"")","dt","polars_expr",212,TRUE,"offered",TRUE,FALSE,FALSE,""
"reference","man/expr_dt_quarter.Rd",1,15,"pl","col","pl",103,TRUE,"offered",TRUE,FALSE,FALSE,""
"reference","man/expr_dt_replace_time_zone.Rd",1,44,"pl","select","pl",103,TRUE,"offered",TRUE,FALSE,FALSE,""
"reference","man/expr_dt_replace_time_zone.Rd",1,44,"pl$datetime_range(as.Date(""2020-03-01""), as.Date(""2020-07-01""), ""1mo"", time_zone = ""UTC"")$dt","convert_time_zone","polars_namespace_expr_dt",45,TRUE,"offered",TRUE,FALSE,FALSE,""
"reference","man/expr_dt_replace_time_zone.Rd",1,44,"pl$datetime_range(as.Date(""2020-03-01""), as.Date(""2020-07-01""), ""1mo"", time_zone = ""UTC"")","dt","polars_expr",212,TRUE,"offered",TRUE,FALSE,FALSE,""
"reference","man/expr_dt_replace_time_zone.Rd",1,44,"pl","datetime_range","pl",103,TRUE,"offered",TRUE,FALSE,FALSE,""
"reference","man/expr_dt_replace_time_zone.Rd",1,44,"df","with_columns","polars_data_frame",89,TRUE,"offered",TRUE,FALSE,FALSE,""
"reference","man/expr_dt_replace_time_zone.Rd",1,44,"pl$col(""london_timezone"")$dt","replace_time_zone","polars_namespace_expr_dt",45,TRUE,"offered",TRUE,FALSE,FALSE,""
"reference","man/expr_dt_replace_time_zone.Rd",1,44,"pl$col(""london_timezone"")","dt","polars_expr",212,TRUE,"offered",TRUE,FALSE,FALSE,""
"reference","man/expr_dt_replace_time_zone.Rd",1,44,"pl","col","pl",103,TRUE,"offered",TRUE,FALSE,FALSE,""
"reference","man/expr_dt_replace_time_zone.Rd",1,44,"pl","DataFrame","pl",103,TRUE,"offered",TRUE,FALSE,FALSE,""
"reference","man/expr_dt_replace_time_zone.Rd",1,44,"df2","with_columns","polars_data_frame",89,TRUE,"offered",TRUE,FALSE,FALSE,""
"reference","man/expr_dt_replace_time_zone.Rd",1,44,"pl$col(""ts"")$dt","replace_time_zone","polars_namespace_expr_dt",45,TRUE,"offered",TRUE,FALSE,FALSE,""
"reference","man/expr_dt_replace_time_zone.Rd",1,44,"pl$col(""ts"")","dt","polars_expr",212,TRUE,"offered",TRUE,FALSE,FALSE,""
"reference","man/expr_dt_replace_time_zone.Rd",1,44,"pl","col","pl",103,TRUE,"offered",TRUE,FALSE,FALSE,""
"reference","man/expr_dt_replace_time_zone.Rd",1,44,"pl","col","pl",103,TRUE,"offered",TRUE,FALSE,FALSE,""
"reference","man/expr_dt_replace.Rd",1,51,"pl","DataFrame","pl",103,TRUE,"offered",TRUE,FALSE,FALSE,""
"reference","man/expr_dt_replace.Rd",1,51,"df","with_columns","polars_data_frame",89,TRUE,"offered",TRUE,FALSE,FALSE,""
"reference","man/expr_dt_replace.Rd",1,51,"pl$col(""date"")$dt","replace","polars_namespace_expr_dt",45,TRUE,"offered",TRUE,FALSE,FALSE,""
"reference","man/expr_dt_replace.Rd",1,51,"pl$col(""date"")","dt","polars_expr",212,TRUE,"offered",TRUE,FALSE,FALSE,""
"reference","man/expr_dt_replace.Rd",1,51,"pl","col","pl",103,TRUE,"offered",TRUE,FALSE,FALSE,""
"reference","man/expr_dt_round.Rd",1,45,"pl","select","pl",103,TRUE,"offered",TRUE,FALSE,FALSE,""
"reference","man/expr_dt_round.Rd",1,45,"pl","datetime_range","pl",103,TRUE,"offered",TRUE,FALSE,FALSE,""
"reference","man/expr_dt_round.Rd",1,45,"df","with_columns","polars_data_frame",89,TRUE,"offered",TRUE,FALSE,FALSE,""
"reference","man/expr_dt_round.Rd",1,45,"pl$col(""datetime"")$dt","round","polars_namespace_expr_dt",45,TRUE,"offered",TRUE,FALSE,FALSE,""
"reference","man/expr_dt_round.Rd",1,45,"pl$col(""datetime"")","dt","polars_expr",212,TRUE,"offered",TRUE,FALSE,FALSE,""
"reference","man/expr_dt_round.Rd",1,45,"pl","col","pl",103,TRUE,"offered",TRUE,FALSE,FALSE,""
"reference","man/expr_dt_round.Rd",1,45,"pl","select","pl",103,TRUE,"offered",TRUE,FALSE,FALSE,""
"reference","man/expr_dt_round.Rd",1,45,"pl","datetime_range","pl",103,TRUE,"offered",TRUE,FALSE,FALSE,""
"reference","man/expr_dt_round.Rd",1,45,"df","with_columns","polars_data_frame",89,TRUE,"offered",TRUE,FALSE,FALSE,""
"reference","man/expr_dt_round.Rd",1,45,"pl$col(""datetime"")$dt","round","polars_namespace_expr_dt",45,TRUE,"offered",TRUE,FALSE,FALSE,""
"reference","man/expr_dt_round.Rd",1,45,"pl$col(""datetime"")","dt","polars_expr",212,TRUE,"offered",TRUE,FALSE,FALSE,""
"reference","man/expr_dt_round.Rd",1,45,"pl","col","pl",103,TRUE,"offered",TRUE,FALSE,FALSE,""
"reference","man/expr_dt_second.Rd",1,22,"pl","DataFrame","pl",103,TRUE,"offered",TRUE,FALSE,FALSE,""
"reference","man/expr_dt_second.Rd",1,22,"df","with_columns","polars_data_frame",89,TRUE,"offered",TRUE,FALSE,FALSE,""
"reference","man/expr_dt_second.Rd",1,22,"pl$col(""datetime"")$dt","second","polars_namespace_expr_dt",45,TRUE,"offered",TRUE,FALSE,FALSE,""
"reference","man/expr_dt_second.Rd",1,22,"pl$col(""datetime"")","dt","polars_expr",212,TRUE,"offered",TRUE,FALSE,FALSE,""
"reference","man/expr_dt_second.Rd",1,22,"pl","col","pl",103,TRUE,"offered",TRUE,FALSE,FALSE,""
"reference","man/expr_dt_second.Rd",1,22,"pl$col(""datetime"")$dt","second","polars_namespace_expr_dt",45,TRUE,"offered",TRUE,FALSE,FALSE,""
"reference","man/expr_dt_second.Rd",1,22,"pl$col(""datetime"")","dt","polars_expr",212,TRUE,"offered",TRUE,FALSE,FALSE,""
"reference","man/expr_dt_second.Rd",1,22,"pl","col","pl",103,TRUE,"offered",TRUE,FALSE,FALSE,""
"reference","man/expr_dt_strftime.Rd",1,28,"pl$DataFrame(datetime = c(as.POSIXct(c(""2021-01-02 00:00:00"", ""2021-01-03 00:00:00""))))","with_columns","polars_data_frame",89,TRUE,"offered",TRUE,FALSE,FALSE,""
"reference","man/expr_dt_strftime.Rd",1,28,"pl","DataFrame","pl",103,TRUE,"offered",TRUE,FALSE,FALSE,""
"reference","man/expr_dt_strftime.Rd",1,28,"pl$col(""datetime"")$dt","strftime","polars_namespace_expr_dt",45,TRUE,"offered",TRUE,FALSE,FALSE,""
"reference","man/expr_dt_strftime.Rd",1,28,"pl$col(""datetime"")","dt","polars_expr",212,TRUE,"offered",TRUE,FALSE,FALSE,""
"reference","man/expr_dt_strftime.Rd",1,28,"pl","col","pl",103,TRUE,"offered",TRUE,FALSE,FALSE,""
"reference","man/expr_dt_time.Rd",1,15,"pl","select","pl",103,TRUE,"offered",TRUE,FALSE,FALSE,""
"reference","man/expr_dt_time.Rd",1,15,"pl","datetime_range","pl",103,TRUE,"offered",TRUE,FALSE,FALSE,""
"reference","man/expr_dt_time.Rd",1,15,"df","with_columns","polars_data_frame",89,TRUE,"offered",TRUE,FALSE,FALSE,""
"reference","man/expr_dt_time.Rd",1,15,"pl$col(""dates"")$dt","time","polars_namespace_expr_dt",45,TRUE,"offered",TRUE,FALSE,FALSE,""
"reference","man/expr_dt_time.Rd",1,15,"pl$col(""dates"")","dt","polars_expr",212,TRUE,"offered",TRUE,FALSE,FALSE,""
"reference","man/expr_dt_time.Rd",1,15,"pl","col","pl",103,TRUE,"offered",TRUE,FALSE,FALSE,""
"reference","man/expr_dt_timestamp.Rd",1,18,"pl","select","pl",103,TRUE,"offered",TRUE,FALSE,FALSE,""
"reference","man/expr_dt_timestamp.Rd",1,18,"pl","datetime_range","pl",103,TRUE,"offered",TRUE,FALSE,FALSE,""
"reference","man/expr_dt_timestamp.Rd",1,18,"df","select","polars_data_frame",89,TRUE,"offered",TRUE,FALSE,FALSE,""
"reference","man/expr_dt_timestamp.Rd",1,18,"pl","col","pl",103,TRUE,"offered",TRUE,FALSE,FALSE,""
"reference","man/expr_dt_timestamp.Rd",1,18,"pl$col(""date"")$dt$timestamp()","alias","polars_expr",212,TRUE,"offered",TRUE,FALSE,FALSE,""
"reference","man/expr_dt_timestamp.Rd",1,18,"pl$col(""date"")$dt","timestamp","polars_namespace_expr_dt",45,TRUE,"offered",TRUE,FALSE,FALSE,""
"reference","man/expr_dt_timestamp.Rd",1,18,"pl$col(""date"")","dt","polars_expr",212,TRUE,"offered",TRUE,FALSE,FALSE,""
"reference","man/expr_dt_timestamp.Rd",1,18,"pl","col","pl",103,TRUE,"offered",TRUE,FALSE,FALSE,""
"reference","man/expr_dt_timestamp.Rd",1,18,"pl$col(""date"")$dt$timestamp(time_unit = ""ms"")","alias","polars_expr",212,TRUE,"offered",TRUE,FALSE,FALSE,""
"reference","man/expr_dt_timestamp.Rd",1,18,"pl$col(""date"")$dt","timestamp","polars_namespace_expr_dt",45,TRUE,"offered",TRUE,FALSE,FALSE,""
"reference","man/expr_dt_timestamp.Rd",1,18,"pl$col(""date"")","dt","polars_expr",212,TRUE,"offered",TRUE,FALSE,FALSE,""
"reference","man/expr_dt_timestamp.Rd",1,18,"pl","col","pl",103,TRUE,"offered",TRUE,FALSE,FALSE,""
"reference","man/expr_dt_to_string.Rd",1,31,"pl","DataFrame","pl",103,TRUE,"offered",TRUE,FALSE,TRUE,""
"reference","man/expr_dt_to_string.Rd",1,31,"df","select","polars_data_frame",89,TRUE,"offered",TRUE,FALSE,TRUE,""
"reference","man/expr_dt_to_string.Rd",1,31,"(cs$date() | cs$datetime())$dt$to_string()$name","prefix","polars_namespace_expr_name",9,TRUE,"offered",TRUE,FALSE,TRUE,""
"reference","man/expr_dt_to_string.Rd",1,31,"(cs$date() | cs$datetime())$dt$to_string()","name","polars_expr",212,TRUE,"offered",TRUE,FALSE,TRUE,""
"reference","man/expr_dt_to_string.Rd",1,31,"(cs$date() | cs$datetime())$dt","to_string","polars_namespace_expr_dt",45,TRUE,"offered",TRUE,FALSE,TRUE,""
"reference","man/expr_dt_to_string.Rd",1,31,"(cs$date() | cs$datetime())","dt","polars_selector",214,TRUE,"offered",TRUE,FALSE,TRUE,""
"reference","man/expr_dt_to_string.Rd",1,31,"cs","date","cs",35,TRUE,"offered",TRUE,FALSE,TRUE,""
"reference","man/expr_dt_to_string.Rd",1,31,"cs","datetime","cs",35,TRUE,"offered",TRUE,FALSE,TRUE,""
"reference","man/expr_dt_to_string.Rd",1,31,"df","select","polars_data_frame",89,TRUE,"offered",TRUE,FALSE,TRUE,""
"reference","man/expr_dt_to_string.Rd",1,31,"(cs$time() | cs$duration())$dt$to_string()$name","prefix","polars_namespace_expr_name",9,TRUE,"offered",TRUE,FALSE,TRUE,""
"reference","man/expr_dt_to_string.Rd",1,31,"(cs$time() | cs$duration())$dt$to_string()","name","polars_expr",212,TRUE,"offered",TRUE,FALSE,TRUE,""
"reference","man/expr_dt_to_string.Rd",1,31,"(cs$time() | cs$duration())$dt","to_string","polars_namespace_expr_dt",45,TRUE,"offered",TRUE,FALSE,TRUE,""
"reference","man/expr_dt_to_string.Rd",1,31,"(cs$time() | cs$duration())","dt","polars_selector",214,TRUE,"offered",TRUE,FALSE,TRUE,""
"reference","man/expr_dt_to_string.Rd",1,31,"cs","time","cs",35,TRUE,"offered",TRUE,FALSE,TRUE,""
"reference","man/expr_dt_to_string.Rd",1,31,"cs","duration","cs",35,TRUE,"offered",TRUE,FALSE,TRUE,""
"reference","man/expr_dt_to_string.Rd",1,31,"df","select","polars_data_frame",89,TRUE,"offered",TRUE,FALSE,TRUE,""
"reference","man/expr_dt_to_string.Rd",1,31,"pl","col","pl",103,TRUE,"offered",TRUE,FALSE,TRUE,""
"reference","man/expr_dt_to_string.Rd",1,31,"pl$col(""dtm"")$dt","to_string","polars_namespace_expr_dt",45,TRUE,"offered",TRUE,FALSE,TRUE,""
"reference","man/expr_dt_to_string.Rd",1,31,"pl$col(""dtm"")","dt","polars_expr",212,TRUE,"offered",TRUE,FALSE,TRUE,""
"reference","man/expr_dt_to_string.Rd",1,31,"pl","col","pl",103,TRUE,"offered",TRUE,FALSE,TRUE,""
"reference","man/expr_dt_to_string.Rd",1,31,"df","select","polars_data_frame",89,TRUE,"offered",TRUE,FALSE,TRUE,""
"reference","man/expr_dt_to_string.Rd",1,31,"pl","col","pl",103,TRUE,"offered",TRUE,FALSE,TRUE,""
"reference","man/expr_dt_to_string.Rd",1,31,"pl$col(""dur"")$dt","to_string","polars_namespace_expr_dt",45,TRUE,"offered",TRUE,FALSE,TRUE,""
"reference","man/expr_dt_to_string.Rd",1,31,"pl$col(""dur"")","dt","polars_expr",212,TRUE,"offered",TRUE,FALSE,TRUE,""
"reference","man/expr_dt_to_string.Rd",1,31,"pl","col","pl",103,TRUE,"offered",TRUE,FALSE,TRUE,""
"reference","man/expr_dt_to_string.Rd",1,31,"df","select","polars_data_frame",89,TRUE,"offered",TRUE,FALSE,TRUE,""
"reference","man/expr_dt_to_string.Rd",1,31,"pl","col","pl",103,TRUE,"offered",TRUE,FALSE,TRUE,""
"reference","man/expr_dt_to_string.Rd",1,31,"pl$col(""dtm"")$dt","to_string","polars_namespace_expr_dt",45,TRUE,"offered",TRUE,FALSE,TRUE,""
"reference","man/expr_dt_to_string.Rd",1,31,"pl$col(""dtm"")","dt","polars_expr",212,TRUE,"offered",TRUE,FALSE,TRUE,""
"reference","man/expr_dt_to_string.Rd",1,31,"pl","col","pl",103,TRUE,"offered",TRUE,FALSE,TRUE,""
"reference","man/expr_dt_to_string.Rd",1,31,"pl$col(""dtm"")$dt","to_string","polars_namespace_expr_dt",45,TRUE,"offered",TRUE,FALSE,TRUE,""
"reference","man/expr_dt_to_string.Rd",1,31,"pl$col(""dtm"")","dt","polars_expr",212,TRUE,"offered",TRUE,FALSE,TRUE,""
"reference","man/expr_dt_to_string.Rd",1,31,"pl","col","pl",103,TRUE,"offered",TRUE,FALSE,TRUE,""
"reference","man/expr_dt_total_days.Rd",1,20,"pl","select","pl",103,TRUE,"offered",TRUE,FALSE,FALSE,""
"reference","man/expr_dt_total_days.Rd",1,20,"pl","datetime_range","pl",103,TRUE,"offered",TRUE,FALSE,FALSE,""
"reference","man/expr_dt_total_days.Rd",1,20,"df","with_columns","polars_data_frame",89,TRUE,"offered",TRUE,FALSE,FALSE,""
"reference","man/expr_dt_total_days.Rd",1,20,"pl$col(""date"")$diff()$dt","total_days","polars_namespace_expr_dt",45,TRUE,"offered",TRUE,FALSE,FALSE,""
"reference","man/expr_dt_total_days.Rd",1,20,"pl$col(""date"")$diff()","dt","polars_expr",212,TRUE,"offered",TRUE,FALSE,FALSE,""
"reference","man/expr_dt_total_days.Rd",1,20,"pl$col(""date"")","diff","polars_expr",212,TRUE,"offered",TRUE,FALSE,FALSE,""
"reference","man/expr_dt_total_days.Rd",1,20,"pl","col","pl",103,TRUE,"offered",TRUE,FALSE,FALSE,""
"reference","man/expr_dt_total_hours.Rd",1,20,"pl","select","pl",103,TRUE,"offered",TRUE,FALSE,FALSE,""
"reference","man/expr_dt_total_hours.Rd",1,20,"pl","date_range","pl",103,TRUE,"offered",TRUE,FALSE,FALSE,""
"reference","man/expr_dt_total_hours.Rd",1,20,"df","with_columns","polars_data_frame",89,TRUE,"offered",TRUE,FALSE,FALSE,""
"reference","man/expr_dt_total_hours.Rd",1,20,"pl$col(""date"")$diff()$dt","total_hours","polars_namespace_expr_dt",45,TRUE,"offered",TRUE,FALSE,FALSE,""
"reference","man/expr_dt_total_hours.Rd",1,20,"pl$col(""date"")$diff()","dt","polars_expr",212,TRUE,"offered",TRUE,FALSE,FALSE,""
"reference","man/expr_dt_total_hours.Rd",1,20,"pl$col(""date"")","diff","polars_expr",212,TRUE,"offered",TRUE,FALSE,FALSE,""
"reference","man/expr_dt_total_hours.Rd",1,20,"pl","col","pl",103,TRUE,"offered",TRUE,FALSE,FALSE,""
"reference","man/expr_dt_total_microseconds.Rd",1,20,"pl","select","pl",103,TRUE,"offered",TRUE,FALSE,FALSE,""
"reference","man/expr_dt_total_microseconds.Rd",1,20,"pl","datetime_range","pl",103,TRUE,"offered",TRUE,FALSE,FALSE,""
"reference","man/expr_dt_total_microseconds.Rd",1,20,"df","with_columns","polars_data_frame",89,TRUE,"offered",TRUE,FALSE,FALSE,""
"reference","man/expr_dt_total_microseconds.Rd",1,20,"pl$col(""date"")$diff()$dt","total_microseconds","polars_namespace_expr_dt",45,TRUE,"offered",TRUE,FALSE,FALSE,""
"reference","man/expr_dt_total_microseconds.Rd",1,20,"pl$col(""date"")$diff()","dt","polars_expr",212,TRUE,"offered",TRUE,FALSE,FALSE,""
"reference","man/expr_dt_total_microseconds.Rd",1,20,"pl$col(""date"")","diff","polars_expr",212,TRUE,"offered",TRUE,FALSE,FALSE,""
"reference","man/expr_dt_total_microseconds.Rd",1,20,"pl","col","pl",103,TRUE,"offered",TRUE,FALSE,FALSE,""
"reference","man/expr_dt_total_milliseconds.Rd",1,20,"pl","select","pl",103,TRUE,"offered",TRUE,FALSE,FALSE,""
"reference","man/expr_dt_total_milliseconds.Rd",1,20,"pl","datetime_range","pl",103,TRUE,"offered",TRUE,FALSE,FALSE,""
"reference","man/expr_dt_total_milliseconds.Rd",1,20,"df","with_columns","polars_data_frame",89,TRUE,"offered",TRUE,FALSE,FALSE,""
"reference","man/expr_dt_total_milliseconds.Rd",1,20,"pl$col(""date"")$diff()$dt","total_milliseconds","polars_namespace_expr_dt",45,TRUE,"offered",TRUE,FALSE,FALSE,""
"reference","man/expr_dt_total_milliseconds.Rd",1,20,"pl$col(""date"")$diff()","dt","polars_expr",212,TRUE,"offered",TRUE,FALSE,FALSE,""
"reference","man/expr_dt_total_milliseconds.Rd",1,20,"pl$col(""date"")","diff","polars_expr",212,TRUE,"offered",TRUE,FALSE,FALSE,""
"reference","man/expr_dt_total_milliseconds.Rd",1,20,"pl","col","pl",103,TRUE,"offered",TRUE,FALSE,FALSE,""
"reference","man/expr_dt_total_minutes.Rd",1,20,"pl","select","pl",103,TRUE,"offered",TRUE,FALSE,FALSE,""
"reference","man/expr_dt_total_minutes.Rd",1,20,"pl","date_range","pl",103,TRUE,"offered",TRUE,FALSE,FALSE,""
"reference","man/expr_dt_total_minutes.Rd",1,20,"df","with_columns","polars_data_frame",89,TRUE,"offered",TRUE,FALSE,FALSE,""
"reference","man/expr_dt_total_minutes.Rd",1,20,"pl$col(""date"")$diff()$dt","total_minutes","polars_namespace_expr_dt",45,TRUE,"offered",TRUE,FALSE,FALSE,""
"reference","man/expr_dt_total_minutes.Rd",1,20,"pl$col(""date"")$diff()","dt","polars_expr",212,TRUE,"offered",TRUE,FALSE,FALSE,""
"reference","man/expr_dt_total_minutes.Rd",1,20,"pl$col(""date"")","diff","polars_expr",212,TRUE,"offered",TRUE,FALSE,FALSE,""
"reference","man/expr_dt_total_minutes.Rd",1,20,"pl","col","pl",103,TRUE,"offered",TRUE,FALSE,FALSE,""
"reference","man/expr_dt_total_nanoseconds.Rd",1,20,"pl","select","pl",103,TRUE,"offered",TRUE,FALSE,FALSE,""
"reference","man/expr_dt_total_nanoseconds.Rd",1,20,"pl","datetime_range","pl",103,TRUE,"offered",TRUE,FALSE,FALSE,""
"reference","man/expr_dt_total_nanoseconds.Rd",1,20,"df","with_columns","polars_data_frame",89,TRUE,"offered",TRUE,FALSE,FALSE,""
"reference","man/expr_dt_total_nanoseconds.Rd",1,20,"pl$col(""date"")$diff()$dt","total_nanoseconds","polars_namespace_expr_dt",45,TRUE,"offered",TRUE,FALSE,FALSE,""
"reference","man/expr_dt_total_nanoseconds.Rd",1,20,"pl$col(""date"")$diff()","dt","polars_expr",212,TRUE,"offered",TRUE,FALSE,FALSE,""
"reference","man/expr_dt_total_nanoseconds.Rd",1,20,"pl$col(""date"")","diff","polars_expr",212,TRUE,"offered",TRUE,FALSE,FALSE,""
"reference","man/expr_dt_total_nanoseconds.Rd",1,20,"pl","col","pl",103,TRUE,"offered",TRUE,FALSE,FALSE,""
"reference","man/expr_dt_total_seconds.Rd",1,20,"pl","select","pl",103,TRUE,"offered",TRUE,FALSE,FALSE,""
"reference","man/expr_dt_total_seconds.Rd",1,20,"pl","datetime_range","pl",103,TRUE,"offered",TRUE,FALSE,FALSE,""
"reference","man/expr_dt_total_seconds.Rd",1,20,"df","with_columns","polars_data_frame",89,TRUE,"offered",TRUE,FALSE,FALSE,""
"reference","man/expr_dt_total_seconds.Rd",1,20,"pl$col(""date"")$diff()$dt","total_seconds","polars_namespace_expr_dt",45,TRUE,"offered",TRUE,FALSE,FALSE,""
"reference","man/expr_dt_total_seconds.Rd",1,20,"pl$col(""date"")$diff()","dt","polars_expr",212,TRUE,"offered",TRUE,FALSE,FALSE,""
"reference","man/expr_dt_total_seconds.Rd",1,20,"pl$col(""date"")","diff","polars_expr",212,TRUE,"offered",TRUE,FALSE,FALSE,""
"reference","man/expr_dt_total_seconds.Rd",1,20,"pl","col","pl",103,TRUE,"offered",TRUE,FALSE,FALSE,""
"reference","man/expr_dt_truncate.Rd",1,45,"pl","select","pl",103,TRUE,"offered",TRUE,FALSE,FALSE,""
"reference","man/expr_dt_truncate.Rd",1,45,"pl","datetime_range","pl",103,TRUE,"offered",TRUE,FALSE,FALSE,""
"reference","man/expr_dt_truncate.Rd",1,45,"df","with_columns","polars_data_frame",89,TRUE,"offered",TRUE,FALSE,FALSE,""
"reference","man/expr_dt_truncate.Rd",1,45,"pl$col(""datetime"")$dt","truncate","polars_namespace_expr_dt",45,TRUE,"offered",TRUE,FALSE,FALSE,""
"reference","man/expr_dt_truncate.Rd",1,45,"pl$col(""datetime"")","dt","polars_expr",212,TRUE,"offered",TRUE,FALSE,FALSE,""
"reference","man/expr_dt_truncate.Rd",1,45,"pl","col","pl",103,TRUE,"offered",TRUE,FALSE,FALSE,""
"reference","man/expr_dt_truncate.Rd",1,45,"pl","select","pl",103,TRUE,"offered",TRUE,FALSE,FALSE,""
"reference","man/expr_dt_truncate.Rd",1,45,"pl","datetime_range","pl",103,TRUE,"offered",TRUE,FALSE,FALSE,""
"reference","man/expr_dt_truncate.Rd",1,45,"df","with_columns","polars_data_frame",89,TRUE,"offered",TRUE,FALSE,FALSE,""
"reference","man/expr_dt_truncate.Rd",1,45,"pl$col(""datetime"")$dt","truncate","polars_namespace_expr_dt",45,TRUE,"offered",TRUE,FALSE,FALSE,""
"reference","man/expr_dt_truncate.Rd",1,45,"pl$col(""datetime"")","dt","polars_expr",212,TRUE,"offered",TRUE,FALSE,FALSE,""
"reference","man/expr_dt_truncate.Rd",1,45,"pl","col","pl",103,TRUE,"offered",TRUE,FALSE,FALSE,""
"reference","man/expr_dt_week.Rd",1,16,"pl","select","pl",103,TRUE,"offered",TRUE,FALSE,FALSE,""
"reference","man/expr_dt_week.Rd",1,16,"pl","date_range","pl",103,TRUE,"offered",TRUE,FALSE,FALSE,""
"reference","man/expr_dt_week.Rd",1,16,"df","with_columns","polars_data_frame",89,TRUE,"offered",TRUE,FALSE,FALSE,""
"reference","man/expr_dt_week.Rd",1,16,"pl$col(""date"")$dt","week","polars_namespace_expr_dt",45,TRUE,"offered",TRUE,FALSE,FALSE,""
"reference","man/expr_dt_week.Rd",1,16,"pl$col(""date"")","dt","polars_expr",212,TRUE,"offered",TRUE,FALSE,FALSE,""
"reference","man/expr_dt_week.Rd",1,16,"pl","col","pl",103,TRUE,"offered",TRUE,FALSE,FALSE,""
"reference","man/expr_dt_weekday.Rd",1,15,"pl","select","pl",103,TRUE,"offered",TRUE,FALSE,FALSE,""
"reference","man/expr_dt_weekday.Rd",1,15,"pl","date_range","pl",103,TRUE,"offered",TRUE,FALSE,FALSE,""
"reference","man/expr_dt_weekday.Rd",1,15,"df","with_columns","polars_data_frame",89,TRUE,"offered",TRUE,FALSE,FALSE,""
"reference","man/expr_dt_weekday.Rd",1,15,"pl$col(""date"")$dt","weekday","polars_namespace_expr_dt",45,TRUE,"offered",TRUE,FALSE,FALSE,""
"reference","man/expr_dt_weekday.Rd",1,15,"pl$col(""date"")","dt","polars_expr",212,TRUE,"offered",TRUE,FALSE,FALSE,""
"reference","man/expr_dt_weekday.Rd",1,15,"pl","col","pl",103,TRUE,"offered",TRUE,FALSE,FALSE,""
"reference","man/expr_dt_year.Rd",1,15,"pl","DataFrame","pl",103,TRUE,"offered",TRUE,FALSE,FALSE,""
"reference","man/expr_dt_year.Rd",1,15,"df","with_columns","polars_data_frame",89,TRUE,"offered",TRUE,FALSE,FALSE,""
"reference","man/expr_dt_year.Rd",1,15,"pl$col(""date"")$dt","year","polars_namespace_expr_dt",45,TRUE,"offered",TRUE,FALSE,FALSE,""
"reference","man/expr_dt_year.Rd",1,15,"pl$col(""date"")","dt","polars_expr",212,TRUE,"offered",TRUE,FALSE,FALSE,""
"reference","man/expr_dt_year.Rd",1,15,"pl","col","pl",103,TRUE,"offered",TRUE,FALSE,FALSE,""
"reference","man/expr_dt_year.Rd",1,15,"pl$col(""date"")$dt","iso_year","polars_namespace_expr_dt",45,TRUE,"offered",TRUE,FALSE,FALSE,""
"reference","man/expr_dt_year.Rd",1,15,"pl$col(""date"")","dt","polars_expr",212,TRUE,"offered",TRUE,FALSE,FALSE,""
"reference","man/expr_dt_year.Rd",1,15,"pl","col","pl",103,TRUE,"offered",TRUE,FALSE,FALSE,""
"reference","man/expr_list_agg.Rd",1,22,"pl","DataFrame","pl",103,TRUE,"offered",TRUE,FALSE,FALSE,""
"reference","man/expr_list_agg.Rd",1,22,"df","with_columns","polars_data_frame",89,TRUE,"offered",TRUE,FALSE,FALSE,""
"reference","man/expr_list_agg.Rd",1,22,"pl$col(""a"")$list","agg","polars_namespace_expr_list",42,TRUE,"offered",TRUE,FALSE,FALSE,""
"reference","man/expr_list_agg.Rd",1,22,"pl$col(""a"")","list","polars_expr",212,TRUE,"offered",TRUE,FALSE,FALSE,""
"reference","man/expr_list_agg.Rd",1,22,"pl","col","pl",103,TRUE,"offered",TRUE,FALSE,FALSE,""
"reference","man/expr_list_agg.Rd",1,22,"pl$element()","null_count","polars_expr",212,TRUE,"offered",TRUE,FALSE,FALSE,""
"reference","man/expr_list_agg.Rd",1,22,"pl","element","pl",103,TRUE,"offered",TRUE,FALSE,FALSE,""
"reference","man/expr_list_agg.Rd",1,22,"df","with_columns","polars_data_frame",89,TRUE,"offered",TRUE,FALSE,FALSE,""
"reference","man/expr_list_agg.Rd",1,22,"pl$col(""a"")$list","agg","polars_namespace_expr_list",42,TRUE,"offered",TRUE,FALSE,FALSE,""
"reference","man/expr_list_agg.Rd",1,22,"pl$col(""a"")","list","polars_expr",212,TRUE,"offered",TRUE,FALSE,FALSE,""
"reference","man/expr_list_agg.Rd",1,22,"pl","col","pl",103,TRUE,"offered",TRUE,FALSE,FALSE,""
"reference","man/expr_list_agg.Rd",1,22,"pl$element()","drop_nulls","polars_expr",212,TRUE,"offered",TRUE,FALSE,FALSE,""
"reference","man/expr_list_agg.Rd",1,22,"pl","element","pl",103,TRUE,"offered",TRUE,FALSE,FALSE,""
"reference","man/expr_list_all.Rd",1,23,"pl","DataFrame","pl",103,TRUE,"offered",TRUE,FALSE,FALSE,""
"reference","man/expr_list_all.Rd",1,23,"df","with_columns","polars_data_frame",89,TRUE,"offered",TRUE,FALSE,FALSE,""
"reference","man/expr_list_all.Rd",1,23,"pl$col(""a"")$list","all","polars_namespace_expr_list",42,TRUE,"offered",TRUE,FALSE,FALSE,""
"reference","man/expr_list_all.Rd",1,23,"pl$col(""a"")","list","polars_expr",212,TRUE,"offered",TRUE,FALSE,FALSE,""
"reference","man/expr_list_all.Rd",1,23,"pl","col","pl",103,TRUE,"offered",TRUE,FALSE,FALSE,""
"reference","man/expr_list_any.Rd",1,23,"pl","DataFrame","pl",103,TRUE,"offered",TRUE,FALSE,FALSE,""
"reference","man/expr_list_any.Rd",1,23,"df","with_columns","polars_data_frame",89,TRUE,"offered",TRUE,FALSE,FALSE,""
"reference","man/expr_list_any.Rd",1,23,"pl$col(""a"")$list","any","polars_namespace_expr_list",42,TRUE,"offered",TRUE,FALSE,FALSE,""
"reference","man/expr_list_any.Rd",1,23,"pl$col(""a"")","list","polars_expr",212,TRUE,"offered",TRUE,FALSE,FALSE,""
"reference","man/expr_list_any.Rd",1,23,"pl","col","pl",103,TRUE,"offered",TRUE,FALSE,FALSE,""
"reference","man/expr_list_arg_max.Rd",1,15,"pl","DataFrame","pl",103,TRUE,"offered",TRUE,FALSE,FALSE,""
"reference","man/expr_list_arg_max.Rd",1,15,"df","with_columns","polars_data_frame",89,TRUE,"offered",TRUE,FALSE,FALSE,""
"reference","man/expr_list_arg_max.Rd",1,15,"pl$col(""s"")$list","arg_max","polars_namespace_expr_list",42,TRUE,"offered",TRUE,FALSE,FALSE,""
"reference","man/expr_list_arg_max.Rd",1,15,"pl$col(""s"")","list","polars_expr",212,TRUE,"offered",TRUE,FALSE,FALSE,""
"reference","man/expr_list_arg_max.Rd",1,15,"pl","col","pl",103,TRUE,"offered",TRUE,FALSE,FALSE,""
"reference","man/expr_list_arg_min.Rd",1,15,"pl","DataFrame","pl",103,TRUE,"offered",TRUE,FALSE,FALSE,""
"reference","man/expr_list_arg_min.Rd",1,15,"df","with_columns","polars_data_frame",89,TRUE,"offered",TRUE,FALSE,FALSE,""
"reference","man/expr_list_arg_min.Rd",1,15,"pl$col(""s"")$list","arg_min","polars_namespace_expr_list",42,TRUE,"offered",TRUE,FALSE,FALSE,""
"reference","man/expr_list_arg_min.Rd",1,15,"pl$col(""s"")","list","polars_expr",212,TRUE,"offered",TRUE,FALSE,FALSE,""
"reference","man/expr_list_arg_min.Rd",1,15,"pl","col","pl",103,TRUE,"offered",TRUE,FALSE,FALSE,""
"reference","man/expr_list_concat.Rd",1,19,"pl","DataFrame","pl",103,TRUE,"offered",TRUE,FALSE,FALSE,""
"reference","man/expr_list_concat.Rd",1,19,"df","with_columns","polars_data_frame",89,TRUE,"offered",TRUE,FALSE,FALSE,""
"reference","man/expr_list_concat.Rd",1,19,"pl$col(""a"")$list","concat","polars_namespace_expr_list",42,TRUE,"offered",TRUE,FALSE,FALSE,""
"reference","man/expr_list_concat.Rd",1,19,"pl$col(""a"")","list","polars_expr",212,TRUE,"offered",TRUE,FALSE,FALSE,""
"reference","man/expr_list_concat.Rd",1,19,"pl","col","pl",103,TRUE,"offered",TRUE,FALSE,FALSE,""
"reference","man/expr_list_concat.Rd",1,19,"pl","col","pl",103,TRUE,"offered",TRUE,FALSE,FALSE,""
"reference","man/expr_list_concat.Rd",1,19,"pl$col(""a"")$list","concat","polars_namespace_expr_list",42,TRUE,"offered",TRUE,FALSE,FALSE,""
"reference","man/expr_list_concat.Rd",1,19,"pl$col(""a"")","list","polars_expr",212,TRUE,"offered",TRUE,FALSE,FALSE,""
"reference","man/expr_list_concat.Rd",1,19,"pl","col","pl",103,TRUE,"offered",TRUE,FALSE,FALSE,""
"reference","man/expr_list_concat.Rd",1,19,"pl","lit","pl",103,TRUE,"offered",TRUE,FALSE,FALSE,""
"reference","man/expr_list_concat.Rd",1,19,"pl$col(""a"")$list","concat","polars_namespace_expr_list",42,TRUE,"offered",TRUE,FALSE,FALSE,""
"reference","man/expr_list_concat.Rd",1,19,"pl$col(""a"")","list","polars_expr",212,TRUE,"offered",TRUE,FALSE,FALSE,""
"reference","man/expr_list_concat.Rd",1,19,"pl","col","pl",103,TRUE,"offered",TRUE,FALSE,FALSE,""
"reference","man/expr_list_concat.Rd",1,19,"pl","lit","pl",103,TRUE,"offered",TRUE,FALSE,FALSE,""
"reference","man/expr_list_contains.Rd",1,23,"pl","DataFrame","pl",103,TRUE,"offered",TRUE,FALSE,FALSE,""
"reference","man/expr_list_contains.Rd",1,23,"df","with_columns","polars_data_frame",89,TRUE,"offered",TRUE,FALSE,FALSE,""
"reference","man/expr_list_contains.Rd",1,23,"pl$col(""a"")$list","contains","polars_namespace_expr_list",42,TRUE,"offered",TRUE,FALSE,FALSE,""
"reference","man/expr_list_contains.Rd",1,23,"pl$col(""a"")","list","polars_expr",212,TRUE,"offered",TRUE,FALSE,FALSE,""
"reference","man/expr_list_contains.Rd",1,23,"pl","col","pl",103,TRUE,"offered",TRUE,FALSE,FALSE,""
"reference","man/expr_list_contains.Rd",1,23,"pl","col","pl",103,TRUE,"offered",TRUE,FALSE,FALSE,""
"reference","man/expr_list_contains.Rd",1,23,"pl$col(""a"")$list","contains","polars_namespace_expr_list",42,TRUE,"offered",TRUE,FALSE,FALSE,""
"reference","man/expr_list_contains.Rd",1,23,"pl$col(""a"")","list","polars_expr",212,TRUE,"offered",TRUE,FALSE,FALSE,""
"reference","man/expr_list_contains.Rd",1,23,"pl","col","pl",103,TRUE,"offered",TRUE,FALSE,FALSE,""
"reference","man/expr_list_count_matches.Rd",1,18,"pl","DataFrame","pl",103,TRUE,"offered",TRUE,FALSE,FALSE,""
"reference","man/expr_list_count_matches.Rd",1,18,"df","with_columns","polars_data_frame",89,TRUE,"offered",TRUE,FALSE,FALSE,""
"reference","man/expr_list_count_matches.Rd",1,18,"pl$col(""a"")$list","count_matches","polars_namespace_expr_list",42,TRUE,"offered",TRUE,FALSE,FALSE,""
"reference","man/expr_list_count_matches.Rd",1,18,"pl$col(""a"")","list","polars_expr",212,TRUE,"offered",TRUE,FALSE,FALSE,""
"reference","man/expr_list_count_matches.Rd",1,18,"pl","col","pl",103,TRUE,"offered",TRUE,FALSE,FALSE,""
"reference","man/expr_list_diff.Rd",1,24,"pl","DataFrame","pl",103,TRUE,"offered",TRUE,FALSE,FALSE,""
"reference","man/expr_list_diff.Rd",1,24,"df","with_columns","polars_data_frame",89,TRUE,"offered",TRUE,FALSE,FALSE,""
"reference","man/expr_list_diff.Rd",1,24,"pl$col(""s"")$list","diff","polars_namespace_expr_list",42,TRUE,"offered",TRUE,FALSE,FALSE,""
"reference","man/expr_list_diff.Rd",1,24,"pl$col(""s"")","list","polars_expr",212,TRUE,"offered",TRUE,FALSE,FALSE,""
"reference","man/expr_list_diff.Rd",1,24,"pl","col","pl",103,TRUE,"offered",TRUE,FALSE,FALSE,""
"reference","man/expr_list_diff.Rd",1,24,"df","with_columns","polars_data_frame",89,TRUE,"offered",TRUE,FALSE,FALSE,""
"reference","man/expr_list_diff.Rd",1,24,"pl$col(""s"")$list","diff","polars_namespace_expr_list",42,TRUE,"offered",TRUE,FALSE,FALSE,""
"reference","man/expr_list_diff.Rd",1,24,"pl$col(""s"")","list","polars_expr",212,TRUE,"offered",TRUE,FALSE,FALSE,""
"reference","man/expr_list_diff.Rd",1,24,"pl","col","pl",103,TRUE,"offered",TRUE,FALSE,FALSE,""
"reference","man/expr_list_drop_nulls.Rd",1,15,"pl","DataFrame","pl",103,TRUE,"offered",TRUE,FALSE,FALSE,""
"reference","man/expr_list_drop_nulls.Rd",1,15,"df","with_columns","polars_data_frame",89,TRUE,"offered",TRUE,FALSE,FALSE,""
"reference","man/expr_list_drop_nulls.Rd",1,15,"pl$col(""values"")$list","drop_nulls","polars_namespace_expr_list",42,TRUE,"offered",TRUE,FALSE,FALSE,""
"reference","man/expr_list_drop_nulls.Rd",1,15,"pl$col(""values"")","list","polars_expr",212,TRUE,"offered",TRUE,FALSE,FALSE,""
"reference","man/expr_list_drop_nulls.Rd",1,15,"pl","col","pl",103,TRUE,"offered",TRUE,FALSE,FALSE,""
"reference","man/expr_list_eval.Rd",1,19,"pl","DataFrame","pl",103,TRUE,"offered",TRUE,FALSE,FALSE,""
"reference","man/expr_list_eval.Rd",1,19,"df","select","polars_data_frame",89,TRUE,"offered",TRUE,FALSE,FALSE,""
"reference","man/expr_list_eval.Rd",1,19,"pl$col(""a"")$list","eval","polars_namespace_expr_list",42,TRUE,"offered",TRUE,FALSE,FALSE,""
"reference","man/expr_list_eval.Rd",1,19,"pl$col(""a"")","list","polars_expr",212,TRUE,"offered",TRUE,FALSE,FALSE,""
"reference","man/expr_list_eval.Rd",1,19,"pl","col","pl",103,TRUE,"offered",TRUE,FALSE,FALSE,""
"reference","man/expr_list_eval.Rd",1,19,"pl","element","pl",103,TRUE,"offered",TRUE,FALSE,FALSE,""
"reference","man/expr_list_eval.Rd",1,19,"pl$element()","mean","polars_expr",212,TRUE,"offered",TRUE,FALSE,FALSE,""
"reference","man/expr_list_eval.Rd",1,19,"pl","element","pl",103,TRUE,"offered",TRUE,FALSE,FALSE,""
"reference","man/expr_list_eval.Rd",1,19,"pl$element()","std","polars_expr",212,TRUE,"offered",TRUE,FALSE,FALSE,""
"reference","man/expr_list_eval.Rd",1,19,"pl","element","pl",103,TRUE,"offered",TRUE,FALSE,FALSE,""
"reference","man/expr_list_eval.Rd",1,19,"df","select","polars_data_frame",89,TRUE,"offered",TRUE,FALSE,FALSE,""
"reference","man/expr_list_eval.Rd",1,19,"pl$col(""b"")$list","eval","polars_namespace_expr_list",42,TRUE,"offered",TRUE,FALSE,FALSE,""
"reference","man/expr_list_eval.Rd",1,19,"pl$col(""b"")","list","polars_expr",212,TRUE,"offered",TRUE,FALSE,FALSE,""
"reference","man/expr_list_eval.Rd",1,19,"pl","col","pl",103,TRUE,"offered",TRUE,FALSE,FALSE,""
"reference","man/expr_list_eval.Rd",1,19,"pl$element()$str","len_chars","polars_namespace_expr_str",48,TRUE,"offered",TRUE,FALSE,FALSE,""
"reference","man/expr_list_eval.Rd",1,19,"pl$element()","str","polars_expr",212,TRUE,"offered",TRUE,FALSE,FALSE,""
"reference","man/expr_list_eval.Rd",1,19,"pl","element","pl",103,TRUE,"offered",TRUE,FALSE,FALSE,""
"reference","man/expr_list_eval.Rd",1,19,"df","select","polars_data_frame",89,TRUE,"offered",TRUE,FALSE,FALSE,""
"reference","man/expr_list_eval.Rd",1,19,"pl$col(""b"")$list$eval(pl$element()$str$join("" ""))$list","first","polars_namespace_expr_list",42,TRUE,"offered",TRUE,FALSE,FALSE,""
"reference","man/expr_list_eval.Rd",1,19,"pl$col(""b"")$list$eval(pl$element()$str$join("" ""))","list","polars_expr",212,TRUE,"offered",TRUE,FALSE,FALSE,""
"reference","man/expr_list_eval.Rd",1,19,"pl$col(""b"")$list","eval","polars_namespace_expr_list",42,TRUE,"offered",TRUE,FALSE,FALSE,""
"reference","man/expr_list_eval.Rd",1,19,"pl$col(""b"")","list","polars_expr",212,TRUE,"offered",TRUE,FALSE,FALSE,""
"reference","man/expr_list_eval.Rd",1,19,"pl","col","pl",103,TRUE,"offered",TRUE,FALSE,FALSE,""
"reference","man/expr_list_eval.Rd",1,19,"pl$element()$str","join","polars_namespace_expr_str",48,TRUE,"offered",TRUE,FALSE,FALSE,""
"reference","man/expr_list_eval.Rd",1,19,"pl$element()","str","polars_expr",212,TRUE,"offered",TRUE,FALSE,FALSE,""
"reference","man/expr_list_eval.Rd",1,19,"pl","element","pl",103,TRUE,"offered",TRUE,FALSE,FALSE,""
"reference","man/expr_list_explode.Rd",1,23,"pl","DataFrame","pl",103,TRUE,"offered",TRUE,FALSE,FALSE,""
"reference","man/expr_list_explode.Rd",1,23,"df","select","polars_data_frame",89,TRUE,"offered",TRUE,FALSE,FALSE,""
"reference","man/expr_list_explode.Rd",1,23,"pl$col(""a"")$list","explode","polars_namespace_expr_list",42,TRUE,"offered",TRUE,FALSE,FALSE,""
"reference","man/expr_list_explode.Rd",1,23,"pl$col(""a"")","list","polars_expr",212,TRUE,"offered",TRUE,FALSE,FALSE,""
"reference","man/expr_list_explode.Rd",1,23,"pl","col","pl",103,TRUE,"offered",TRUE,FALSE,FALSE,""
"reference","man/expr_list_first.Rd",1,15,"pl","DataFrame","pl",103,TRUE,"offered",TRUE,FALSE,FALSE,""
"reference","man/expr_list_first.Rd",1,15,"df","with_columns","polars_data_frame",89,TRUE,"offered",TRUE,FALSE,FALSE,""
"reference","man/expr_list_first.Rd",1,15,"pl$col(""a"")$list","first","polars_namespace_expr_list",42,TRUE,"offered",TRUE,FALSE,FALSE,""
"reference","man/expr_list_first.Rd",1,15,"pl$col(""a"")","list","polars_expr",212,TRUE,"offered",TRUE,FALSE,FALSE,""
"reference","man/expr_list_first.Rd",1,15,"pl","col","pl",103,TRUE,"offered",TRUE,FALSE,FALSE,""
"reference","man/expr_list_gather_every.Rd",1,20,"pl","DataFrame","pl",103,TRUE,"offered",TRUE,FALSE,FALSE,""
"reference","man/expr_list_gather_every.Rd",1,20,"df","with_columns","polars_data_frame",89,TRUE,"offered",TRUE,FALSE,FALSE,""
"reference","man/expr_list_gather_every.Rd",1,20,"pl$col(""a"")$list","gather_every","polars_namespace_expr_list",42,TRUE,"offered",TRUE,FALSE,FALSE,""
"reference","man/expr_list_gather_every.Rd",1,20,"pl$col(""a"")","list","polars_expr",212,TRUE,"offered",TRUE,FALSE,FALSE,""
"reference","man/expr_list_gather_every.Rd",1,20,"pl","col","pl",103,TRUE,"offered",TRUE,FALSE,FALSE,""
"reference","man/expr_list_gather_every.Rd",1,20,"pl","col","pl",103,TRUE,"offered",TRUE,FALSE,FALSE,""
"reference","man/expr_list_gather_every.Rd",1,20,"pl","col","pl",103,TRUE,"offered",TRUE,FALSE,FALSE,""
"reference","man/expr_list_gather.Rd",1,29,"pl","DataFrame","pl",103,TRUE,"offered",TRUE,FALSE,FALSE,""
"reference","man/expr_list_gather.Rd",1,29,"df","with_columns","polars_data_frame",89,TRUE,"offered",TRUE,FALSE,FALSE,""
"reference","man/expr_list_gather.Rd",1,29,"pl$col(""a"")$list","gather","polars_namespace_expr_list",42,TRUE,"offered",TRUE,FALSE,FALSE,""
"reference","man/expr_list_gather.Rd",1,29,"pl$col(""a"")","list","polars_expr",212,TRUE,"offered",TRUE,FALSE,FALSE,""
"reference","man/expr_list_gather.Rd",1,29,"pl","col","pl",103,TRUE,"offered",TRUE,FALSE,FALSE,""
"reference","man/expr_list_gather.Rd",1,29,"df","with_columns","polars_data_frame",89,TRUE,"offered",TRUE,FALSE,FALSE,""
"reference","man/expr_list_gather.Rd",1,29,"pl$col(""a"")$list","gather","polars_namespace_expr_list",42,TRUE,"offered",TRUE,FALSE,FALSE,""
"reference","man/expr_list_gather.Rd",1,29,"pl$col(""a"")","list","polars_expr",212,TRUE,"offered",TRUE,FALSE,FALSE,""
"reference","man/expr_list_gather.Rd",1,29,"pl","col","pl",103,TRUE,"offered",TRUE,FALSE,FALSE,""
"reference","man/expr_list_gather.Rd",1,29,"df","with_columns","polars_data_frame",89,TRUE,"offered",TRUE,FALSE,FALSE,""
"reference","man/expr_list_gather.Rd",1,29,"pl$col(""a"")$list","gather","polars_namespace_expr_list",42,TRUE,"offered",TRUE,FALSE,FALSE,""
"reference","man/expr_list_gather.Rd",1,29,"pl$col(""a"")","list","polars_expr",212,TRUE,"offered",TRUE,FALSE,FALSE,""
"reference","man/expr_list_gather.Rd",1,29,"pl","col","pl",103,TRUE,"offered",TRUE,FALSE,FALSE,""
"reference","man/expr_list_gather.Rd",1,29,"df","with_columns","polars_data_frame",89,TRUE,"offered",TRUE,FALSE,FALSE,""
"reference","man/expr_list_gather.Rd",1,29,"pl$col(""a"")$list","gather","polars_namespace_expr_list",42,TRUE,"offered",TRUE,FALSE,FALSE,""
"reference","man/expr_list_gather.Rd",1,29,"pl$col(""a"")","list","polars_expr",212,TRUE,"offered",TRUE,FALSE,FALSE,""
"reference","man/expr_list_gather.Rd",1,29,"pl","col","pl",103,TRUE,"offered",TRUE,FALSE,FALSE,""
"reference","man/expr_list_gather.Rd",1,29,"pl$col(""a"")","cast","polars_expr",212,TRUE,"offered",TRUE,FALSE,FALSE,""
"reference","man/expr_list_gather.Rd",1,29,"pl","col","pl",103,TRUE,"offered",TRUE,FALSE,FALSE,""
"reference","man/expr_list_gather.Rd",1,29,"pl","List","pl",103,TRUE,"offered",TRUE,FALSE,FALSE,""
"reference","man/expr_list_gather.Rd",1,29,"pl","UInt64","pl",103,TRUE,"offered",TRUE,FALSE,FALSE,""
"reference","man/expr_list_get.Rd",1,29,"pl","DataFrame","pl",103,TRUE,"offered",TRUE,FALSE,FALSE,""
"reference","man/expr_list_get.Rd",1,29,"df","with_columns","polars_data_frame",89,TRUE,"offered",TRUE,FALSE,FALSE,""
"reference","man/expr_list_get.Rd",1,29,"pl$col(""values"")$list","get","polars_namespace_expr_list",42,TRUE,"offered",TRUE,FALSE,FALSE,""
"reference","man/expr_list_get.Rd",1,29,"pl$col(""values"")","list","polars_expr",212,TRUE,"offered",TRUE,FALSE,FALSE,""
"reference","man/expr_list_get.Rd",1,29,"pl","col","pl",103,TRUE,"offered",TRUE,FALSE,FALSE,""
"reference","man/expr_list_get.Rd",1,29,"pl$col(""values"")$list","get","polars_namespace_expr_list",42,TRUE,"offered",TRUE,FALSE,FALSE,""
"reference","man/expr_list_get.Rd",1,29,"pl$col(""values"")","list","polars_expr",212,TRUE,"offered",TRUE,FALSE,FALSE,""
"reference","man/expr_list_get.Rd",1,29,"pl","col","pl",103,TRUE,"offered",TRUE,FALSE,FALSE,""
"reference","man/expr_list_get.Rd",1,29,"pl$col(""values"")$list","get","polars_namespace_expr_list",42,TRUE,"offered",TRUE,FALSE,FALSE,""
"reference","man/expr_list_get.Rd",1,29,"pl$col(""values"")","list","polars_expr",212,TRUE,"offered",TRUE,FALSE,FALSE,""
"reference","man/expr_list_get.Rd",1,29,"pl","col","pl",103,TRUE,"offered",TRUE,FALSE,FALSE,""
"reference","man/expr_list_get.Rd",1,29,"pl$col(""values"")$list","get","polars_namespace_expr_list",42,TRUE,"offered",TRUE,FALSE,FALSE,""
"reference","man/expr_list_get.Rd",1,29,"pl$col(""values"")","list","polars_expr",212,TRUE,"offered",TRUE,FALSE,FALSE,""
"reference","man/expr_list_get.Rd",1,29,"pl","col","pl",103,TRUE,"offered",TRUE,FALSE,FALSE,""
"reference","man/expr_list_head.Rd",1,19,"pl","DataFrame","pl",103,TRUE,"offered",TRUE,FALSE,FALSE,""
"reference","man/expr_list_head.Rd",1,19,"df","with_columns","polars_data_frame",89,TRUE,"offered",TRUE,FALSE,FALSE,""
"reference","man/expr_list_head.Rd",1,19,"pl$col(""s"")$list","head","polars_namespace_expr_list",42,TRUE,"offered",TRUE,FALSE,FALSE,""
"reference","man/expr_list_head.Rd",1,19,"pl$col(""s"")","list","polars_expr",212,TRUE,"offered",TRUE,FALSE,FALSE,""
"reference","man/expr_list_head.Rd",1,19,"pl","col","pl",103,TRUE,"offered",TRUE,FALSE,FALSE,""
"reference","man/expr_list_head.Rd",1,19,"pl$col(""s"")$list","head","polars_namespace_expr_list",42,TRUE,"offered",TRUE,FALSE,FALSE,""
"reference","man/expr_list_head.Rd",1,19,"pl$col(""s"")","list","polars_expr",212,TRUE,"offered",TRUE,FALSE,FALSE,""
"reference","man/expr_list_head.Rd",1,19,"pl","col","pl",103,TRUE,"offered",TRUE,FALSE,FALSE,""
"reference","man/expr_list_join.Rd",1,29,"pl","DataFrame","pl",103,TRUE,"offered",TRUE,FALSE,FALSE,""
"reference","man/expr_list_join.Rd",1,29,"df","with_columns","polars_data_frame",89,TRUE,"offered",TRUE,FALSE,FALSE,""
"reference","man/expr_list_join.Rd",1,29,"pl$col(""s"")$list","join","polars_namespace_expr_list",42,TRUE,"offered",TRUE,FALSE,FALSE,""
"reference","man/expr_list_join.Rd",1,29,"pl$col(""s"")","list","polars_expr",212,TRUE,"offered",TRUE,FALSE,FALSE,""
"reference","man/expr_list_join.Rd",1,29,"pl","col","pl",103,TRUE,"offered",TRUE,FALSE,FALSE,""
"reference","man/expr_list_join.Rd",1,29,"pl","col","pl",103,TRUE,"offered",TRUE,FALSE,FALSE,""
"reference","man/expr_list_join.Rd",1,29,"pl$col(""s"")$list","join","polars_namespace_expr_list",42,TRUE,"offered",TRUE,FALSE,FALSE,""
"reference","man/expr_list_join.Rd",1,29,"pl$col(""s"")","list","polars_expr",212,TRUE,"offered",TRUE,FALSE,FALSE,""
"reference","man/expr_list_join.Rd",1,29,"pl","col","pl",103,TRUE,"offered",TRUE,FALSE,FALSE,""
"reference","man/expr_list_join.Rd",1,29,"pl$col(""s"")$list","join","polars_namespace_expr_list",42,TRUE,"offered",TRUE,FALSE,FALSE,""
"reference","man/expr_list_join.Rd",1,29,"pl$col(""s"")","list","polars_expr",212,TRUE,"offered",TRUE,FALSE,FALSE,""
"reference","man/expr_list_join.Rd",1,29,"pl","col","pl",103,TRUE,"offered",TRUE,FALSE,FALSE,""
"reference","man/expr_list_last.Rd",1,15,"pl","DataFrame","pl",103,TRUE,"offered",TRUE,FALSE,FALSE,""
"reference","man/expr_list_last.Rd",1,15,"df","with_columns","polars_data_frame",89,TRUE,"offered",TRUE,FALSE,FALSE,""
"reference","man/expr_list_last.Rd",1,15,"pl$col(""a"")$list","last","polars_namespace_expr_list",42,TRUE,"offered",TRUE,FALSE,FALSE,""
"reference","man/expr_list_last.Rd",1,15,"pl$col(""a"")","list","polars_expr",212,TRUE,"offered",TRUE,FALSE,FALSE,""
"reference","man/expr_list_last.Rd",1,15,"pl","col","pl",103,TRUE,"offered",TRUE,FALSE,FALSE,""
"reference","man/expr_list_len.Rd",1,15,"pl","DataFrame","pl",103,TRUE,"offered",TRUE,FALSE,FALSE,""
"reference","man/expr_list_len.Rd",1,15,"df","with_columns","polars_data_frame",89,TRUE,"offered",TRUE,FALSE,FALSE,""
"reference","man/expr_list_len.Rd",1,15,"pl$col(""list_of_strs"")$list","len","polars_namespace_expr_list",42,TRUE,"offered",TRUE,FALSE,FALSE,""
"reference","man/expr_list_len.Rd",1,15,"pl$col(""list_of_strs"")","list","polars_expr",212,TRUE,"offered",TRUE,FALSE,FALSE,""
"reference","man/expr_list_len.Rd",1,15,"pl","col","pl",103,TRUE,"offered",TRUE,FALSE,FALSE,""
"reference","man/expr_list_max.Rd",1,15,"pl","DataFrame","pl",103,TRUE,"offered",TRUE,FALSE,FALSE,""
"reference","man/expr_list_max.Rd",1,15,"df","with_columns","polars_data_frame",89,TRUE,"offered",TRUE,FALSE,FALSE,""
"reference","man/expr_list_max.Rd",1,15,"pl$col(""values"")$list","max","polars_namespace_expr_list",42,TRUE,"offered",TRUE,FALSE,FALSE,""
"reference","man/expr_list_max.Rd",1,15,"pl$col(""values"")","list","polars_expr",212,TRUE,"offered",TRUE,FALSE,FALSE,""
"reference","man/expr_list_max.Rd",1,15,"pl","col","pl",103,TRUE,"offered",TRUE,FALSE,FALSE,""
"reference","man/expr_list_mean.Rd",1,15,"pl","DataFrame","pl",103,TRUE,"offered",TRUE,FALSE,FALSE,""
"reference","man/expr_list_mean.Rd",1,15,"df","with_columns","polars_data_frame",89,TRUE,"offered",TRUE,FALSE,FALSE,""
"reference","man/expr_list_mean.Rd",1,15,"pl$col(""values"")$list","mean","polars_namespace_expr_list",42,TRUE,"offered",TRUE,FALSE,FALSE,""
"reference","man/expr_list_mean.Rd",1,15,"pl$col(""values"")","list","polars_expr",212,TRUE,"offered",TRUE,FALSE,FALSE,""
"reference","man/expr_list_mean.Rd",1,15,"pl","col","pl",103,TRUE,"offered",TRUE,FALSE,FALSE,""
"reference","man/expr_list_median.Rd",1,15,"pl","DataFrame","pl",103,TRUE,"offered",TRUE,FALSE,FALSE,""
"reference","man/expr_list_median.Rd",1,15,"df","with_columns","polars_data_frame",89,TRUE,"offered",TRUE,FALSE,FALSE,""
"reference","man/expr_list_median.Rd",1,15,"pl$col(""values"")$list","median","polars_namespace_expr_list",42,TRUE,"offered",TRUE,FALSE,FALSE,""
"reference","man/expr_list_median.Rd",1,15,"pl$col(""values"")","list","polars_expr",212,TRUE,"offered",TRUE,FALSE,FALSE,""
"reference","man/expr_list_median.Rd",1,15,"pl","col","pl",103,TRUE,"offered",TRUE,FALSE,FALSE,""
"reference","man/expr_list_min.Rd",1,15,"pl","DataFrame","pl",103,TRUE,"offered",TRUE,FALSE,FALSE,""
"reference","man/expr_list_min.Rd",1,15,"df","with_columns","polars_data_frame",89,TRUE,"offered",TRUE,FALSE,FALSE,""
"reference","man/expr_list_min.Rd",1,15,"pl$col(""values"")$list","min","polars_namespace_expr_list",42,TRUE,"offered",TRUE,FALSE,FALSE,""
"reference","man/expr_list_min.Rd",1,15,"pl$col(""values"")","list","polars_expr",212,TRUE,"offered",TRUE,FALSE,FALSE,""
"reference","man/expr_list_min.Rd",1,15,"pl","col","pl",103,TRUE,"offered",TRUE,FALSE,FALSE,""
"reference","man/expr_list_n_unique.Rd",1,15,"pl","DataFrame","pl",103,TRUE,"offered",TRUE,FALSE,FALSE,""
"reference","man/expr_list_n_unique.Rd",1,15,"df","with_columns","polars_data_frame",89,TRUE,"offered",TRUE,FALSE,FALSE,""
"reference","man/expr_list_n_unique.Rd",1,15,"pl$col(""values"")$list","n_unique","polars_namespace_expr_list",42,TRUE,"offered",TRUE,FALSE,FALSE,""
"reference","man/expr_list_n_unique.Rd",1,15,"pl$col(""values"")","list","polars_expr",212,TRUE,"offered",TRUE,FALSE,FALSE,""
"reference","man/expr_list_n_unique.Rd",1,15,"pl","col","pl",103,TRUE,"offered",TRUE,FALSE,FALSE,""
"reference","man/expr_list_reverse.Rd",1,15,"pl","DataFrame","pl",103,TRUE,"offered",TRUE,FALSE,FALSE,""
"reference","man/expr_list_reverse.Rd",1,15,"df","with_columns","polars_data_frame",89,TRUE,"offered",TRUE,FALSE,FALSE,""
"reference","man/expr_list_reverse.Rd",1,15,"pl$col(""values"")$list","reverse","polars_namespace_expr_list",42,TRUE,"offered",TRUE,FALSE,FALSE,""
"reference","man/expr_list_reverse.Rd",1,15,"pl$col(""values"")","list","polars_expr",212,TRUE,"offered",TRUE,FALSE,FALSE,""
"reference","man/expr_list_reverse.Rd",1,15,"pl","col","pl",103,TRUE,"offered",TRUE,FALSE,FALSE,""
"reference","man/expr_list_sample.Rd",1,41,"pl","DataFrame","pl",103,TRUE,"offered",TRUE,FALSE,FALSE,""
"reference","man/expr_list_sample.Rd",1,41,"df","with_columns","polars_data_frame",89,TRUE,"offered",TRUE,FALSE,FALSE,""
"reference","man/expr_list_sample.Rd",1,41,"pl$col(""values"")$list","sample","polars_namespace_expr_list",42,TRUE,"offered",TRUE,FALSE,FALSE,""
"reference","man/expr_list_sample.Rd",1,41,"pl$col(""values"")","list","polars_expr",212,TRUE,"offered",TRUE,FALSE,FALSE,""
"reference","man/expr_list_sample.Rd",1,41,"pl","col","pl",103,TRUE,"offered",TRUE,FALSE,FALSE,""
"reference","man/expr_list_sample.Rd",1,41,"pl","col","pl",103,TRUE,"offered",TRUE,FALSE,FALSE,""
"reference","man/expr_list_set_difference.Rd",1,28,"pl","DataFrame","pl",103,TRUE,"offered",TRUE,FALSE,FALSE,""
"reference","man/expr_list_set_difference.Rd",1,28,"df","with_columns","polars_data_frame",89,TRUE,"offered",TRUE,FALSE,FALSE,""
"reference","man/expr_list_set_difference.Rd",1,28,"pl$col(""a"")$list","set_difference","polars_namespace_expr_list",42,TRUE,"offered",TRUE,FALSE,FALSE,""
"reference","man/expr_list_set_difference.Rd",1,28,"pl$col(""a"")","list","polars_expr",212,TRUE,"offered",TRUE,FALSE,FALSE,""
"reference","man/expr_list_set_difference.Rd",1,28,"pl","col","pl",103,TRUE,"offered",TRUE,FALSE,FALSE,""
"reference","man/expr_list_set_intersection.Rd",1,25,"pl","DataFrame","pl",103,TRUE,"offered",TRUE,FALSE,FALSE,""
"reference","man/expr_list_set_intersection.Rd",1,25,"df","with_columns","polars_data_frame",89,TRUE,"offered",TRUE,FALSE,FALSE,""
"reference","man/expr_list_set_intersection.Rd",1,25,"pl$col(""a"")$list","set_intersection","polars_namespace_expr_list",42,TRUE,"offered",TRUE,FALSE,FALSE,""
"reference","man/expr_list_set_intersection.Rd",1,25,"pl$col(""a"")","list","polars_expr",212,TRUE,"offered",TRUE,FALSE,FALSE,""
"reference","man/expr_list_set_intersection.Rd",1,25,"pl","col","pl",103,TRUE,"offered",TRUE,FALSE,FALSE,""
"reference","man/expr_list_set_symmetric_difference.Rd",1,27,"pl","DataFrame","pl",103,TRUE,"offered",TRUE,FALSE,FALSE,""
"reference","man/expr_list_set_symmetric_difference.Rd",1,27,"df","with_columns","polars_data_frame",89,TRUE,"offered",TRUE,FALSE,FALSE,""
"reference","man/expr_list_set_symmetric_difference.Rd",1,27,"pl$col(""a"")$list","set_symmetric_difference","polars_namespace_expr_list",42,TRUE,"offered",TRUE,FALSE,FALSE,""
"reference","man/expr_list_set_symmetric_difference.Rd",1,27,"pl$col(""a"")","list","polars_expr",212,TRUE,"offered",TRUE,FALSE,FALSE,""
"reference","man/expr_list_set_symmetric_difference.Rd",1,27,"pl","col","pl",103,TRUE,"offered",TRUE,FALSE,FALSE,""
"reference","man/expr_list_set_union.Rd",1,25,"pl","DataFrame","pl",103,TRUE,"offered",TRUE,FALSE,FALSE,""
"reference","man/expr_list_set_union.Rd",1,25,"df","with_columns","polars_data_frame",89,TRUE,"offered",TRUE,FALSE,FALSE,""
"reference","man/expr_list_set_union.Rd",1,25,"pl$col(""a"")$list","set_union","polars_namespace_expr_list",42,TRUE,"offered",TRUE,FALSE,FALSE,""
"reference","man/expr_list_set_union.Rd",1,25,"pl$col(""a"")","list","polars_expr",212,TRUE,"offered",TRUE,FALSE,FALSE,""
"reference","man/expr_list_set_union.Rd",1,25,"pl","col","pl",103,TRUE,"offered",TRUE,FALSE,FALSE,""
"reference","man/expr_list_shift.Rd",1,19,"pl","DataFrame","pl",103,TRUE,"offered",TRUE,FALSE,FALSE,""
"reference","man/expr_list_shift.Rd",1,19,"df","with_columns","polars_data_frame",89,TRUE,"offered",TRUE,FALSE,FALSE,""
"reference","man/expr_list_shift.Rd",1,19,"pl$col(""s"")$list","shift","polars_namespace_expr_list",42,TRUE,"offered",TRUE,FALSE,FALSE,""
"reference","man/expr_list_shift.Rd",1,19,"pl$col(""s"")","list","polars_expr",212,TRUE,"offered",TRUE,FALSE,FALSE,""
"reference","man/expr_list_shift.Rd",1,19,"pl","col","pl",103,TRUE,"offered",TRUE,FALSE,FALSE,""
"reference","man/expr_list_shift.Rd",1,19,"pl","col","pl",103,TRUE,"offered",TRUE,FALSE,FALSE,""
"reference","man/expr_list_shift.Rd",1,19,"pl$col(""s"")$list","shift","polars_namespace_expr_list",42,TRUE,"offered",TRUE,FALSE,FALSE,""
"reference","man/expr_list_shift.Rd",1,19,"pl$col(""s"")","list","polars_expr",212,TRUE,"offered",TRUE,FALSE,FALSE,""
"reference","man/expr_list_shift.Rd",1,19,"pl","col","pl",103,TRUE,"offered",TRUE,FALSE,FALSE,""
"reference","man/expr_list_shift.Rd",1,19,"pl$col(""s"")$list","shift","polars_namespace_expr_list",42,TRUE,"offered",TRUE,FALSE,FALSE,""
"reference","man/expr_list_shift.Rd",1,19,"pl$col(""s"")","list","polars_expr",212,TRUE,"offered",TRUE,FALSE,FALSE,""
"reference","man/expr_list_shift.Rd",1,19,"pl","col","pl",103,TRUE,"offered",TRUE,FALSE,FALSE,""
"reference","man/expr_list_slice.Rd",1,24,"pl","DataFrame","pl",103,TRUE,"offered",TRUE,FALSE,FALSE,""
"reference","man/expr_list_slice.Rd",1,24,"df","with_columns","polars_data_frame",89,TRUE,"offered",TRUE,FALSE,FALSE,""
"reference","man/expr_list_slice.Rd",1,24,"pl$col(""s"")$list","slice","polars_namespace_expr_list",42,TRUE,"offered",TRUE,FALSE,FALSE,""
"reference","man/expr_list_slice.Rd",1,24,"pl$col(""s"")","list","polars_expr",212,TRUE,"offered",TRUE,FALSE,FALSE,""
"reference","man/expr_list_slice.Rd",1,24,"pl","col","pl",103,TRUE,"offered",TRUE,FALSE,FALSE,""
"reference","man/expr_list_slice.Rd",1,24,"pl$col(""s"")$list","slice","polars_namespace_expr_list",42,TRUE,"offered",TRUE,FALSE,FALSE,""
"reference","man/expr_list_slice.Rd",1,24,"pl$col(""s"")","list","polars_expr",212,TRUE,"offered",TRUE,FALSE,FALSE,""
"reference","man/expr_list_slice.Rd",1,24,"pl","col","pl",103,TRUE,"offered",TRUE,FALSE,FALSE,""
"reference","man/expr_list_sort.Rd",1,22,"pl","DataFrame","pl",103,TRUE,"offered",TRUE,FALSE,FALSE,""
"reference","man/expr_list_sort.Rd",1,22,"df","with_columns","polars_data_frame",89,TRUE,"offered",TRUE,FALSE,FALSE,""
"reference","man/expr_list_sort.Rd",1,22,"pl$col(""values"")$list","sort","polars_namespace_expr_list",42,TRUE,"offered",TRUE,FALSE,FALSE,""
"reference","man/expr_list_sort.Rd",1,22,"pl$col(""values"")","list","polars_expr",212,TRUE,"offered",TRUE,FALSE,FALSE,""
"reference","man/expr_list_sort.Rd",1,22,"pl","col","pl",103,TRUE,"offered",TRUE,FALSE,FALSE,""
"reference","man/expr_list_std.Rd",1,20,"pl","DataFrame","pl",103,TRUE,"offered",TRUE,FALSE,FALSE,""
"reference","man/expr_list_std.Rd",1,20,"df","with_columns","polars_data_frame",89,TRUE,"offered",TRUE,FALSE,FALSE,""
"reference","man/expr_list_std.Rd",1,20,"pl$col(""values"")$list","std","polars_namespace_expr_list",42,TRUE,"offered",TRUE,FALSE,FALSE,""
"reference","man/expr_list_std.Rd",1,20,"pl$col(""values"")","list","polars_expr",212,TRUE,"offered",TRUE,FALSE,FALSE,""
"reference","man/expr_list_std.Rd",1,20,"pl","col","pl",103,TRUE,"offered",TRUE,FALSE,FALSE,""
"reference","man/expr_list_sum.Rd",1,15,"pl","DataFrame","pl",103,TRUE,"offered",TRUE,FALSE,FALSE,""
"reference","man/expr_list_sum.Rd",1,15,"df","with_columns","polars_data_frame",89,TRUE,"offered",TRUE,FALSE,FALSE,""
"reference","man/expr_list_sum.Rd",1,15,"pl$col(""values"")$list","sum","polars_namespace_expr_list",42,TRUE,"offered",TRUE,FALSE,FALSE,""
"reference","man/expr_list_sum.Rd",1,15,"pl$col(""values"")","list","polars_expr",212,TRUE,"offered",TRUE,FALSE,FALSE,""
"reference","man/expr_list_sum.Rd",1,15,"pl","col","pl",103,TRUE,"offered",TRUE,FALSE,FALSE,""
"reference","man/expr_list_tail.Rd",1,19,"pl","DataFrame","pl",103,TRUE,"offered",TRUE,FALSE,FALSE,""
"reference","man/expr_list_tail.Rd",1,19,"df","with_columns","polars_data_frame",89,TRUE,"offered",TRUE,FALSE,FALSE,""
"reference","man/expr_list_tail.Rd",1,19,"pl$col(""s"")$list","tail","polars_namespace_expr_list",42,TRUE,"offered",TRUE,FALSE,FALSE,""
"reference","man/expr_list_tail.Rd",1,19,"pl$col(""s"")","list","polars_expr",212,TRUE,"offered",TRUE,FALSE,FALSE,""
"reference","man/expr_list_tail.Rd",1,19,"pl","col","pl",103,TRUE,"offered",TRUE,FALSE,FALSE,""
"reference","man/expr_list_tail.Rd",1,19,"pl$col(""s"")$list","tail","polars_namespace_expr_list",42,TRUE,"offered",TRUE,FALSE,FALSE,""
"reference","man/expr_list_tail.Rd",1,19,"pl$col(""s"")","list","polars_expr",212,TRUE,"offered",TRUE,FALSE,FALSE,""
"reference","man/expr_list_tail.Rd",1,19,"pl","col","pl",103,TRUE,"offered",TRUE,FALSE,FALSE,""
"reference","man/expr_list_to_array.Rd",1,18,"pl","DataFrame","pl",103,TRUE,"offered",TRUE,FALSE,FALSE,""
"reference","man/expr_list_to_array.Rd",1,18,"df","with_columns","polars_data_frame",89,TRUE,"offered",TRUE,FALSE,FALSE,""
"reference","man/expr_list_to_array.Rd",1,18,"pl$col(""values"")$list","to_array","polars_namespace_expr_list",42,TRUE,"offered",TRUE,FALSE,FALSE,""
"reference","man/expr_list_to_array.Rd",1,18,"pl$col(""values"")","list","polars_expr",212,TRUE,"offered",TRUE,FALSE,FALSE,""
"reference","man/expr_list_to_array.Rd",1,18,"pl","col","pl",103,TRUE,"offered",TRUE,FALSE,FALSE,""
"reference","man/expr_list_to_struct.Rd",1,21,"pl","DataFrame","pl",103,TRUE,"offered",TRUE,FALSE,FALSE,""
"reference","man/expr_list_to_struct.Rd",1,21,"df$select(pl$col(""n"")$list$to_struct(c(""one"", ""two"", ""three"")))","unnest","polars_data_frame",89,TRUE,"offered",TRUE,FALSE,FALSE,""
"reference","man/expr_list_to_struct.Rd",1,21,"df","select","polars_data_frame",89,TRUE,"offered",TRUE,FALSE,FALSE,""
"reference","man/expr_list_to_struct.Rd",1,21,"pl$col(""n"")$list","to_struct","polars_namespace_expr_list",42,TRUE,"offered",TRUE,FALSE,FALSE,""
"reference","man/expr_list_to_struct.Rd",1,21,"pl$col(""n"")","list","polars_expr",212,TRUE,"offered",TRUE,FALSE,FALSE,""
"reference","man/expr_list_to_struct.Rd",1,21,"pl","col","pl",103,TRUE,"offered",TRUE,FALSE,FALSE,""
"reference","man/expr_list_to_struct.Rd",1,21,"df$select(pl$col(""n"")$list$to_struct(fields = c(""one"", ""two"", ""three"")))","unnest","polars_data_frame",89,TRUE,"offered",TRUE,FALSE,FALSE,""
"reference","man/expr_list_to_struct.Rd",1,21,"df","select","polars_data_frame",89,TRUE,"offered",TRUE,FALSE,FALSE,""
"reference","man/expr_list_to_struct.Rd",1,21,"pl$col(""n"")$list","to_struct","polars_namespace_expr_list",42,TRUE,"offered",TRUE,FALSE,FALSE,""
"reference","man/expr_list_to_struct.Rd",1,21,"pl$col(""n"")","list","polars_expr",212,TRUE,"offered",TRUE,FALSE,FALSE,""
"reference","man/expr_list_to_struct.Rd",1,21,"pl","col","pl",103,TRUE,"offered",TRUE,FALSE,FALSE,""
"reference","man/expr_list_unique.Rd",1,20,"pl","DataFrame","pl",103,TRUE,"offered",TRUE,FALSE,FALSE,""
"reference","man/expr_list_unique.Rd",1,20,"df","with_columns","polars_data_frame",89,TRUE,"offered",TRUE,FALSE,FALSE,""
"reference","man/expr_list_unique.Rd",1,20,"pl$col(""values"")$list","unique","polars_namespace_expr_list",42,TRUE,"offered",TRUE,FALSE,FALSE,""
"reference","man/expr_list_unique.Rd",1,20,"pl$col(""values"")","list","polars_expr",212,TRUE,"offered",TRUE,FALSE,FALSE,""
"reference","man/expr_list_unique.Rd",1,20,"pl","col","pl",103,TRUE,"offered",TRUE,FALSE,FALSE,""
"reference","man/expr_list_var.Rd",1,20,"pl","DataFrame","pl",103,TRUE,"offered",TRUE,FALSE,FALSE,""
"reference","man/expr_list_var.Rd",1,20,"df","with_columns","polars_data_frame",89,TRUE,"offered",TRUE,FALSE,FALSE,""
"reference","man/expr_list_var.Rd",1,20,"pl$col(""values"")$list","var","polars_namespace_expr_list",42,TRUE,"offered",TRUE,FALSE,FALSE,""
"reference","man/expr_list_var.Rd",1,20,"pl$col(""values"")","list","polars_expr",212,TRUE,"offered",TRUE,FALSE,FALSE,""
"reference","man/expr_list_var.Rd",1,20,"pl","col","pl",103,TRUE,"offered",TRUE,FALSE,FALSE,""
"reference","man/expr_meta_eq.Rd",1,18,"pl$col(""foo"")","alias","polars_expr",212,TRUE,"offered",TRUE,FALSE,FALSE,""
"reference","man/expr_meta_eq.Rd",1,18,"pl","col","pl",103,TRUE,"offered",TRUE,FALSE,FALSE,""
"reference","man/expr_meta_eq.Rd",1,18,"pl","col","pl",103,TRUE,"offered",TRUE,FALSE,FALSE,""
"reference","man/expr_meta_eq.Rd",1,18,"foo_bar$meta","eq","polars_namespace_expr_meta",19,TRUE,"offered",TRUE,FALSE,FALSE,""
"reference","man/expr_meta_eq.Rd",1,18,"foo_bar","meta","polars_expr",212,TRUE,"offered",TRUE,FALSE,FALSE,""
"reference","man/expr_meta_eq.Rd",1,18,"pl$col(""foo"")","alias","polars_expr",212,TRUE,"offered",TRUE,FALSE,FALSE,""
"reference","man/expr_meta_eq.Rd",1,18,"pl","col","pl",103,TRUE,"offered",TRUE,FALSE,FALSE,""
"reference","man/expr_meta_eq.Rd",1,18,"foo_bar$meta","eq","polars_namespace_expr_meta",19,TRUE,"offered",TRUE,FALSE,FALSE,""
"reference","man/expr_meta_eq.Rd",1,18,"foo_bar","meta","polars_expr",212,TRUE,"offered",TRUE,FALSE,FALSE,""
"reference","man/expr_meta_has_multiple_outputs.Rd",1,15,"pl$col(c(""a"", ""b""))$name","suffix","polars_namespace_expr_name",9,TRUE,"offered",TRUE,FALSE,FALSE,""
"reference","man/expr_meta_has_multiple_outputs.Rd",1,15,"pl$col(c(""a"", ""b""))","name","polars_expr",212,TRUE,"offered",TRUE,FALSE,FALSE,""
"reference","man/expr_meta_has_multiple_outputs.Rd",1,15,"pl","col","pl",103,TRUE,"offered",TRUE,FALSE,FALSE,""
"reference","man/expr_meta_has_multiple_outputs.Rd",1,15,"e$meta","has_multiple_outputs","polars_namespace_expr_meta",19,TRUE,"offered",TRUE,FALSE,FALSE,""
"reference","man/expr_meta_has_multiple_outputs.Rd",1,15,"e","meta","polars_expr",212,TRUE,"offered",TRUE,FALSE,FALSE,""
"reference","man/expr_meta_is_column_selection.Rd",1,23,"pl","col","pl",103,TRUE,"offered",TRUE,FALSE,FALSE,""
"reference","man/expr_meta_is_column_selection.Rd",1,23,"e$meta","is_column_selection","polars_namespace_expr_meta",19,TRUE,"offered",TRUE,FALSE,FALSE,""
"reference","man/expr_meta_is_column_selection.Rd",1,23,"e","meta","polars_expr",212,TRUE,"offered",TRUE,FALSE,FALSE,""
"reference","man/expr_meta_is_column_selection.Rd",1,23,"pl$col(""foo"")","alias","polars_expr",212,TRUE,"offered",TRUE,FALSE,FALSE,""
"reference","man/expr_meta_is_column_selection.Rd",1,23,"pl","col","pl",103,TRUE,"offered",TRUE,FALSE,FALSE,""
"reference","man/expr_meta_is_column_selection.Rd",1,23,"e$meta","is_column_selection","polars_namespace_expr_meta",19,TRUE,"offered",TRUE,FALSE,FALSE,""
"reference","man/expr_meta_is_column_selection.Rd",1,23,"e","meta","polars_expr",212,TRUE,"offered",TRUE,FALSE,FALSE,""
"reference","man/expr_meta_is_column_selection.Rd",1,23,"e$meta","is_column_selection","polars_namespace_expr_meta",19,TRUE,"offered",TRUE,FALSE,FALSE,""
"reference","man/expr_meta_is_column_selection.Rd",1,23,"e","meta","polars_expr",212,TRUE,"offered",TRUE,FALSE,FALSE,""
"reference","man/expr_meta_is_column_selection.Rd",1,23,"pl","col","pl",103,TRUE,"offered",TRUE,FALSE,FALSE,""
"reference","man/expr_meta_is_column_selection.Rd",1,23,"pl","col","pl",103,TRUE,"offered",TRUE,FALSE,FALSE,""
"reference","man/expr_meta_is_column_selection.Rd",1,23,"e$meta","is_column_selection","polars_namespace_expr_meta",19,TRUE,"offered",TRUE,FALSE,FALSE,""
"reference","man/expr_meta_is_column_selection.Rd",1,23,"e","meta","polars_expr",212,TRUE,"offered",TRUE,FALSE,FALSE,""
"reference","man/expr_meta_is_column_selection.Rd",1,23,"cs","starts_with","cs",35,TRUE,"offered",TRUE,FALSE,FALSE,""
"reference","man/expr_meta_is_column_selection.Rd",1,23,"e$meta","is_column_selection","polars_namespace_expr_meta",19,TRUE,"offered",TRUE,FALSE,FALSE,""
"reference","man/expr_meta_is_column_selection.Rd",1,23,"e","meta","polars_selector",214,TRUE,"offered",TRUE,FALSE,FALSE,""
"reference","man/expr_meta_is_column.Rd",1,15,"pl","col","pl",103,TRUE,"offered",TRUE,FALSE,FALSE,""
"reference","man/expr_meta_is_column.Rd",1,15,"e$meta","is_column","polars_namespace_expr_meta",19,TRUE,"offered",TRUE,FALSE,FALSE,""
"reference","man/expr_meta_is_column.Rd",1,15,"e","meta","polars_expr",212,TRUE,"offered",TRUE,FALSE,FALSE,""
"reference","man/expr_meta_is_column.Rd",1,15,"pl","col","pl",103,TRUE,"offered",TRUE,FALSE,FALSE,""
"reference","man/expr_meta_is_column.Rd",1,15,"pl","col","pl",103,TRUE,"offered",TRUE,FALSE,FALSE,""
"reference","man/expr_meta_is_column.Rd",1,15,"e$meta","is_column","polars_namespace_expr_meta",19,TRUE,"offered",TRUE,FALSE,FALSE,""
"reference","man/expr_meta_is_column.Rd",1,15,"e","meta","polars_expr",212,TRUE,"offered",TRUE,FALSE,FALSE,""
"reference","man/expr_meta_is_column.Rd",1,15,"pl","col","pl",103,TRUE,"offered",TRUE,FALSE,FALSE,""
"reference","man/expr_meta_is_column.Rd",1,15,"e$meta","is_column","polars_namespace_expr_meta",19,TRUE,"offered",TRUE,FALSE,FALSE,""
"reference","man/expr_meta_is_column.Rd",1,15,"e","meta","polars_expr",212,TRUE,"offered",TRUE,FALSE,FALSE,""
"reference","man/expr_meta_is_literal.Rd",1,21,"pl","lit","pl",103,TRUE,"offered",TRUE,FALSE,FALSE,""
"reference","man/expr_meta_is_literal.Rd",1,21,"e$meta","is_literal","polars_namespace_expr_meta",19,TRUE,"offered",TRUE,FALSE,FALSE,""
"reference","man/expr_meta_is_literal.Rd",1,21,"e","meta","polars_expr",212,TRUE,"offered",TRUE,FALSE,FALSE,""
"reference","man/expr_meta_is_literal.Rd",1,21,"pl$lit(123)","alias","polars_expr",212,TRUE,"offered",TRUE,FALSE,FALSE,""
"reference","man/expr_meta_is_literal.Rd",1,21,"pl","lit","pl",103,TRUE,"offered",TRUE,FALSE,FALSE,""
"reference","man/expr_meta_is_literal.Rd",1,21,"e$meta","is_literal","polars_namespace_expr_meta",19,TRUE,"offered",TRUE,FALSE,FALSE,""
"reference","man/expr_meta_is_literal.Rd",1,21,"e","meta","polars_expr",212,TRUE,"offered",TRUE,FALSE,FALSE,""
"reference","man/expr_meta_is_literal.Rd",1,21,"e$meta","is_literal","polars_namespace_expr_meta",19,TRUE,"offered",TRUE,FALSE,FALSE,""
"reference","man/expr_meta_is_literal.Rd",1,21,"e","meta","polars_expr",212,TRUE,"offered",TRUE,FALSE,FALSE,""
"reference","man/expr_meta_is_regex_projection.Rd",1,15,"pl$col(""^.*$"")$name","prefix","polars_namespace_expr_name",9,TRUE,"offered",TRUE,FALSE,FALSE,""
"reference","man/expr_meta_is_regex_projection.Rd",1,15,"pl$col(""^.*$"")","name","polars_expr",212,TRUE,"offered",TRUE,FALSE,FALSE,""
"reference","man/expr_meta_is_regex_projection.Rd",1,15,"pl","col","pl",103,TRUE,"offered",TRUE,FALSE,FALSE,""
"reference","man/expr_meta_is_regex_projection.Rd",1,15,"e$meta","is_regex_projection","polars_namespace_expr_meta",19,TRUE,"offered",TRUE,FALSE,FALSE,""
"reference","man/expr_meta_is_regex_projection.Rd",1,15,"e","meta","polars_expr",212,TRUE,"offered",TRUE,FALSE,FALSE,""
"reference","man/expr_meta_ne.Rd",1,18,"pl$col(""foo"")","alias","polars_expr",212,TRUE,"offered",TRUE,FALSE,FALSE,""
"reference","man/expr_meta_ne.Rd",1,18,"pl","col","pl",103,TRUE,"offered",TRUE,FALSE,FALSE,""
"reference","man/expr_meta_ne.Rd",1,18,"pl","col","pl",103,TRUE,"offered",TRUE,FALSE,FALSE,""
"reference","man/expr_meta_ne.Rd",1,18,"foo_bar$meta","ne","polars_namespace_expr_meta",19,TRUE,"offered",TRUE,FALSE,FALSE,""
"reference","man/expr_meta_ne.Rd",1,18,"foo_bar","meta","polars_expr",212,TRUE,"offered",TRUE,FALSE,FALSE,""
"reference","man/expr_meta_ne.Rd",1,18,"pl$col(""foo"")","alias","polars_expr",212,TRUE,"offered",TRUE,FALSE,FALSE,""
"reference","man/expr_meta_ne.Rd",1,18,"pl","col","pl",103,TRUE,"offered",TRUE,FALSE,FALSE,""
"reference","man/expr_meta_ne.Rd",1,18,"foo_bar$meta","ne","polars_namespace_expr_meta",19,TRUE,"offered",TRUE,FALSE,FALSE,""
"reference","man/expr_meta_ne.Rd",1,18,"foo_bar","meta","polars_expr",212,TRUE,"offered",TRUE,FALSE,FALSE,""
"reference","man/expr_meta_output_name.Rd",1,23,"pl","col","pl",103,TRUE,"offered",TRUE,FALSE,FALSE,""
"reference","man/expr_meta_output_name.Rd",1,23,"pl","col","pl",103,TRUE,"offered",TRUE,FALSE,FALSE,""
"reference","man/expr_meta_output_name.Rd",1,23,"e$meta","output_name","polars_namespace_expr_meta",19,TRUE,"offered",TRUE,FALSE,FALSE,""
"reference","man/expr_meta_output_name.Rd",1,23,"e","meta","polars_expr",212,TRUE,"offered",TRUE,FALSE,FALSE,""
"reference","man/expr_meta_output_name.Rd",1,23,"pl$col(""foo"")","filter","polars_expr",212,TRUE,"offered",TRUE,FALSE,FALSE,""
"reference","man/expr_meta_output_name.Rd",1,23,"pl","col","pl",103,TRUE,"offered",TRUE,FALSE,FALSE,""
"reference","man/expr_meta_output_name.Rd",1,23,"pl","col","pl",103,TRUE,"offered",TRUE,FALSE,FALSE,""
"reference","man/expr_meta_output_name.Rd",1,23,"e_filter$meta","output_name","polars_namespace_expr_meta",19,TRUE,"offered",TRUE,FALSE,FALSE,""
"reference","man/expr_meta_output_name.Rd",1,23,"e_filter","meta","polars_expr",212,TRUE,"offered",TRUE,FALSE,FALSE,""
"reference","man/expr_meta_output_name.Rd",1,23,"pl$col(""foo"")$sum()","over","polars_expr",212,TRUE,"offered",TRUE,FALSE,FALSE,""
"reference","man/expr_meta_output_name.Rd",1,23,"pl$col(""foo"")","sum","polars_expr",212,TRUE,"offered",TRUE,FALSE,FALSE,""
"reference","man/expr_meta_output_name.Rd",1,23,"pl","col","pl",103,TRUE,"offered",TRUE,FALSE,FALSE,""
"reference","man/expr_meta_output_name.Rd",1,23,"e_sum_over$meta","output_name","polars_namespace_expr_meta",19,TRUE,"offered",TRUE,FALSE,FALSE,""
"reference","man/expr_meta_output_name.Rd",1,23,"e_sum_over","meta","polars_expr",212,TRUE,"offered",TRUE,FALSE,FALSE,""
"reference","man/expr_meta_output_name.Rd",1,23,"pl$col(""foo"")$sum()","slice","polars_expr",212,TRUE,"offered",TRUE,FALSE,FALSE,""
"reference","man/expr_meta_output_name.Rd",1,23,"pl$col(""foo"")","sum","polars_expr",212,TRUE,"offered",TRUE,FALSE,FALSE,""
"reference","man/expr_meta_output_name.Rd",1,23,"pl","col","pl",103,TRUE,"offered",TRUE,FALSE,FALSE,""
"reference","man/expr_meta_output_name.Rd",1,23,"pl","len","pl",103,TRUE,"offered",TRUE,FALSE,FALSE,""
"reference","man/expr_meta_output_name.Rd",1,23,"pl","col","pl",103,TRUE,"offered",TRUE,FALSE,FALSE,""
"reference","man/expr_meta_output_name.Rd",1,23,"e_sum_slice$meta","output_name","polars_namespace_expr_meta",19,TRUE,"offered",TRUE,FALSE,FALSE,""
"reference","man/expr_meta_output_name.Rd",1,23,"e_sum_slice","meta","polars_expr",212,TRUE,"offered",TRUE,FALSE,FALSE,""
"reference","man/expr_meta_output_name.Rd",1,23,"pl$len()$meta","output_name","polars_namespace_expr_meta",19,TRUE,"offered",TRUE,FALSE,FALSE,""
"reference","man/expr_meta_output_name.Rd",1,23,"pl$len()","meta","polars_expr",212,TRUE,"offered",TRUE,FALSE,FALSE,""
"reference","man/expr_meta_output_name.Rd",1,23,"pl","len","pl",103,TRUE,"offered",TRUE,FALSE,FALSE,""
"reference","man/expr_meta_pop.Rd",1,21,"pl","col","pl",103,TRUE,"offered",TRUE,FALSE,FALSE,""
"reference","man/expr_meta_pop.Rd",1,21,"pl","col","pl",103,TRUE,"offered",TRUE,FALSE,FALSE,""
"reference","man/expr_meta_pop.Rd",1,21,"e$meta","pop","polars_namespace_expr_meta",19,TRUE,"offered",TRUE,FALSE,FALSE,""
"reference","man/expr_meta_pop.Rd",1,21,"e","meta","polars_expr",212,TRUE,"offered",TRUE,FALSE,FALSE,""
"reference","man/expr_meta_pop.Rd",1,21,"first$meta","eq","polars_namespace_expr_meta",19,TRUE,"offered",TRUE,FALSE,FALSE,""
"reference","man/expr_meta_pop.Rd",1,21,"first","meta","polars_expr",212,TRUE,"offered",TRUE,FALSE,FALSE,""
"reference","man/expr_meta_pop.Rd",1,21,"pl","col","pl",103,TRUE,"offered",TRUE,FALSE,FALSE,""
"reference","man/expr_meta_pop.Rd",1,21,"first$meta","eq","polars_namespace_expr_meta",19,TRUE,"offered",TRUE,FALSE,FALSE,""
"reference","man/expr_meta_pop.Rd",1,21,"first","meta","polars_expr",212,TRUE,"offered",TRUE,FALSE,FALSE,""
"reference","man/expr_meta_pop.Rd",1,21,"pl","col","pl",103,TRUE,"offered",TRUE,FALSE,FALSE,""
"reference","man/expr_meta_root_names.Rd",1,15,"pl","col","pl",103,TRUE,"offered",TRUE,FALSE,FALSE,""
"reference","man/expr_meta_root_names.Rd",1,15,"pl","col","pl",103,TRUE,"offered",TRUE,FALSE,FALSE,""
"reference","man/expr_meta_root_names.Rd",1,15,"e$meta","root_names","polars_namespace_expr_meta",19,TRUE,"offered",TRUE,FALSE,FALSE,""
"reference","man/expr_meta_root_names.Rd",1,15,"e","meta","polars_expr",212,TRUE,"offered",TRUE,FALSE,FALSE,""
"reference","man/expr_meta_root_names.Rd",1,15,"pl$col(""foo"")","filter","polars_expr",212,TRUE,"offered",TRUE,FALSE,FALSE,""
"reference","man/expr_meta_root_names.Rd",1,15,"pl","col","pl",103,TRUE,"offered",TRUE,FALSE,FALSE,""
"reference","man/expr_meta_root_names.Rd",1,15,"pl","col","pl",103,TRUE,"offered",TRUE,FALSE,FALSE,""
"reference","man/expr_meta_root_names.Rd",1,15,"e_filter$meta","root_names","polars_namespace_expr_meta",19,TRUE,"offered",TRUE,FALSE,FALSE,""
"reference","man/expr_meta_root_names.Rd",1,15,"e_filter","meta","polars_expr",212,TRUE,"offered",TRUE,FALSE,FALSE,""
"reference","man/expr_meta_root_names.Rd",1,15,"pl$sum(""foo"")","over","polars_expr",212,TRUE,"offered",TRUE,FALSE,FALSE,""
"reference","man/expr_meta_root_names.Rd",1,15,"pl","sum","pl",103,TRUE,"offered",TRUE,FALSE,FALSE,""
"reference","man/expr_meta_root_names.Rd",1,15,"e_sum_over$meta","root_names","polars_namespace_expr_meta",19,TRUE,"offered",TRUE,FALSE,FALSE,""
"reference","man/expr_meta_root_names.Rd",1,15,"e_sum_over","meta","polars_expr",212,TRUE,"offered",TRUE,FALSE,FALSE,""
"reference","man/expr_meta_root_names.Rd",1,15,"pl$sum(""foo"")","slice","polars_expr",212,TRUE,"offered",TRUE,FALSE,FALSE,""
"reference","man/expr_meta_root_names.Rd",1,15,"pl","sum","pl",103,TRUE,"offered",TRUE,FALSE,FALSE,""
"reference","man/expr_meta_root_names.Rd",1,15,"pl","len","pl",103,TRUE,"offered",TRUE,FALSE,FALSE,""
"reference","man/expr_meta_root_names.Rd",1,15,"pl","col","pl",103,TRUE,"offered",TRUE,FALSE,FALSE,""
"reference","man/expr_meta_root_names.Rd",1,15,"e_sum_slice$meta","root_names","polars_namespace_expr_meta",19,TRUE,"offered",TRUE,FALSE,FALSE,""
"reference","man/expr_meta_root_names.Rd",1,15,"e_sum_slice","meta","polars_expr",212,TRUE,"offered",TRUE,FALSE,FALSE,""
"reference","man/expr_meta_serialize.Rd",1,28,"pl$col(""foo"")$sum()","over","polars_expr",212,TRUE,"offered",TRUE,FALSE,TRUE,""
"reference","man/expr_meta_serialize.Rd",1,28,"pl$col(""foo"")","sum","polars_expr",212,TRUE,"offered",TRUE,FALSE,TRUE,""
"reference","man/expr_meta_serialize.Rd",1,28,"pl","col","pl",103,TRUE,"offered",TRUE,FALSE,TRUE,""
"reference","man/expr_meta_serialize.Rd",1,28,"expr$meta","serialize","polars_namespace_expr_meta",19,TRUE,"offered",TRUE,FALSE,TRUE,""
"reference","man/expr_meta_serialize.Rd",1,28,"expr","meta","polars_expr",212,TRUE,"offered",TRUE,FALSE,TRUE,""
"reference","man/expr_meta_serialize.Rd",1,28,"pl","deserialize_expr","pl",103,TRUE,"offered",TRUE,FALSE,TRUE,""
"reference","man/expr_meta_serialize.Rd",1,28,"expr$meta","serialize","polars_namespace_expr_meta",19,TRUE,"offered",TRUE,FALSE,TRUE,""
"reference","man/expr_meta_serialize.Rd",1,28,"expr","meta","polars_expr",212,TRUE,"offered",TRUE,FALSE,TRUE,""
"reference","man/expr_meta_tree_format.Rd",1,26,"(pl$col(""foo"") * pl$col(""bar""))$sum()","over","polars_expr",212,TRUE,"offered",TRUE,FALSE,FALSE,""
"reference","man/expr_meta_tree_format.Rd",1,26,"(pl$col(""foo"") * pl$col(""bar""))","sum","polars_expr",212,TRUE,"offered",TRUE,FALSE,FALSE,""
"reference","man/expr_meta_tree_format.Rd",1,26,"pl","col","pl",103,TRUE,"offered",TRUE,FALSE,FALSE,""
"reference","man/expr_meta_tree_format.Rd",1,26,"pl","col","pl",103,TRUE,"offered",TRUE,FALSE,FALSE,""
"reference","man/expr_meta_tree_format.Rd",1,26,"pl","col","pl",103,TRUE,"offered",TRUE,FALSE,FALSE,""
"reference","man/expr_meta_tree_format.Rd",1,26,"my_expr$meta","tree_format","polars_namespace_expr_meta",19,TRUE,"offered",TRUE,FALSE,FALSE,""
"reference","man/expr_meta_tree_format.Rd",1,26,"my_expr","meta","polars_expr",212,TRUE,"offered",TRUE,FALSE,FALSE,""
"reference","man/expr_meta_tree_format.Rd",1,26,"my_expr$meta","tree_format","polars_namespace_expr_meta",19,TRUE,"offered",TRUE,FALSE,FALSE,""
"reference","man/expr_meta_tree_format.Rd",1,26,"my_expr","meta","polars_expr",212,TRUE,"offered",TRUE,FALSE,FALSE,""
"reference","man/expr_meta_undo_aliases.Rd",1,15,"pl$col(""foo"")","alias","polars_expr",212,TRUE,"offered",TRUE,FALSE,FALSE,""
"reference","man/expr_meta_undo_aliases.Rd",1,15,"pl","col","pl",103,TRUE,"offered",TRUE,FALSE,FALSE,""
"reference","man/expr_meta_undo_aliases.Rd",1,15,"e$meta$undo_aliases()$meta","eq","polars_namespace_expr_meta",19,TRUE,"offered",TRUE,FALSE,FALSE,""
"reference","man/expr_meta_undo_aliases.Rd",1,15,"e$meta$undo_aliases()","meta","polars_expr",212,TRUE,"offered",TRUE,FALSE,FALSE,""
"reference","man/expr_meta_undo_aliases.Rd",1,15,"e$meta","undo_aliases","polars_namespace_expr_meta",19,TRUE,"offered",TRUE,FALSE,FALSE,""
"reference","man/expr_meta_undo_aliases.Rd",1,15,"e","meta","polars_expr",212,TRUE,"offered",TRUE,FALSE,FALSE,""
"reference","man/expr_meta_undo_aliases.Rd",1,15,"pl","col","pl",103,TRUE,"offered",TRUE,FALSE,FALSE,""
"reference","man/expr_meta_undo_aliases.Rd",1,15,"pl$col(""foo"")$sum()","over","polars_expr",212,TRUE,"offered",TRUE,FALSE,FALSE,""
"reference","man/expr_meta_undo_aliases.Rd",1,15,"pl$col(""foo"")","sum","polars_expr",212,TRUE,"offered",TRUE,FALSE,FALSE,""
"reference","man/expr_meta_undo_aliases.Rd",1,15,"pl","col","pl",103,TRUE,"offered",TRUE,FALSE,FALSE,""
"reference","man/expr_meta_undo_aliases.Rd",1,15,"e$name$keep()$meta$undo_aliases()$meta","eq","polars_namespace_expr_meta",19,TRUE,"offered",TRUE,FALSE,FALSE,""
"reference","man/expr_meta_undo_aliases.Rd",1,15,"e$name$keep()$meta$undo_aliases()","meta","polars_expr",212,TRUE,"offered",TRUE,FALSE,FALSE,""
"reference","man/expr_meta_undo_aliases.Rd",1,15,"e$name$keep()$meta","undo_aliases","polars_namespace_expr_meta",19,TRUE,"offered",TRUE,FALSE,FALSE,""
"reference","man/expr_meta_undo_aliases.Rd",1,15,"e$name$keep()","meta","polars_expr",212,TRUE,"offered",TRUE,FALSE,FALSE,""
"reference","man/expr_meta_undo_aliases.Rd",1,15,"e$name","keep","polars_namespace_expr_name",9,TRUE,"offered",TRUE,FALSE,FALSE,""
"reference","man/expr_meta_undo_aliases.Rd",1,15,"e","name","polars_expr",212,TRUE,"offered",TRUE,FALSE,FALSE,""
"reference","man/expr_name_keep.Rd",1,15,"pl","DataFrame","pl",103,TRUE,"offered",TRUE,FALSE,FALSE,""
"reference","man/expr_name_keep.Rd",1,15,"df","select","polars_data_frame",89,TRUE,"offered",TRUE,FALSE,FALSE,""
"reference","man/expr_name_keep.Rd",1,15,"pl$col(""alice"")$alias(""bob"")$name","keep","polars_namespace_expr_name",9,TRUE,"offered",TRUE,FALSE,FALSE,""
"reference","man/expr_name_keep.Rd",1,15,"pl$col(""alice"")$alias(""bob"")","name","polars_expr",212,TRUE,"offered",TRUE,FALSE,FALSE,""
"reference","man/expr_name_keep.Rd",1,15,"pl$col(""alice"")","alias","polars_expr",212,TRUE,"offered",TRUE,FALSE,FALSE,""
"reference","man/expr_name_keep.Rd",1,15,"pl","col","pl",103,TRUE,"offered",TRUE,FALSE,FALSE,""
"reference","man/expr_name_prefix_fields.Rd",1,18,"pl$DataFrame(a = 1, b = 2)","select","polars_data_frame",89,TRUE,"offered",TRUE,FALSE,FALSE,""
"reference","man/expr_name_prefix_fields.Rd",1,18,"pl","DataFrame","pl",103,TRUE,"offered",TRUE,FALSE,FALSE,""
"reference","man/expr_name_prefix_fields.Rd",1,18,"pl$struct(pl$all())","alias","polars_expr",212,TRUE,"offered",TRUE,FALSE,FALSE,""
"reference","man/expr_name_prefix_fields.Rd",1,18,"pl","struct","pl",103,TRUE,"offered",TRUE,FALSE,FALSE,""
"reference","man/expr_name_prefix_fields.Rd",1,18,"pl","all","pl",103,TRUE,"offered",TRUE,FALSE,FALSE,""
"reference","man/expr_name_prefix_fields.Rd",1,18,"df$with_columns(pl$col(""my_struct"")$name$prefix_fields(""col_""))","unnest","polars_data_frame",89,TRUE,"offered",TRUE,FALSE,FALSE,""
"reference","man/expr_name_prefix_fields.Rd",1,18,"df","with_columns","polars_data_frame",89,TRUE,"offered",TRUE,FALSE,FALSE,""
"reference","man/expr_name_prefix_fields.Rd",1,18,"pl$col(""my_struct"")$name","prefix_fields","polars_namespace_expr_name",9,TRUE,"offered",TRUE,FALSE,FALSE,""
"reference","man/expr_name_prefix_fields.Rd",1,18,"pl$col(""my_struct"")","name","polars_expr",212,TRUE,"offered",TRUE,FALSE,FALSE,""
"reference","man/expr_name_prefix_fields.Rd",1,18,"pl","col","pl",103,TRUE,"offered",TRUE,FALSE,FALSE,""
"reference","man/expr_name_prefix.Rd",1,18,"dat","select","polars_data_frame",89,TRUE,"offered",TRUE,FALSE,FALSE,""
"reference","man/expr_name_prefix.Rd",1,18,"pl","col","pl",103,TRUE,"offered",TRUE,FALSE,FALSE,""
"reference","man/expr_name_prefix.Rd",1,18,"pl$col(""mpg"")$name","prefix","polars_namespace_expr_name",9,TRUE,"offered",TRUE,FALSE,FALSE,""
"reference","man/expr_name_prefix.Rd",1,18,"pl$col(""mpg"")","name","polars_expr",212,TRUE,"offered",TRUE,FALSE,FALSE,""
"reference","man/expr_name_prefix.Rd",1,18,"pl","col","pl",103,TRUE,"offered",TRUE,FALSE,FALSE,""
"reference","man/expr_name_prefix.Rd",1,18,"pl$col(c(""cyl"", ""drat""))$name","prefix","polars_namespace_expr_name",9,TRUE,"offered",TRUE,FALSE,FALSE,""
"reference","man/expr_name_prefix.Rd",1,18,"pl$col(c(""cyl"", ""drat""))","name","polars_expr",212,TRUE,"offered",TRUE,FALSE,FALSE,""
"reference","man/expr_name_prefix.Rd",1,18,"pl","col","pl",103,TRUE,"offered",TRUE,FALSE,FALSE,""
"reference","man/expr_name_replace.Rd",1,28,"pl","DataFrame","pl",103,TRUE,"offered",TRUE,FALSE,FALSE,""
"reference","man/expr_name_replace.Rd",1,28,"df","select","polars_data_frame",89,TRUE,"offered",TRUE,FALSE,FALSE,""
"reference","man/expr_name_replace.Rd",1,28,"pl$all()$name","replace","polars_namespace_expr_name",9,TRUE,"offered",TRUE,FALSE,FALSE,""
"reference","man/expr_name_replace.Rd",1,28,"pl$all()","name","polars_expr",212,TRUE,"offered",TRUE,FALSE,FALSE,""
"reference","man/expr_name_replace.Rd",1,28,"pl","all","pl",103,TRUE,"offered",TRUE,FALSE,FALSE,""
"reference","man/expr_name_replace.Rd",1,28,"df$select(pl$all()$name$replace(""(a|e|i|o|u)"", ""@""))","schema","polars_data_frame",89,TRUE,"offered",TRUE,FALSE,FALSE,""
"reference","man/expr_name_replace.Rd",1,28,"df","select","polars_data_frame",89,TRUE,"offered",TRUE,FALSE,FALSE,""
"reference","man/expr_name_replace.Rd",1,28,"pl$all()$name","replace","polars_namespace_expr_name",9,TRUE,"offered",TRUE,FALSE,FALSE,""
"reference","man/expr_name_replace.Rd",1,28,"pl$all()","name","polars_expr",212,TRUE,"offered",TRUE,FALSE,FALSE,""
"reference","man/expr_name_replace.Rd",1,28,"pl","all","pl",103,TRUE,"offered",TRUE,FALSE,FALSE,""
"reference","man/expr_name_suffix_fields.Rd",1,18,"pl$DataFrame(a = 1, b = 2)","select","polars_data_frame",89,TRUE,"offered",TRUE,FALSE,FALSE,""
"reference","man/expr_name_suffix_fields.Rd",1,18,"pl","DataFrame","pl",103,TRUE,"offered",TRUE,FALSE,FALSE,""
"reference","man/expr_name_suffix_fields.Rd",1,18,"pl$struct(pl$all())","alias","polars_expr",212,TRUE,"offered",TRUE,FALSE,FALSE,""
"reference","man/expr_name_suffix_fields.Rd",1,18,"pl","struct","pl",103,TRUE,"offered",TRUE,FALSE,FALSE,""
"reference","man/expr_name_suffix_fields.Rd",1,18,"pl","all","pl",103,TRUE,"offered",TRUE,FALSE,FALSE,""
"reference","man/expr_name_suffix_fields.Rd",1,18,"df$with_columns(pl$col(""my_struct"")$name$suffix_fields(""_post""))","unnest","polars_data_frame",89,TRUE,"offered",TRUE,FALSE,FALSE,""
"reference","man/expr_name_suffix_fields.Rd",1,18,"df","with_columns","polars_data_frame",89,TRUE,"offered",TRUE,FALSE,FALSE,""
"reference","man/expr_name_suffix_fields.Rd",1,18,"pl$col(""my_struct"")$name","suffix_fields","polars_namespace_expr_name",9,TRUE,"offered",TRUE,FALSE,FALSE,""
"reference","man/expr_name_suffix_fields.Rd",1,18,"pl$col(""my_struct"")","name","polars_expr",212,TRUE,"offered",TRUE,FALSE,FALSE,""
"reference","man/expr_name_suffix_fields.Rd",1,18,"pl","col","pl",103,TRUE,"offered",TRUE,FALSE,FALSE,""
"reference","man/expr_name_suffix.Rd",1,18,"dat","select","polars_data_frame",89,TRUE,"offered",TRUE,FALSE,FALSE,""
"reference","man/expr_name_suffix.Rd",1,18,"pl","col","pl",103,TRUE,"offered",TRUE,FALSE,FALSE,""
"reference","man/expr_name_suffix.Rd",1,18,"pl$col(""mpg"")$name","suffix","polars_namespace_expr_name",9,TRUE,"offered",TRUE,FALSE,FALSE,""
"reference","man/expr_name_suffix.Rd",1,18,"pl$col(""mpg"")","name","polars_expr",212,TRUE,"offered",TRUE,FALSE,FALSE,""
"reference","man/expr_name_suffix.Rd",1,18,"pl","col","pl",103,TRUE,"offered",TRUE,FALSE,FALSE,""
"reference","man/expr_name_suffix.Rd",1,18,"pl$col(c(""cyl"", ""drat""))$name","suffix","polars_namespace_expr_name",9,TRUE,"offered",TRUE,FALSE,FALSE,""
"reference","man/expr_name_suffix.Rd",1,18,"pl$col(c(""cyl"", ""drat""))","name","polars_expr",212,TRUE,"offered",TRUE,FALSE,FALSE,""
"reference","man/expr_name_suffix.Rd",1,18,"pl","col","pl",103,TRUE,"offered",TRUE,FALSE,FALSE,""
"reference","man/expr_name_to_lowercase.Rd",1,16,"pl","DataFrame","pl",103,TRUE,"offered",TRUE,FALSE,FALSE,""
"reference","man/expr_name_to_lowercase.Rd",1,16,"df","select","polars_data_frame",89,TRUE,"offered",TRUE,FALSE,FALSE,""
"reference","man/expr_name_to_lowercase.Rd",1,16,"pl$all()$name","to_lowercase","polars_namespace_expr_name",9,TRUE,"offered",TRUE,FALSE,FALSE,""
"reference","man/expr_name_to_lowercase.Rd",1,16,"pl$all()","name","polars_expr",212,TRUE,"offered",TRUE,FALSE,FALSE,""
"reference","man/expr_name_to_lowercase.Rd",1,16,"pl","all","pl",103,TRUE,"offered",TRUE,FALSE,FALSE,""
"reference","man/expr_name_to_uppercase.Rd",1,16,"pl","DataFrame","pl",103,TRUE,"offered",TRUE,FALSE,FALSE,""
"reference","man/expr_name_to_uppercase.Rd",1,16,"df","select","polars_data_frame",89,TRUE,"offered",TRUE,FALSE,FALSE,""
"reference","man/expr_name_to_uppercase.Rd",1,16,"pl$all()$name","to_uppercase","polars_namespace_expr_name",9,TRUE,"offered",TRUE,FALSE,FALSE,""
"reference","man/expr_name_to_uppercase.Rd",1,16,"pl$all()","name","polars_expr",212,TRUE,"offered",TRUE,FALSE,FALSE,""
"reference","man/expr_name_to_uppercase.Rd",1,16,"pl","all","pl",103,TRUE,"offered",TRUE,FALSE,FALSE,""
"reference","man/expr_str_contains_any.Rd",1,26,"pl","DataFrame","pl",103,TRUE,"offered",TRUE,FALSE,FALSE,""
"reference","man/expr_str_contains_any.Rd",1,26,"df","with_columns","polars_data_frame",89,TRUE,"offered",TRUE,FALSE,FALSE,""
"reference","man/expr_str_contains_any.Rd",1,26,"pl$col(""lyrics"")$str","contains_any","polars_namespace_expr_str",48,TRUE,"offered",TRUE,FALSE,FALSE,""
"reference","man/expr_str_contains_any.Rd",1,26,"pl$col(""lyrics"")","str","polars_expr",212,TRUE,"offered",TRUE,FALSE,FALSE,""
"reference","man/expr_str_contains_any.Rd",1,26,"pl","col","pl",103,TRUE,"offered",TRUE,FALSE,FALSE,""
"reference","man/expr_str_contains.Rd",1,33,"pl$DataFrame(s = c(""AAA"", ""aAa"", ""aaa""))","with_columns","polars_data_frame",89,TRUE,"offered",TRUE,FALSE,FALSE,""
"reference","man/expr_str_contains.Rd",1,33,"pl","DataFrame","pl",103,TRUE,"offered",TRUE,FALSE,FALSE,""
"reference","man/expr_str_contains.Rd",1,33,"pl$col(""s"")$str","contains","polars_namespace_expr_str",48,TRUE,"offered",TRUE,FALSE,FALSE,""
"reference","man/expr_str_contains.Rd",1,33,"pl$col(""s"")","str","polars_expr",212,TRUE,"offered",TRUE,FALSE,FALSE,""
"reference","man/expr_str_contains.Rd",1,33,"pl","col","pl",103,TRUE,"offered",TRUE,FALSE,FALSE,""
"reference","man/expr_str_contains.Rd",1,33,"pl$col(""s"")$str","contains","polars_namespace_expr_str",48,TRUE,"offered",TRUE,FALSE,FALSE,""
"reference","man/expr_str_contains.Rd",1,33,"pl$col(""s"")","str","polars_expr",212,TRUE,"offered",TRUE,FALSE,FALSE,""
"reference","man/expr_str_contains.Rd",1,33,"pl","col","pl",103,TRUE,"offered",TRUE,FALSE,FALSE,""
"reference","man/expr_str_contains.Rd",1,33,"pl","DataFrame","pl",103,TRUE,"offered",TRUE,FALSE,FALSE,""
"reference","man/expr_str_contains.Rd",1,33,"df","with_columns","polars_data_frame",89,TRUE,"offered",TRUE,FALSE,FALSE,""
"reference","man/expr_str_contains.Rd",1,33,"pl$col(""txt"")$str","contains","polars_namespace_expr_str",48,TRUE,"offered",TRUE,FALSE,FALSE,""
"reference","man/expr_str_contains.Rd",1,33,"pl$col(""txt"")","str","polars_expr",212,TRUE,"offered",TRUE,FALSE,FALSE,""
"reference","man/expr_str_contains.Rd",1,33,"pl","col","pl",103,TRUE,"offered",TRUE,FALSE,FALSE,""
"reference","man/expr_str_contains.Rd",1,33,"pl$col(""txt"")$str","contains","polars_namespace_expr_str",48,TRUE,"offered",TRUE,FALSE,FALSE,""
"reference","man/expr_str_contains.Rd",1,33,"pl$col(""txt"")","str","polars_expr",212,TRUE,"offered",TRUE,FALSE,FALSE,""
"reference","man/expr_str_contains.Rd",1,33,"pl","col","pl",103,TRUE,"offered",TRUE,FALSE,FALSE,""
"reference","man/expr_str_count_matches.Rd",1,24,"pl","DataFrame","pl",103,TRUE,"offered",TRUE,FALSE,FALSE,""
"reference","man/expr_str_count_matches.Rd",1,24,"df","with_columns","polars_data_frame",89,TRUE,"offered",TRUE,FALSE,FALSE,""
"reference","man/expr_str_count_matches.Rd",1,24,"pl$col(""foo"")$str","count_matches","polars_namespace_expr_str",48,TRUE,"offered",TRUE,FALSE,FALSE,""
"reference","man/expr_str_count_matches.Rd",1,24,"pl$col(""foo"")","str","polars_expr",212,TRUE,"offered",TRUE,FALSE,FALSE,""
"reference","man/expr_str_count_matches.Rd",1,24,"pl","col","pl",103,TRUE,"offered",TRUE,FALSE,FALSE,""
"reference","man/expr_str_count_matches.Rd",1,24,"pl$col(""foo"")$str","count_matches","polars_namespace_expr_str",48,TRUE,"offered",TRUE,FALSE,FALSE,""
"reference","man/expr_str_count_matches.Rd",1,24,"pl$col(""foo"")","str","polars_expr",212,TRUE,"offered",TRUE,FALSE,FALSE,""
"reference","man/expr_str_count_matches.Rd",1,24,"pl","col","pl",103,TRUE,"offered",TRUE,FALSE,FALSE,""
"reference","man/expr_str_decode.Rd",1,23,"pl","DataFrame","pl",103,TRUE,"offered",TRUE,FALSE,FALSE,""
"reference","man/expr_str_decode.Rd",1,23,"df","select","polars_data_frame",89,TRUE,"offered",TRUE,FALSE,FALSE,""
"reference","man/expr_str_decode.Rd",1,23,"pl$col(""strings"")$str","encode","polars_namespace_expr_str",48,TRUE,"offered",TRUE,FALSE,FALSE,""
"reference","man/expr_str_decode.Rd",1,23,"pl$col(""strings"")","str","polars_expr",212,TRUE,"offered",TRUE,FALSE,FALSE,""
"reference","man/expr_str_decode.Rd",1,23,"pl","col","pl",103,TRUE,"offered",TRUE,FALSE,FALSE,""
"reference","man/expr_str_decode.Rd",1,23,"df$with_columns(pl$col(""strings"")$str$encode(""base64"")$alias(""base64""), pl$col(""strings"")$str$encode(""hex"")$alias(""hex""))","with_columns","polars_data_frame",89,TRUE,"offered",TRUE,FALSE,FALSE,""
"reference","man/expr_str_decode.Rd",1,23,"df","with_columns","polars_data_frame",89,TRUE,"offered",TRUE,FALSE,FALSE,""
"reference","man/expr_str_decode.Rd",1,23,"pl$col(""strings"")$str$encode(""base64"")","alias","polars_expr",212,TRUE,"offered",TRUE,FALSE,FALSE,""
"reference","man/expr_str_decode.Rd",1,23,"pl$col(""strings"")$str","encode","polars_namespace_expr_str",48,TRUE,"offered",TRUE,FALSE,FALSE,""
"reference","man/expr_str_decode.Rd",1,23,"pl$col(""strings"")","str","polars_expr",212,TRUE,"offered",TRUE,FALSE,FALSE,""
"reference","man/expr_str_decode.Rd",1,23,"pl","col","pl",103,TRUE,"offered",TRUE,FALSE,FALSE,""
"reference","man/expr_str_decode.Rd",1,23,"pl$col(""strings"")$str$encode(""hex"")","alias","polars_expr",212,TRUE,"offered",TRUE,FALSE,FALSE,""
"reference","man/expr_str_decode.Rd",1,23,"pl$col(""strings"")$str","encode","polars_namespace_expr_str",48,TRUE,"offered",TRUE,FALSE,FALSE,""
"reference","man/expr_str_decode.Rd",1,23,"pl$col(""strings"")","str","polars_expr",212,TRUE,"offered",TRUE,FALSE,FALSE,""
"reference","man/expr_str_decode.Rd",1,23,"pl","col","pl",103,TRUE,"offered",TRUE,FALSE,FALSE,""
"reference","man/expr_str_decode.Rd",1,23,"pl$col(""base64"")$str$decode(""base64"")$alias(""base64_decoded"")","cast","polars_expr",212,TRUE,"offered",TRUE,FALSE,FALSE,""
"reference","man/expr_str_decode.Rd",1,23,"pl$col(""base64"")$str$decode(""base64"")","alias","polars_expr",212,TRUE,"offered",TRUE,FALSE,FALSE,""
"reference","man/expr_str_decode.Rd",1,23,"pl$col(""base64"")$str","decode","polars_namespace_expr_str",48,TRUE,"offered",TRUE,FALSE,FALSE,""
"reference","man/expr_str_decode.Rd",1,23,"pl$col(""base64"")","str","polars_expr",212,TRUE,"offered",TRUE,FALSE,FALSE,""
"reference","man/expr_str_decode.Rd",1,23,"pl","col","pl",103,TRUE,"offered",TRUE,FALSE,FALSE,""
"reference","man/expr_str_decode.Rd",1,23,"pl","String","pl",103,TRUE,"offered",TRUE,FALSE,FALSE,""
"reference","man/expr_str_decode.Rd",1,23,"pl$col(""hex"")$str$decode(""hex"")$alias(""hex_decoded"")","cast","polars_expr",212,TRUE,"offered",TRUE,FALSE,FALSE,""
"reference","man/expr_str_decode.Rd",1,23,"pl$col(""hex"")$str$decode(""hex"")","alias","polars_expr",212,TRUE,"offered",TRUE,FALSE,FALSE,""
"reference","man/expr_str_decode.Rd",1,23,"pl$col(""hex"")$str","decode","polars_namespace_expr_str",48,TRUE,"offered",TRUE,FALSE,FALSE,""
"reference","man/expr_str_decode.Rd",1,23,"pl$col(""hex"")","str","polars_expr",212,TRUE,"offered",TRUE,FALSE,FALSE,""
"reference","man/expr_str_decode.Rd",1,23,"pl","col","pl",103,TRUE,"offered",TRUE,FALSE,FALSE,""
"reference","man/expr_str_decode.Rd",1,23,"pl","String","pl",103,TRUE,"offered",TRUE,FALSE,FALSE,""
"reference","man/expr_str_encode.Rd",1,18,"pl","DataFrame","pl",103,TRUE,"offered",TRUE,FALSE,FALSE,""
"reference","man/expr_str_encode.Rd",1,18,"df","select","polars_data_frame",89,TRUE,"offered",TRUE,FALSE,FALSE,""
"reference","man/expr_str_encode.Rd",1,18,"pl$col(""strings"")$str","encode","polars_namespace_expr_str",48,TRUE,"offered",TRUE,FALSE,FALSE,""
"reference","man/expr_str_encode.Rd",1,18,"pl$col(""strings"")","str","polars_expr",212,TRUE,"offered",TRUE,FALSE,FALSE,""
"reference","man/expr_str_encode.Rd",1,18,"pl","col","pl",103,TRUE,"offered",TRUE,FALSE,FALSE,""
"reference","man/expr_str_encode.Rd",1,18,"df$with_columns(pl$col(""strings"")$str$encode(""base64"")$alias(""base64""), pl$col(""strings"")$str$encode(""hex"")$alias(""hex""))","with_columns","polars_data_frame",89,TRUE,"offered",TRUE,FALSE,FALSE,""
"reference","man/expr_str_encode.Rd",1,18,"df","with_columns","polars_data_frame",89,TRUE,"offered",TRUE,FALSE,FALSE,""
"reference","man/expr_str_encode.Rd",1,18,"pl$col(""strings"")$str$encode(""base64"")","alias","polars_expr",212,TRUE,"offered",TRUE,FALSE,FALSE,""
"reference","man/expr_str_encode.Rd",1,18,"pl$col(""strings"")$str","encode","polars_namespace_expr_str",48,TRUE,"offered",TRUE,FALSE,FALSE,""
"reference","man/expr_str_encode.Rd",1,18,"pl$col(""strings"")","str","polars_expr",212,TRUE,"offered",TRUE,FALSE,FALSE,""
"reference","man/expr_str_encode.Rd",1,18,"pl","col","pl",103,TRUE,"offered",TRUE,FALSE,FALSE,""
"reference","man/expr_str_encode.Rd",1,18,"pl$col(""strings"")$str$encode(""hex"")","alias","polars_expr",212,TRUE,"offered",TRUE,FALSE,FALSE,""
"reference","man/expr_str_encode.Rd",1,18,"pl$col(""strings"")$str","encode","polars_namespace_expr_str",48,TRUE,"offered",TRUE,FALSE,FALSE,""
"reference","man/expr_str_encode.Rd",1,18,"pl$col(""strings"")","str","polars_expr",212,TRUE,"offered",TRUE,FALSE,FALSE,""
"reference","man/expr_str_encode.Rd",1,18,"pl","col","pl",103,TRUE,"offered",TRUE,FALSE,FALSE,""
"reference","man/expr_str_encode.Rd",1,18,"pl$col(""base64"")$str$decode(""base64"")$alias(""base64_decoded"")","cast","polars_expr",212,TRUE,"offered",TRUE,FALSE,FALSE,""
"reference","man/expr_str_encode.Rd",1,18,"pl$col(""base64"")$str$decode(""base64"")","alias","polars_expr",212,TRUE,"offered",TRUE,FALSE,FALSE,""
"reference","man/expr_str_encode.Rd",1,18,"pl$col(""base64"")$str","decode","polars_namespace_expr_str",48,TRUE,"offered",TRUE,FALSE,FALSE,""
"reference","man/expr_str_encode.Rd",1,18,"pl$col(""base64"")","str","polars_expr",212,TRUE,"offered",TRUE,FALSE,FALSE,""
"reference","man/expr_str_encode.Rd",1,18,"pl","col","pl",103,TRUE,"offered",TRUE,FALSE,FALSE,""
"reference","man/expr_str_encode.Rd",1,18,"pl","String","pl",103,TRUE,"offered",TRUE,FALSE,FALSE,""
"reference","man/expr_str_encode.Rd",1,18,"pl$col(""hex"")$str$decode(""hex"")$alias(""hex_decoded"")","cast","polars_expr",212,TRUE,"offered",TRUE,FALSE,FALSE,""
"reference","man/expr_str_encode.Rd",1,18,"pl$col(""hex"")$str$decode(""hex"")","alias","polars_expr",212,TRUE,"offered",TRUE,FALSE,FALSE,""
"reference","man/expr_str_encode.Rd",1,18,"pl$col(""hex"")$str","decode","polars_namespace_expr_str",48,TRUE,"offered",TRUE,FALSE,FALSE,""
"reference","man/expr_str_encode.Rd",1,18,"pl$col(""hex"")","str","polars_expr",212,TRUE,"offered",TRUE,FALSE,FALSE,""
"reference","man/expr_str_encode.Rd",1,18,"pl","col","pl",103,TRUE,"offered",TRUE,FALSE,FALSE,""
"reference","man/expr_str_encode.Rd",1,18,"pl","String","pl",103,TRUE,"offered",TRUE,FALSE,FALSE,""
"reference","man/expr_str_ends_with.Rd",1,21,"pl","DataFrame","pl",103,TRUE,"offered",TRUE,FALSE,FALSE,""
"reference","man/expr_str_ends_with.Rd",1,21,"df","select","polars_data_frame",89,TRUE,"offered",TRUE,FALSE,FALSE,""
"reference","man/expr_str_ends_with.Rd",1,21,"pl","col","pl",103,TRUE,"offered",TRUE,FALSE,FALSE,""
"reference","man/expr_str_ends_with.Rd",1,21,"pl$col(""fruits"")$str$ends_with(""go"")","alias","polars_expr",212,TRUE,"offered",TRUE,FALSE,FALSE,""
"reference","man/expr_str_ends_with.Rd",1,21,"pl$col(""fruits"")$str","ends_with","polars_namespace_expr_str",48,TRUE,"offered",TRUE,FALSE,FALSE,""
"reference","man/expr_str_ends_with.Rd",1,21,"pl$col(""fruits"")","str","polars_expr",212,TRUE,"offered",TRUE,FALSE,FALSE,""
"reference","man/expr_str_ends_with.Rd",1,21,"pl","col","pl",103,TRUE,"offered",TRUE,FALSE,FALSE,""
"reference","man/expr_str_escape_regex.Rd",1,15,"pl","DataFrame","pl",103,TRUE,"offered",TRUE,FALSE,FALSE,""
"reference","man/expr_str_escape_regex.Rd",1,15,"df","with_columns","polars_data_frame",89,TRUE,"offered",TRUE,FALSE,FALSE,""
"reference","man/expr_str_escape_regex.Rd",1,15,"pl$col(""text"")$str","escape_regex","polars_namespace_expr_str",48,TRUE,"offered",TRUE,FALSE,FALSE,""
"reference","man/expr_str_escape_regex.Rd",1,15,"pl$col(""text"")","str","polars_expr",212,TRUE,"offered",TRUE,FALSE,FALSE,""
"reference","man/expr_str_escape_regex.Rd",1,15,"pl","col","pl",103,TRUE,"offered",TRUE,FALSE,FALSE,""
"reference","man/expr_str_extract_all.Rd",1,19,"pl","DataFrame","pl",103,TRUE,"offered",TRUE,FALSE,FALSE,""
"reference","man/expr_str_extract_all.Rd",1,19,"df","select","polars_data_frame",89,TRUE,"offered",TRUE,FALSE,FALSE,""
"reference","man/expr_str_extract_all.Rd",1,19,"pl$col(""foo"")$str$extract_all(""(\\d+)"")","alias","polars_expr",212,TRUE,"offered",TRUE,FALSE,FALSE,""
"reference","man/expr_str_extract_all.Rd",1,19,"pl$col(""foo"")$str","extract_all","polars_namespace_expr_str",48,TRUE,"offered",TRUE,FALSE,FALSE,""
"reference","man/expr_str_extract_all.Rd",1,19,"pl$col(""foo"")","str","polars_expr",212,TRUE,"offered",TRUE,FALSE,FALSE,""
"reference","man/expr_str_extract_all.Rd",1,19,"pl","col","pl",103,TRUE,"offered",TRUE,FALSE,FALSE,""
"reference","man/expr_str_extract_groups.Rd",1,24,"pl","DataFrame","pl",103,TRUE,"offered",TRUE,FALSE,FALSE,""
"reference","man/expr_str_extract_groups.Rd",1,24,"df$with_columns(captures = pl$col(""url"")$str$extract_groups(pattern))","unnest","polars_data_frame",89,TRUE,"offered",TRUE,FALSE,FALSE,""
"reference","man/expr_str_extract_groups.Rd",1,24,"df","with_columns","polars_data_frame",89,TRUE,"offered",TRUE,FALSE,FALSE,""
"reference","man/expr_str_extract_groups.Rd",1,24,"pl$col(""url"")$str","extract_groups","polars_namespace_expr_str",48,TRUE,"offered",TRUE,FALSE,FALSE,""
"reference","man/expr_str_extract_groups.Rd",1,24,"pl$col(""url"")","str","polars_expr",212,TRUE,"offered",TRUE,FALSE,FALSE,""
"reference","man/expr_str_extract_groups.Rd",1,24,"pl","col","pl",103,TRUE,"offered",TRUE,FALSE,FALSE,""
"reference","man/expr_str_extract_groups.Rd",1,24,"df$with_columns(captures = pl$col(""url"")$str$extract_groups(pattern))","unnest","polars_data_frame",89,TRUE,"offered",TRUE,FALSE,FALSE,""
"reference","man/expr_str_extract_groups.Rd",1,24,"df","with_columns","polars_data_frame",89,TRUE,"offered",TRUE,FALSE,FALSE,""
"reference","man/expr_str_extract_groups.Rd",1,24,"pl$col(""url"")$str","extract_groups","polars_namespace_expr_str",48,TRUE,"offered",TRUE,FALSE,FALSE,""
"reference","man/expr_str_extract_groups.Rd",1,24,"pl$col(""url"")","str","polars_expr",212,TRUE,"offered",TRUE,FALSE,FALSE,""
"reference","man/expr_str_extract_groups.Rd",1,24,"pl","col","pl",103,TRUE,"offered",TRUE,FALSE,FALSE,""
"reference","man/expr_str_extract_many.Rd",1,41,"pl","DataFrame","pl",103,TRUE,"offered",TRUE,FALSE,FALSE,""
"reference","man/expr_str_extract_many.Rd",1,41,"df","with_columns","polars_data_frame",89,TRUE,"offered",TRUE,FALSE,FALSE,""
"reference","man/expr_str_extract_many.Rd",1,41,"pl$col(""values"")$str","extract_many","polars_namespace_expr_str",48,TRUE,"offered",TRUE,FALSE,FALSE,""
"reference","man/expr_str_extract_many.Rd",1,41,"pl$col(""values"")","str","polars_expr",212,TRUE,"offered",TRUE,FALSE,FALSE,""
"reference","man/expr_str_extract_many.Rd",1,41,"pl","col","pl",103,TRUE,"offered",TRUE,FALSE,FALSE,""
"reference","man/expr_str_extract_many.Rd",1,41,"pl$col(""values"")$str","extract_many","polars_namespace_expr_str",48,TRUE,"offered",TRUE,FALSE,FALSE,""
"reference","man/expr_str_extract_many.Rd",1,41,"pl$col(""values"")","str","polars_expr",212,TRUE,"offered",TRUE,FALSE,FALSE,""
"reference","man/expr_str_extract_many.Rd",1,41,"pl","col","pl",103,TRUE,"offered",TRUE,FALSE,FALSE,""
"reference","man/expr_str_extract_many.Rd",1,41,"pl","DataFrame","pl",103,TRUE,"offered",TRUE,FALSE,FALSE,""
"reference","man/expr_str_extract_many.Rd",1,41,"df","select","polars_data_frame",89,TRUE,"offered",TRUE,FALSE,FALSE,""
"reference","man/expr_str_extract_many.Rd",1,41,"pl$col(""values"")$str","extract_many","polars_namespace_expr_str",48,TRUE,"offered",TRUE,FALSE,FALSE,""
"reference","man/expr_str_extract_many.Rd",1,41,"pl$col(""values"")","str","polars_expr",212,TRUE,"offered",TRUE,FALSE,FALSE,""
"reference","man/expr_str_extract_many.Rd",1,41,"pl","col","pl",103,TRUE,"offered",TRUE,FALSE,FALSE,""
"reference","man/expr_str_extract.Rd",1,32,"pl","DataFrame","pl",103,TRUE,"offered",TRUE,FALSE,FALSE,""
"reference","man/expr_str_extract.Rd",1,32,"df","select","polars_data_frame",89,TRUE,"offered",TRUE,FALSE,FALSE,""
"reference","man/expr_str_extract.Rd",1,32,"pl$col(""url"")$str","extract","polars_namespace_expr_str",48,TRUE,"offered",TRUE,FALSE,FALSE,""
"reference","man/expr_str_extract.Rd",1,32,"pl$col(""url"")","str","polars_expr",212,TRUE,"offered",TRUE,FALSE,FALSE,""
"reference","man/expr_str_extract.Rd",1,32,"pl","col","pl",103,TRUE,"offered",TRUE,FALSE,FALSE,""
"reference","man/expr_str_extract.Rd",1,32,"pl$col(""url"")$str","extract","polars_namespace_expr_str",48,TRUE,"offered",TRUE,FALSE,FALSE,""
"reference","man/expr_str_extract.Rd",1,32,"pl$col(""url"")","str","polars_expr",212,TRUE,"offered",TRUE,FALSE,FALSE,""
"reference","man/expr_str_extract.Rd",1,32,"pl","col","pl",103,TRUE,"offered",TRUE,FALSE,FALSE,""
"reference","man/expr_str_extract.Rd",1,32,"pl$col(""url"")$str","extract","polars_namespace_expr_str",48,TRUE,"offered",TRUE,FALSE,FALSE,""
"reference","man/expr_str_extract.Rd",1,32,"pl$col(""url"")","str","polars_expr",212,TRUE,"offered",TRUE,FALSE,FALSE,""
"reference","man/expr_str_extract.Rd",1,32,"pl","col","pl",103,TRUE,"offered",TRUE,FALSE,FALSE,""
"reference","man/expr_str_extract.Rd",1,32,"pl","DataFrame","pl",103,TRUE,"offered",TRUE,FALSE,FALSE,""
"reference","man/expr_str_extract.Rd",1,32,"df","with_columns","polars_data_frame",89,TRUE,"offered",TRUE,FALSE,FALSE,""
"reference","man/expr_str_extract.Rd",1,32,"pl$col(""lines"")$str","extract","polars_namespace_expr_str",48,TRUE,"offered",TRUE,FALSE,FALSE,""
"reference","man/expr_str_extract.Rd",1,32,"pl$col(""lines"")","str","polars_expr",212,TRUE,"offered",TRUE,FALSE,FALSE,""
"reference","man/expr_str_extract.Rd",1,32,"pl","col","pl",103,TRUE,"offered",TRUE,FALSE,FALSE,""
"reference","man/expr_str_extract.Rd",1,32,"pl$col(""lines"")$str","extract","polars_namespace_expr_str",48,TRUE,"offered",TRUE,FALSE,FALSE,""
"reference","man/expr_str_extract.Rd",1,32,"pl$col(""lines"")","str","polars_expr",212,TRUE,"offered",TRUE,FALSE,FALSE,""
"reference","man/expr_str_extract.Rd",1,32,"pl","col","pl",103,TRUE,"offered",TRUE,FALSE,FALSE,""
"reference","man/expr_str_find_many.Rd",1,42,"pl","DataFrame","pl",103,TRUE,"offered",TRUE,FALSE,FALSE,""
"reference","man/expr_str_find_many.Rd",1,42,"df","with_columns","polars_data_frame",89,TRUE,"offered",TRUE,FALSE,FALSE,""
"reference","man/expr_str_find_many.Rd",1,42,"pl$col(""values"")$str","find_many","polars_namespace_expr_str",48,TRUE,"offered",TRUE,FALSE,FALSE,""
"reference","man/expr_str_find_many.Rd",1,42,"pl$col(""values"")","str","polars_expr",212,TRUE,"offered",TRUE,FALSE,FALSE,""
"reference","man/expr_str_find_many.Rd",1,42,"pl","col","pl",103,TRUE,"offered",TRUE,FALSE,FALSE,""
"reference","man/expr_str_find_many.Rd",1,42,"pl$col(""values"")$str","find_many","polars_namespace_expr_str",48,TRUE,"offered",TRUE,FALSE,FALSE,""
"reference","man/expr_str_find_many.Rd",1,42,"pl$col(""values"")","str","polars_expr",212,TRUE,"offered",TRUE,FALSE,FALSE,""
"reference","man/expr_str_find_many.Rd",1,42,"pl","col","pl",103,TRUE,"offered",TRUE,FALSE,FALSE,""
"reference","man/expr_str_find_many.Rd",1,42,"pl","DataFrame","pl",103,TRUE,"offered",TRUE,FALSE,FALSE,""
"reference","man/expr_str_find_many.Rd",1,42,"df","select","polars_data_frame",89,TRUE,"offered",TRUE,FALSE,FALSE,""
"reference","man/expr_str_find_many.Rd",1,42,"pl$col(""values"")$str","find_many","polars_namespace_expr_str",48,TRUE,"offered",TRUE,FALSE,FALSE,""
"reference","man/expr_str_find_many.Rd",1,42,"pl$col(""values"")","str","polars_expr",212,TRUE,"offered",TRUE,FALSE,FALSE,""
"reference","man/expr_str_find_many.Rd",1,42,"pl","col","pl",103,TRUE,"offered",TRUE,FALSE,FALSE,""
"reference","man/expr_str_find.Rd",1,33,"pl$DataFrame(s = c(""AAA"", ""aAa"", ""aaa""))","with_columns","polars_data_frame",89,TRUE,"offered",TRUE,FALSE,FALSE,""
"reference","man/expr_str_find.Rd",1,33,"pl","DataFrame","pl",103,TRUE,"offered",TRUE,FALSE,FALSE,""
"reference","man/expr_str_find.Rd",1,33,"pl$col(""s"")$str","find","polars_namespace_expr_str",48,TRUE,"offered",TRUE,FALSE,FALSE,""
"reference","man/expr_str_find.Rd",1,33,"pl$col(""s"")","str","polars_expr",212,TRUE,"offered",TRUE,FALSE,FALSE,""
"reference","man/expr_str_find.Rd",1,33,"pl","col","pl",103,TRUE,"offered",TRUE,FALSE,FALSE,""
"reference","man/expr_str_find.Rd",1,33,"pl$col(""s"")$str","find","polars_namespace_expr_str",48,TRUE,"offered",TRUE,FALSE,FALSE,""
"reference","man/expr_str_find.Rd",1,33,"pl$col(""s"")","str","polars_expr",212,TRUE,"offered",TRUE,FALSE,FALSE,""
"reference","man/expr_str_find.Rd",1,33,"pl","col","pl",103,TRUE,"offered",TRUE,FALSE,FALSE,""
"reference","man/expr_str_head.Rd",1,32,"pl","DataFrame","pl",103,TRUE,"offered",TRUE,FALSE,FALSE,""
"reference","man/expr_str_head.Rd",1,32,"df","with_columns","polars_data_frame",89,TRUE,"offered",TRUE,FALSE,FALSE,""
"reference","man/expr_str_head.Rd",1,32,"pl$col(""s"")$str","head","polars_namespace_expr_str",48,TRUE,"offered",TRUE,FALSE,FALSE,""
"reference","man/expr_str_head.Rd",1,32,"pl$col(""s"")","str","polars_expr",212,TRUE,"offered",TRUE,FALSE,FALSE,""
"reference","man/expr_str_head.Rd",1,32,"pl","col","pl",103,TRUE,"offered",TRUE,FALSE,FALSE,""
"reference","man/expr_str_head.Rd",1,32,"pl$col(""s"")$str","head","polars_namespace_expr_str",48,TRUE,"offered",TRUE,FALSE,FALSE,""
"reference","man/expr_str_head.Rd",1,32,"pl$col(""s"")","str","polars_expr",212,TRUE,"offered",TRUE,FALSE,FALSE,""
"reference","man/expr_str_head.Rd",1,32,"pl","col","pl",103,TRUE,"offered",TRUE,FALSE,FALSE,""
"reference","man/expr_str_join.Rd",1,23,"pl","DataFrame","pl",103,TRUE,"offered",TRUE,FALSE,FALSE,""
"reference","man/expr_str_join.Rd",1,23,"df","select","polars_data_frame",89,TRUE,"offered",TRUE,FALSE,FALSE,""
"reference","man/expr_str_join.Rd",1,23,"pl$col(""foo"")$str","join","polars_namespace_expr_str",48,TRUE,"offered",TRUE,FALSE,FALSE,""
"reference","man/expr_str_join.Rd",1,23,"pl$col(""foo"")","str","polars_expr",212,TRUE,"offered",TRUE,FALSE,FALSE,""
"reference","man/expr_str_join.Rd",1,23,"pl","col","pl",103,TRUE,"offered",TRUE,FALSE,FALSE,""
"reference","man/expr_str_join.Rd",1,23,"df","select","polars_data_frame",89,TRUE,"offered",TRUE,FALSE,FALSE,""
"reference","man/expr_str_join.Rd",1,23,"pl$col(""foo"")$str","join","polars_namespace_expr_str",48,TRUE,"offered",TRUE,FALSE,FALSE,""
"reference","man/expr_str_join.Rd",1,23,"pl$col(""foo"")","str","polars_expr",212,TRUE,"offered",TRUE,FALSE,FALSE,""
"reference","man/expr_str_join.Rd",1,23,"pl","col","pl",103,TRUE,"offered",TRUE,FALSE,FALSE,""
"reference","man/expr_str_json_decode.Rd",1,21,"pl","DataFrame","pl",103,TRUE,"offered",TRUE,FALSE,FALSE,""
"reference","man/expr_str_json_decode.Rd",1,21,"pl","Struct","pl",103,TRUE,"offered",TRUE,FALSE,FALSE,""
"reference","man/expr_str_json_decode.Rd",1,21,"pl","UInt8","pl",103,TRUE,"offered",TRUE,FALSE,FALSE,""
"reference","man/expr_str_json_decode.Rd",1,21,"pl","Boolean","pl",103,TRUE,"offered",TRUE,FALSE,FALSE,""
"reference","man/expr_str_json_decode.Rd",1,21,"df$select(pl$col(""json_val"")$str$json_decode(dtype))","unnest","polars_data_frame",89,TRUE,"offered",TRUE,FALSE,FALSE,""
"reference","man/expr_str_json_decode.Rd",1,21,"df","select","polars_data_frame",89,TRUE,"offered",TRUE,FALSE,FALSE,""
"reference","man/expr_str_json_decode.Rd",1,21,"pl$col(""json_val"")$str","json_decode","polars_namespace_expr_str",48,TRUE,"offered",TRUE,FALSE,FALSE,""
"reference","man/expr_str_json_decode.Rd",1,21,"pl$col(""json_val"")","str","polars_expr",212,TRUE,"offered",TRUE,FALSE,FALSE,""
"reference","man/expr_str_json_decode.Rd",1,21,"pl","col","pl",103,TRUE,"offered",TRUE,FALSE,FALSE,""
"reference","man/expr_str_json_path_match.Rd",1,24,"pl","DataFrame","pl",103,TRUE,"offered",TRUE,FALSE,FALSE,""
"reference","man/expr_str_json_path_match.Rd",1,24,"df","select","polars_data_frame",89,TRUE,"offered",TRUE,FALSE,FALSE,""
"reference","man/expr_str_json_path_match.Rd",1,24,"pl$col(""json_val"")$str","json_path_match","polars_namespace_expr_str",48,TRUE,"offered",TRUE,FALSE,FALSE,""
"reference","man/expr_str_json_path_match.Rd",1,24,"pl$col(""json_val"")","str","polars_expr",212,TRUE,"offered",TRUE,FALSE,FALSE,""
"reference","man/expr_str_json_path_match.Rd",1,24,"pl","col","pl",103,TRUE,"offered",TRUE,FALSE,FALSE,""
"reference","man/expr_str_len_bytes.Rd",1,20,"pl$DataFrame(s = c(""Café"", NA, ""345"", ""æøå""))","select","polars_data_frame",89,TRUE,"offered",TRUE,FALSE,FALSE,""
"reference","man/expr_str_len_bytes.Rd",1,20,"pl","DataFrame","pl",103,TRUE,"offered",TRUE,FALSE,FALSE,""
"reference","man/expr_str_len_bytes.Rd",1,20,"pl","col","pl",103,TRUE,"offered",TRUE,FALSE,FALSE,""
"reference","man/expr_str_len_bytes.Rd",1,20,"pl$col(""s"")$str$len_bytes()","alias","polars_expr",212,TRUE,"offered",TRUE,FALSE,FALSE,""
"reference","man/expr_str_len_bytes.Rd",1,20,"pl$col(""s"")$str","len_bytes","polars_namespace_expr_str",48,TRUE,"offered",TRUE,FALSE,FALSE,""
"reference","man/expr_str_len_bytes.Rd",1,20,"pl$col(""s"")","str","polars_expr",212,TRUE,"offered",TRUE,FALSE,FALSE,""
"reference","man/expr_str_len_bytes.Rd",1,20,"pl","col","pl",103,TRUE,"offered",TRUE,FALSE,FALSE,""
"reference","man/expr_str_len_bytes.Rd",1,20,"pl$col(""s"")$str$len_chars()","alias","polars_expr",212,TRUE,"offered",TRUE,FALSE,FALSE,""
"reference","man/expr_str_len_bytes.Rd",1,20,"pl$col(""s"")$str","len_chars","polars_namespace_expr_str",48,TRUE,"offered",TRUE,FALSE,FALSE,""
"reference","man/expr_str_len_bytes.Rd",1,20,"pl$col(""s"")","str","polars_expr",212,TRUE,"offered",TRUE,FALSE,FALSE,""
"reference","man/expr_str_len_bytes.Rd",1,20,"pl","col","pl",103,TRUE,"offered",TRUE,FALSE,FALSE,""
"reference","man/expr_str_len_chars.Rd",1,20,"pl$DataFrame(s = c(""Café"", NA, ""345"", ""æøå""))","select","polars_data_frame",89,TRUE,"offered",TRUE,FALSE,FALSE,""
"reference","man/expr_str_len_chars.Rd",1,20,"pl","DataFrame","pl",103,TRUE,"offered",TRUE,FALSE,FALSE,""
"reference","man/expr_str_len_chars.Rd",1,20,"pl","col","pl",103,TRUE,"offered",TRUE,FALSE,FALSE,""
"reference","man/expr_str_len_chars.Rd",1,20,"pl$col(""s"")$str$len_bytes()","alias","polars_expr",212,TRUE,"offered",TRUE,FALSE,FALSE,""
"reference","man/expr_str_len_chars.Rd",1,20,"pl$col(""s"")$str","len_bytes","polars_namespace_expr_str",48,TRUE,"offered",TRUE,FALSE,FALSE,""
"reference","man/expr_str_len_chars.Rd",1,20,"pl$col(""s"")","str","polars_expr",212,TRUE,"offered",TRUE,FALSE,FALSE,""
"reference","man/expr_str_len_chars.Rd",1,20,"pl","col","pl",103,TRUE,"offered",TRUE,FALSE,FALSE,""
"reference","man/expr_str_len_chars.Rd",1,20,"pl$col(""s"")$str$len_chars()","alias","polars_expr",212,TRUE,"offered",TRUE,FALSE,FALSE,""
"reference","man/expr_str_len_chars.Rd",1,20,"pl$col(""s"")$str","len_chars","polars_namespace_expr_str",48,TRUE,"offered",TRUE,FALSE,FALSE,""
"reference","man/expr_str_len_chars.Rd",1,20,"pl$col(""s"")","str","polars_expr",212,TRUE,"offered",TRUE,FALSE,FALSE,""
"reference","man/expr_str_len_chars.Rd",1,20,"pl","col","pl",103,TRUE,"offered",TRUE,FALSE,FALSE,""
"reference","man/expr_str_normalize.Rd",1,20,"pl","DataFrame","pl",103,TRUE,"offered",TRUE,FALSE,FALSE,""
"reference","man/expr_str_normalize.Rd",1,20,"df","with_columns","polars_data_frame",89,TRUE,"offered",TRUE,FALSE,FALSE,""
"reference","man/expr_str_normalize.Rd",1,20,"pl$col(""text"")$str","normalize","polars_namespace_expr_str",48,TRUE,"offered",TRUE,FALSE,FALSE,""
"reference","man/expr_str_normalize.Rd",1,20,"pl$col(""text"")","str","polars_expr",212,TRUE,"offered",TRUE,FALSE,FALSE,""
"reference","man/expr_str_normalize.Rd",1,20,"pl","col","pl",103,TRUE,"offered",TRUE,FALSE,FALSE,""
"reference","man/expr_str_normalize.Rd",1,20,"pl$col(""text"")$str","normalize","polars_namespace_expr_str",48,TRUE,"offered",TRUE,FALSE,FALSE,""
"reference","man/expr_str_normalize.Rd",1,20,"pl$col(""text"")","str","polars_expr",212,TRUE,"offered",TRUE,FALSE,FALSE,""
"reference","man/expr_str_normalize.Rd",1,20,"pl","col","pl",103,TRUE,"offered",TRUE,FALSE,FALSE,""
"reference","man/expr_str_normalize.Rd",1,20,"new","select","polars_data_frame",89,TRUE,"offered",TRUE,FALSE,FALSE,""
"reference","man/expr_str_normalize.Rd",1,20,"pl$all()$str","len_bytes","polars_namespace_expr_str",48,TRUE,"offered",TRUE,FALSE,FALSE,""
"reference","man/expr_str_normalize.Rd",1,20,"pl$all()","str","polars_expr",212,TRUE,"offered",TRUE,FALSE,FALSE,""
"reference","man/expr_str_normalize.Rd",1,20,"pl","all","pl",103,TRUE,"offered",TRUE,FALSE,FALSE,""
"reference","man/expr_str_pad_end.Rd",1,22,"pl","DataFrame","pl",103,TRUE,"offered",TRUE,FALSE,FALSE,""
"reference","man/expr_str_pad_end.Rd",1,22,"df","select","polars_data_frame",89,TRUE,"offered",TRUE,FALSE,FALSE,""
"reference","man/expr_str_pad_end.Rd",1,22,"pl$col(""a"")$str","pad_end","polars_namespace_expr_str",48,TRUE,"offered",TRUE,FALSE,FALSE,""
"reference","man/expr_str_pad_end.Rd",1,22,"pl$col(""a"")","str","polars_expr",212,TRUE,"offered",TRUE,FALSE,FALSE,""
"reference","man/expr_str_pad_end.Rd",1,22,"pl","col","pl",103,TRUE,"offered",TRUE,FALSE,FALSE,""
"reference","man/expr_str_pad_start.Rd",1,22,"pl","DataFrame","pl",103,TRUE,"offered",TRUE,FALSE,FALSE,""
"reference","man/expr_str_pad_start.Rd",1,22,"df","select","polars_data_frame",89,TRUE,"offered",TRUE,FALSE,FALSE,""
"reference","man/expr_str_pad_start.Rd",1,22,"pl$col(""a"")$str","pad_start","polars_namespace_expr_str",48,TRUE,"offered",TRUE,FALSE,FALSE,""
"reference","man/expr_str_pad_start.Rd",1,22,"pl$col(""a"")","str","polars_expr",212,TRUE,"offered",TRUE,FALSE,FALSE,""
"reference","man/expr_str_pad_start.Rd",1,22,"pl","col","pl",103,TRUE,"offered",TRUE,FALSE,FALSE,""
"reference","man/expr_str_replace_all.Rd",1,38,"pl","DataFrame","pl",103,TRUE,"offered",TRUE,FALSE,FALSE,""
"reference","man/expr_str_replace_all.Rd",1,38,"df","with_columns","polars_data_frame",89,TRUE,"offered",TRUE,FALSE,FALSE,""
"reference","man/expr_str_replace_all.Rd",1,38,"pl$col(""text"")$str","replace_all","polars_namespace_expr_str",48,TRUE,"offered",TRUE,FALSE,FALSE,""
"reference","man/expr_str_replace_all.Rd",1,38,"pl$col(""text"")","str","polars_expr",212,TRUE,"offered",TRUE,FALSE,FALSE,""
"reference","man/expr_str_replace_all.Rd",1,38,"pl","col","pl",103,TRUE,"offered",TRUE,FALSE,FALSE,""
"reference","man/expr_str_replace_all.Rd",1,38,"pl","DataFrame","pl",103,TRUE,"offered",TRUE,FALSE,FALSE,""
"reference","man/expr_str_replace_all.Rd",1,38,"df","with_columns","polars_data_frame",89,TRUE,"offered",TRUE,FALSE,FALSE,""
"reference","man/expr_str_replace_all.Rd",1,38,"pl$col(""word"")$str","replace_all","polars_namespace_expr_str",48,TRUE,"offered",TRUE,FALSE,FALSE,""
"reference","man/expr_str_replace_all.Rd",1,38,"pl$col(""word"")","str","polars_expr",212,TRUE,"offered",TRUE,FALSE,FALSE,""
"reference","man/expr_str_replace_all.Rd",1,38,"pl","col","pl",103,TRUE,"offered",TRUE,FALSE,FALSE,""
"reference","man/expr_str_replace_all.Rd",1,38,"pl$col(""word"")$str","replace_all","polars_namespace_expr_str",48,TRUE,"offered",TRUE,FALSE,FALSE,""
"reference","man/expr_str_replace_all.Rd",1,38,"pl$col(""word"")","str","polars_expr",212,TRUE,"offered",TRUE,FALSE,FALSE,""
"reference","man/expr_str_replace_all.Rd",1,38,"pl","col","pl",103,TRUE,"offered",TRUE,FALSE,FALSE,""
"reference","man/expr_str_replace_all.Rd",1,38,"pl","DataFrame","pl",103,TRUE,"offered",TRUE,FALSE,FALSE,""
"reference","man/expr_str_replace_all.Rd",1,38,"df","with_columns","polars_data_frame",89,TRUE,"offered",TRUE,FALSE,FALSE,""
"reference","man/expr_str_replace_all.Rd",1,38,"pl$col(""weather"")$str","replace_all","polars_namespace_expr_str",48,TRUE,"offered",TRUE,FALSE,FALSE,""
"reference","man/expr_str_replace_all.Rd",1,38,"pl$col(""weather"")","str","polars_expr",212,TRUE,"offered",TRUE,FALSE,FALSE,""
"reference","man/expr_str_replace_all.Rd",1,38,"pl","col","pl",103,TRUE,"offered",TRUE,FALSE,FALSE,""
"reference","man/expr_str_replace_many.Rd",1,41,"pl","DataFrame","pl",103,TRUE,"offered",TRUE,FALSE,FALSE,""
"reference","man/expr_str_replace_many.Rd",1,41,"df","with_columns","polars_data_frame",89,TRUE,"offered",TRUE,FALSE,FALSE,""
"reference","man/expr_str_replace_many.Rd",1,41,"pl$col(""lyrics"")$str","replace_many","polars_namespace_expr_str",48,TRUE,"offered",TRUE,FALSE,FALSE,""
"reference","man/expr_str_replace_many.Rd",1,41,"pl$col(""lyrics"")","str","polars_expr",212,TRUE,"offered",TRUE,FALSE,FALSE,""
"reference","man/expr_str_replace_many.Rd",1,41,"pl","col","pl",103,TRUE,"offered",TRUE,FALSE,FALSE,""
"reference","man/expr_str_replace_many.Rd",1,41,"df","with_columns","polars_data_frame",89,TRUE,"offered",TRUE,FALSE,FALSE,""
"reference","man/expr_str_replace_many.Rd",1,41,"pl$col(""lyrics"")$str","replace_many","polars_namespace_expr_str",48,TRUE,"offered",TRUE,FALSE,FALSE,""
"reference","man/expr_str_replace_many.Rd",1,41,"pl$col(""lyrics"")","str","polars_expr",212,TRUE,"offered",TRUE,FALSE,FALSE,""
"reference","man/expr_str_replace_many.Rd",1,41,"pl","col","pl",103,TRUE,"offered",TRUE,FALSE,FALSE,""
"reference","man/expr_str_replace.Rd",1,43,"pl","DataFrame","pl",103,TRUE,"offered",TRUE,FALSE,FALSE,""
"reference","man/expr_str_replace.Rd",1,43,"df","with_columns","polars_data_frame",89,TRUE,"offered",TRUE,FALSE,FALSE,""
"reference","man/expr_str_replace.Rd",1,43,"pl$col(""text"")$str","replace","polars_namespace_expr_str",48,TRUE,"offered",TRUE,FALSE,FALSE,""
"reference","man/expr_str_replace.Rd",1,43,"pl$col(""text"")","str","polars_expr",212,TRUE,"offered",TRUE,FALSE,FALSE,""
"reference","man/expr_str_replace.Rd",1,43,"pl","col","pl",103,TRUE,"offered",TRUE,FALSE,FALSE,""
"reference","man/expr_str_replace.Rd",1,43,"pl","DataFrame","pl",103,TRUE,"offered",TRUE,FALSE,FALSE,""
"reference","man/expr_str_replace.Rd",1,43,"df","with_columns","polars_data_frame",89,TRUE,"offered",TRUE,FALSE,FALSE,""
"reference","man/expr_str_replace.Rd",1,43,"pl$col(""word"")$str","replace","polars_namespace_expr_str",48,TRUE,"offered",TRUE,FALSE,FALSE,""
"reference","man/expr_str_replace.Rd",1,43,"pl$col(""word"")","str","polars_expr",212,TRUE,"offered",TRUE,FALSE,FALSE,""
"reference","man/expr_str_replace.Rd",1,43,"pl","col","pl",103,TRUE,"offered",TRUE,FALSE,FALSE,""
"reference","man/expr_str_replace.Rd",1,43,"pl$col(""word"")$str","replace","polars_namespace_expr_str",48,TRUE,"offered",TRUE,FALSE,FALSE,""
"reference","man/expr_str_replace.Rd",1,43,"pl$col(""word"")","str","polars_expr",212,TRUE,"offered",TRUE,FALSE,FALSE,""
"reference","man/expr_str_replace.Rd",1,43,"pl","col","pl",103,TRUE,"offered",TRUE,FALSE,FALSE,""
"reference","man/expr_str_replace.Rd",1,43,"pl","DataFrame","pl",103,TRUE,"offered",TRUE,FALSE,FALSE,""
"reference","man/expr_str_replace.Rd",1,43,"df","with_columns","polars_data_frame",89,TRUE,"offered",TRUE,FALSE,FALSE,""
"reference","man/expr_str_replace.Rd",1,43,"pl$col(""weather"")$str","replace","polars_namespace_expr_str",48,TRUE,"offered",TRUE,FALSE,FALSE,""
"reference","man/expr_str_replace.Rd",1,43,"pl$col(""weather"")","str","polars_expr",212,TRUE,"offered",TRUE,FALSE,FALSE,""
"reference","man/expr_str_replace.Rd",1,43,"pl","col","pl",103,TRUE,"offered",TRUE,FALSE,FALSE,""
"reference","man/expr_str_reverse.Rd",1,15,"pl","DataFrame","pl",103,TRUE,"offered",TRUE,FALSE,FALSE,""
"reference","man/expr_str_reverse.Rd",1,15,"df","with_columns","polars_data_frame",89,TRUE,"offered",TRUE,FALSE,FALSE,""
"reference","man/expr_str_reverse.Rd",1,15,"pl$col(""text"")$str","reverse","polars_namespace_expr_str",48,TRUE,"offered",TRUE,FALSE,FALSE,""
"reference","man/expr_str_reverse.Rd",1,15,"pl$col(""text"")","str","polars_expr",212,TRUE,"offered",TRUE,FALSE,FALSE,""
"reference","man/expr_str_reverse.Rd",1,15,"pl","col","pl",103,TRUE,"offered",TRUE,FALSE,FALSE,""
"reference","man/expr_str_slice.Rd",1,21,"pl","DataFrame","pl",103,TRUE,"offered",TRUE,FALSE,FALSE,""
"reference","man/expr_str_slice.Rd",1,21,"df","with_columns","polars_data_frame",89,TRUE,"offered",TRUE,FALSE,FALSE,""
"reference","man/expr_str_slice.Rd",1,21,"pl$col(""s"")$str$slice(-3)","alias","polars_expr",212,TRUE,"offered",TRUE,FALSE,FALSE,""
"reference","man/expr_str_slice.Rd",1,21,"pl$col(""s"")$str","slice","polars_namespace_expr_str",48,TRUE,"offered",TRUE,FALSE,FALSE,""
"reference","man/expr_str_slice.Rd",1,21,"pl$col(""s"")","str","polars_expr",212,TRUE,"offered",TRUE,FALSE,FALSE,""
"reference","man/expr_str_slice.Rd",1,21,"pl","col","pl",103,TRUE,"offered",TRUE,FALSE,FALSE,""
"reference","man/expr_str_split_exact.Rd",1,25,"pl","DataFrame","pl",103,TRUE,"offered",TRUE,FALSE,FALSE,""
"reference","man/expr_str_split_exact.Rd",1,25,"df","with_columns","polars_data_frame",89,TRUE,"offered",TRUE,FALSE,FALSE,""
"reference","man/expr_str_split_exact.Rd",1,25,"pl$col(""s"")$str","split_exact","polars_namespace_expr_str",48,TRUE,"offered",TRUE,FALSE,FALSE,""
"reference","man/expr_str_split_exact.Rd",1,25,"pl$col(""s"")","str","polars_expr",212,TRUE,"offered",TRUE,FALSE,FALSE,""
"reference","man/expr_str_split_exact.Rd",1,25,"pl","col","pl",103,TRUE,"offered",TRUE,FALSE,FALSE,""
"reference","man/expr_str_split_exact.Rd",1,25,"pl$col(""s"")$str","split_exact","polars_namespace_expr_str",48,TRUE,"offered",TRUE,FALSE,FALSE,""
"reference","man/expr_str_split_exact.Rd",1,25,"pl$col(""s"")","str","polars_expr",212,TRUE,"offered",TRUE,FALSE,FALSE,""
"reference","man/expr_str_split_exact.Rd",1,25,"pl","col","pl",103,TRUE,"offered",TRUE,FALSE,FALSE,""
"reference","man/expr_str_split.Rd",1,28,"pl","DataFrame","pl",103,TRUE,"offered",TRUE,FALSE,FALSE,""
"reference","man/expr_str_split.Rd",1,28,"df","select","polars_data_frame",89,TRUE,"offered",TRUE,FALSE,FALSE,""
"reference","man/expr_str_split.Rd",1,28,"pl$col(""s"")$str","split","polars_namespace_expr_str",48,TRUE,"offered",TRUE,FALSE,FALSE,""
"reference","man/expr_str_split.Rd",1,28,"pl$col(""s"")","str","polars_expr",212,TRUE,"offered",TRUE,FALSE,FALSE,""
"reference","man/expr_str_split.Rd",1,28,"pl","col","pl",103,TRUE,"offered",TRUE,FALSE,FALSE,""
"reference","man/expr_str_split.Rd",1,28,"pl","DataFrame","pl",103,TRUE,"offered",TRUE,FALSE,FALSE,""
"reference","man/expr_str_split.Rd",1,28,"df","select","polars_data_frame",89,TRUE,"offered",TRUE,FALSE,FALSE,""
"reference","man/expr_str_split.Rd",1,28,"pl$col(""s"")$str","split","polars_namespace_expr_str",48,TRUE,"offered",TRUE,FALSE,FALSE,""
"reference","man/expr_str_split.Rd",1,28,"pl$col(""s"")","str","polars_expr",212,TRUE,"offered",TRUE,FALSE,FALSE,""
"reference","man/expr_str_split.Rd",1,28,"pl","col","pl",103,TRUE,"offered",TRUE,FALSE,FALSE,""
"reference","man/expr_str_split.Rd",1,28,"pl","col","pl",103,TRUE,"offered",TRUE,FALSE,FALSE,""
"reference","man/expr_str_split.Rd",1,28,"pl","DataFrame","pl",103,TRUE,"offered",TRUE,FALSE,FALSE,""
"reference","man/expr_str_split.Rd",1,28,"df","with_columns","polars_data_frame",89,TRUE,"offered",TRUE,FALSE,FALSE,""
"reference","man/expr_str_split.Rd",1,28,"pl$col(""s"")$str$split(by = ""\\d+"", literal = FALSE)","alias","polars_expr",212,TRUE,"offered",TRUE,FALSE,FALSE,""
"reference","man/expr_str_split.Rd",1,28,"pl$col(""s"")$str","split","polars_namespace_expr_str",48,TRUE,"offered",TRUE,FALSE,FALSE,""
"reference","man/expr_str_split.Rd",1,28,"pl$col(""s"")","str","polars_expr",212,TRUE,"offered",TRUE,FALSE,FALSE,""
"reference","man/expr_str_split.Rd",1,28,"pl","col","pl",103,TRUE,"offered",TRUE,FALSE,FALSE,""
"reference","man/expr_str_split.Rd",1,28,"pl$col(""s"")$str$split(by = ""\\d+"", literal = FALSE, inclusive = TRUE)","alias","polars_expr",212,TRUE,"offered",TRUE,FALSE,FALSE,""
"reference","man/expr_str_split.Rd",1,28,"pl$col(""s"")$str","split","polars_namespace_expr_str",48,TRUE,"offered",TRUE,FALSE,FALSE,""
"reference","man/expr_str_split.Rd",1,28,"pl$col(""s"")","str","polars_expr",212,TRUE,"offered",TRUE,FALSE,FALSE,""
"reference","man/expr_str_split.Rd",1,28,"pl","col","pl",103,TRUE,"offered",TRUE,FALSE,FALSE,""
"reference","man/expr_str_split.Rd",1,28,"pl","DataFrame","pl",103,TRUE,"offered",TRUE,FALSE,FALSE,""
"reference","man/expr_str_split.Rd",1,28,"df","with_columns","polars_data_frame",89,TRUE,"offered",TRUE,FALSE,FALSE,""
"reference","man/expr_str_split.Rd",1,28,"pl$col(""s"")$str$split(by = pl$col(""by""), literal = FALSE)","alias","polars_expr",212,TRUE,"offered",TRUE,FALSE,FALSE,""
"reference","man/expr_str_split.Rd",1,28,"pl$col(""s"")$str","split","polars_namespace_expr_str",48,TRUE,"offered",TRUE,FALSE,FALSE,""
"reference","man/expr_str_split.Rd",1,28,"pl$col(""s"")","str","polars_expr",212,TRUE,"offered",TRUE,FALSE,FALSE,""
"reference","man/expr_str_split.Rd",1,28,"pl","col","pl",103,TRUE,"offered",TRUE,FALSE,FALSE,""
"reference","man/expr_str_split.Rd",1,28,"pl","col","pl",103,TRUE,"offered",TRUE,FALSE,FALSE,""
"reference","man/expr_str_split.Rd",1,28,"pl$col(""s"")$str$split(by = pl$col(""by""), literal = FALSE, inclusive = TRUE)","alias","polars_expr",212,TRUE,"offered",TRUE,FALSE,FALSE,""
"reference","man/expr_str_split.Rd",1,28,"pl$col(""s"")$str","split","polars_namespace_expr_str",48,TRUE,"offered",TRUE,FALSE,FALSE,""
"reference","man/expr_str_split.Rd",1,28,"pl$col(""s"")","str","polars_expr",212,TRUE,"offered",TRUE,FALSE,FALSE,""
"reference","man/expr_str_split.Rd",1,28,"pl","col","pl",103,TRUE,"offered",TRUE,FALSE,FALSE,""
"reference","man/expr_str_split.Rd",1,28,"pl","col","pl",103,TRUE,"offered",TRUE,FALSE,FALSE,""
"reference","man/expr_str_splitn.Rd",1,22,"pl","DataFrame","pl",103,TRUE,"offered",TRUE,FALSE,FALSE,""
"reference","man/expr_str_splitn.Rd",1,22,"df","with_columns","polars_data_frame",89,TRUE,"offered",TRUE,FALSE,FALSE,""
"reference","man/expr_str_splitn.Rd",1,22,"pl$col(""s"")$str","splitn","polars_namespace_expr_str",48,TRUE,"offered",TRUE,FALSE,FALSE,""
"reference","man/expr_str_splitn.Rd",1,22,"pl$col(""s"")","str","polars_expr",212,TRUE,"offered",TRUE,FALSE,FALSE,""
"reference","man/expr_str_splitn.Rd",1,22,"pl","col","pl",103,TRUE,"offered",TRUE,FALSE,FALSE,""
"reference","man/expr_str_splitn.Rd",1,22,"pl$col(""s"")$str","splitn","polars_namespace_expr_str",48,TRUE,"offered",TRUE,FALSE,FALSE,""
"reference","man/expr_str_splitn.Rd",1,22,"pl$col(""s"")","str","polars_expr",212,TRUE,"offered",TRUE,FALSE,FALSE,""
"reference","man/expr_str_splitn.Rd",1,22,"pl","col","pl",103,TRUE,"offered",TRUE,FALSE,FALSE,""
"reference","man/expr_str_splitn.Rd",1,22,"pl$col(""s"")$str","splitn","polars_namespace_expr_str",48,TRUE,"offered",TRUE,FALSE,FALSE,""
"reference","man/expr_str_splitn.Rd",1,22,"pl$col(""s"")","str","polars_expr",212,TRUE,"offered",TRUE,FALSE,FALSE,""
"reference","man/expr_str_splitn.Rd",1,22,"pl","col","pl",103,TRUE,"offered",TRUE,FALSE,FALSE,""
"reference","man/expr_str_starts_with.Rd",1,21,"pl","DataFrame","pl",103,TRUE,"offered",TRUE,FALSE,FALSE,""
"reference","man/expr_str_starts_with.Rd",1,21,"df","select","polars_data_frame",89,TRUE,"offered",TRUE,FALSE,FALSE,""
"reference","man/expr_str_starts_with.Rd",1,21,"pl","col","pl",103,TRUE,"offered",TRUE,FALSE,FALSE,""
"reference","man/expr_str_starts_with.Rd",1,21,"pl$col(""fruits"")$str$starts_with(""app"")","alias","polars_expr",212,TRUE,"offered",TRUE,FALSE,FALSE,""
"reference","man/expr_str_starts_with.Rd",1,21,"pl$col(""fruits"")$str","starts_with","polars_namespace_expr_str",48,TRUE,"offered",TRUE,FALSE,FALSE,""
"reference","man/expr_str_starts_with.Rd",1,21,"pl$col(""fruits"")","str","polars_expr",212,TRUE,"offered",TRUE,FALSE,FALSE,""
"reference","man/expr_str_starts_with.Rd",1,21,"pl","col","pl",103,TRUE,"offered",TRUE,FALSE,FALSE,""
"reference","man/expr_str_strip_chars_end.Rd",1,26,"pl","DataFrame","pl",103,TRUE,"offered",TRUE,FALSE,FALSE,""
"reference","man/expr_str_strip_chars_end.Rd",1,26,"df","select","polars_data_frame",89,TRUE,"offered",TRUE,FALSE,FALSE,""
"reference","man/expr_str_strip_chars_end.Rd",1,26,"pl$col(""foo"")$str","strip_chars_end","polars_namespace_expr_str",48,TRUE,"offered",TRUE,FALSE,FALSE,""
"reference","man/expr_str_strip_chars_end.Rd",1,26,"pl$col(""foo"")","str","polars_expr",212,TRUE,"offered",TRUE,FALSE,FALSE,""
"reference","man/expr_str_strip_chars_end.Rd",1,26,"pl","col","pl",103,TRUE,"offered",TRUE,FALSE,FALSE,""
"reference","man/expr_str_strip_chars_end.Rd",1,26,"df","select","polars_data_frame",89,TRUE,"offered",TRUE,FALSE,FALSE,""
"reference","man/expr_str_strip_chars_end.Rd",1,26,"pl$col(""foo"")$str","strip_chars_end","polars_namespace_expr_str",48,TRUE,"offered",TRUE,FALSE,FALSE,""
"reference","man/expr_str_strip_chars_end.Rd",1,26,"pl$col(""foo"")","str","polars_expr",212,TRUE,"offered",TRUE,FALSE,FALSE,""
"reference","man/expr_str_strip_chars_end.Rd",1,26,"pl","col","pl",103,TRUE,"offered",TRUE,FALSE,FALSE,""
"reference","man/expr_str_strip_chars_start.Rd",1,26,"pl","DataFrame","pl",103,TRUE,"offered",TRUE,FALSE,FALSE,""
"reference","man/expr_str_strip_chars_start.Rd",1,26,"df","select","polars_data_frame",89,TRUE,"offered",TRUE,FALSE,FALSE,""
"reference","man/expr_str_strip_chars_start.Rd",1,26,"pl$col(""foo"")$str","strip_chars_start","polars_namespace_expr_str",48,TRUE,"offered",TRUE,FALSE,FALSE,""
"reference","man/expr_str_strip_chars_start.Rd",1,26,"pl$col(""foo"")","str","polars_expr",212,TRUE,"offered",TRUE,FALSE,FALSE,""
"reference","man/expr_str_strip_chars_start.Rd",1,26,"pl","col","pl",103,TRUE,"offered",TRUE,FALSE,FALSE,""
"reference","man/expr_str_strip_chars.Rd",1,26,"pl","DataFrame","pl",103,TRUE,"offered",TRUE,FALSE,FALSE,""
"reference","man/expr_str_strip_chars.Rd",1,26,"df","select","polars_data_frame",89,TRUE,"offered",TRUE,FALSE,FALSE,""
"reference","man/expr_str_strip_chars.Rd",1,26,"pl$col(""foo"")$str","strip_chars","polars_namespace_expr_str",48,TRUE,"offered",TRUE,FALSE,FALSE,""
"reference","man/expr_str_strip_chars.Rd",1,26,"pl$col(""foo"")","str","polars_expr",212,TRUE,"offered",TRUE,FALSE,FALSE,""
"reference","man/expr_str_strip_chars.Rd",1,26,"pl","col","pl",103,TRUE,"offered",TRUE,FALSE,FALSE,""
"reference","man/expr_str_strip_chars.Rd",1,26,"df","select","polars_data_frame",89,TRUE,"offered",TRUE,FALSE,FALSE,""
"reference","man/expr_str_strip_chars.Rd",1,26,"pl$col(""foo"")$str","strip_chars","polars_namespace_expr_str",48,TRUE,"offered",TRUE,FALSE,FALSE,""
"reference","man/expr_str_strip_chars.Rd",1,26,"pl$col(""foo"")","str","polars_expr",212,TRUE,"offered",TRUE,FALSE,FALSE,""
"reference","man/expr_str_strip_chars.Rd",1,26,"pl","col","pl",103,TRUE,"offered",TRUE,FALSE,FALSE,""
"reference","man/expr_str_strip_prefix.Rd",1,23,"pl","DataFrame","pl",103,TRUE,"offered",TRUE,FALSE,FALSE,""
"reference","man/expr_str_strip_prefix.Rd",1,23,"df","with_columns","polars_data_frame",89,TRUE,"offered",TRUE,FALSE,FALSE,""
"reference","man/expr_str_strip_prefix.Rd",1,23,"pl$col(""a"")$str","strip_prefix","polars_namespace_expr_str",48,TRUE,"offered",TRUE,FALSE,FALSE,""
"reference","man/expr_str_strip_prefix.Rd",1,23,"pl$col(""a"")","str","polars_expr",212,TRUE,"offered",TRUE,FALSE,FALSE,""
"reference","man/expr_str_strip_prefix.Rd",1,23,"pl","col","pl",103,TRUE,"offered",TRUE,FALSE,FALSE,""
"reference","man/expr_str_strip_suffix.Rd",1,23,"pl","DataFrame","pl",103,TRUE,"offered",TRUE,FALSE,FALSE,""
"reference","man/expr_str_strip_suffix.Rd",1,23,"df","with_columns","polars_data_frame",89,TRUE,"offered",TRUE,FALSE,FALSE,""
"reference","man/expr_str_strip_suffix.Rd",1,23,"pl$col(""a"")$str","strip_suffix","polars_namespace_expr_str",48,TRUE,"offered",TRUE,FALSE,FALSE,""
"reference","man/expr_str_strip_suffix.Rd",1,23,"pl$col(""a"")","str","polars_expr",212,TRUE,"offered",TRUE,FALSE,FALSE,""
"reference","man/expr_str_strip_suffix.Rd",1,23,"pl","col","pl",103,TRUE,"offered",TRUE,FALSE,FALSE,""
"reference","man/expr_str_strptime.Rd",1,62,"pl","DataFrame","pl",103,TRUE,"offered",TRUE,FALSE,FALSE,""
"reference","man/expr_str_strptime.Rd",1,62,"df","select","polars_data_frame",89,TRUE,"offered",TRUE,FALSE,FALSE,""
"reference","man/expr_str_strptime.Rd",1,62,"pl$col(""x"")$str","strptime","polars_namespace_expr_str",48,TRUE,"offered",TRUE,FALSE,FALSE,""
"reference","man/expr_str_strptime.Rd",1,62,"pl$col(""x"")","str","polars_expr",212,TRUE,"offered",TRUE,FALSE,FALSE,""
"reference","man/expr_str_strptime.Rd",1,62,"pl","col","pl",103,TRUE,"offered",TRUE,FALSE,FALSE,""
"reference","man/expr_str_strptime.Rd",1,62,"pl","Datetime","pl",103,TRUE,"offered",TRUE,FALSE,FALSE,""
"reference","man/expr_str_strptime.Rd",1,62,"pl","DataFrame","pl",103,TRUE,"offered",TRUE,FALSE,FALSE,""
"reference","man/expr_str_strptime.Rd",1,62,"df","select","polars_data_frame",89,TRUE,"offered",TRUE,FALSE,FALSE,""
"reference","man/expr_str_strptime.Rd",1,62,"pl","coalesce","pl",103,TRUE,"offered",TRUE,FALSE,FALSE,""
"reference","man/expr_str_strptime.Rd",1,62,"pl$col(""date"")$str","strptime","polars_namespace_expr_str",48,TRUE,"offered",TRUE,FALSE,FALSE,""
"reference","man/expr_str_strptime.Rd",1,62,"pl$col(""date"")","str","polars_expr",212,TRUE,"offered",TRUE,FALSE,FALSE,""
"reference","man/expr_str_strptime.Rd",1,62,"pl","col","pl",103,TRUE,"offered",TRUE,FALSE,FALSE,""
"reference","man/expr_str_strptime.Rd",1,62,"pl","Date","pl",103,TRUE,"offered",TRUE,FALSE,FALSE,""
"reference","man/expr_str_strptime.Rd",1,62,"pl$col(""date"")$str","strptime","polars_namespace_expr_str",48,TRUE,"offered",TRUE,FALSE,FALSE,""
"reference","man/expr_str_strptime.Rd",1,62,"pl$col(""date"")","str","polars_expr",212,TRUE,"offered",TRUE,FALSE,FALSE,""
"reference","man/expr_str_strptime.Rd",1,62,"pl","col","pl",103,TRUE,"offered",TRUE,FALSE,FALSE,""
"reference","man/expr_str_strptime.Rd",1,62,"pl","Date","pl",103,TRUE,"offered",TRUE,FALSE,FALSE,""
"reference","man/expr_str_strptime.Rd",1,62,"pl$col(""date"")$str","strptime","polars_namespace_expr_str",48,TRUE,"offered",TRUE,FALSE,FALSE,""
"reference","man/expr_str_strptime.Rd",1,62,"pl$col(""date"")","str","polars_expr",212,TRUE,"offered",TRUE,FALSE,FALSE,""
"reference","man/expr_str_strptime.Rd",1,62,"pl","col","pl",103,TRUE,"offered",TRUE,FALSE,FALSE,""
"reference","man/expr_str_strptime.Rd",1,62,"pl","Date","pl",103,TRUE,"offered",TRUE,FALSE,FALSE,""
"reference","man/expr_str_strptime.Rd",1,62,"pl$col(""date"")$str","strptime","polars_namespace_expr_str",48,TRUE,"offered",TRUE,FALSE,FALSE,""
"reference","man/expr_str_strptime.Rd",1,62,"pl$col(""date"")","str","polars_expr",212,TRUE,"offered",TRUE,FALSE,FALSE,""
"reference","man/expr_str_strptime.Rd",1,62,"pl","col","pl",103,TRUE,"offered",TRUE,FALSE,FALSE,""
"reference","man/expr_str_strptime.Rd",1,62,"pl","Date","pl",103,TRUE,"offered",TRUE,FALSE,FALSE,""
"reference","man/expr_str_strptime.Rd",1,62,"pl","DataFrame","pl",103,TRUE,"offered",TRUE,FALSE,FALSE,""
"reference","man/expr_str_strptime.Rd",1,62,"df","select","polars_data_frame",89,TRUE,"offered",TRUE,FALSE,FALSE,""
"reference","man/expr_str_strptime.Rd",1,62,"pl$col(""x"")$str","strptime","polars_namespace_expr_str",48,TRUE,"offered",TRUE,FALSE,FALSE,""
"reference","man/expr_str_strptime.Rd",1,62,"pl$col(""x"")","str","polars_expr",212,TRUE,"offered",TRUE,FALSE,FALSE,""
"reference","man/expr_str_strptime.Rd",1,62,"pl","col","pl",103,TRUE,"offered",TRUE,FALSE,FALSE,""
"reference","man/expr_str_strptime.Rd",1,62,"pl","Datetime","pl",103,TRUE,"offered",TRUE,FALSE,FALSE,""
"reference","man/expr_str_tail.Rd",1,32,"pl","DataFrame","pl",103,TRUE,"offered",TRUE,FALSE,FALSE,""
"reference","man/expr_str_tail.Rd",1,32,"df","with_columns","polars_data_frame",89,TRUE,"offered",TRUE,FALSE,FALSE,""
"reference","man/expr_str_tail.Rd",1,32,"pl$col(""s"")$str","tail","polars_namespace_expr_str",48,TRUE,"offered",TRUE,FALSE,FALSE,""
"reference","man/expr_str_tail.Rd",1,32,"pl$col(""s"")","str","polars_expr",212,TRUE,"offered",TRUE,FALSE,FALSE,""
"reference","man/expr_str_tail.Rd",1,32,"pl","col","pl",103,TRUE,"offered",TRUE,FALSE,FALSE,""
"reference","man/expr_str_tail.Rd",1,32,"pl$col(""s"")$str","tail","polars_namespace_expr_str",48,TRUE,"offered",TRUE,FALSE,FALSE,""
"reference","man/expr_str_tail.Rd",1,32,"pl$col(""s"")","str","polars_expr",212,TRUE,"offered",TRUE,FALSE,FALSE,""
"reference","man/expr_str_tail.Rd",1,32,"pl","col","pl",103,TRUE,"offered",TRUE,FALSE,FALSE,""
"reference","man/expr_str_to_date.Rd",1,37,"pl","DataFrame","pl",103,TRUE,"offered",TRUE,FALSE,FALSE,""
"reference","man/expr_str_to_date.Rd",1,37,"df","select","polars_data_frame",89,TRUE,"offered",TRUE,FALSE,FALSE,""
"reference","man/expr_str_to_date.Rd",1,37,"pl$col(""x"")$str","to_date","polars_namespace_expr_str",48,TRUE,"offered",TRUE,FALSE,FALSE,""
"reference","man/expr_str_to_date.Rd",1,37,"pl$col(""x"")","str","polars_expr",212,TRUE,"offered",TRUE,FALSE,FALSE,""
"reference","man/expr_str_to_date.Rd",1,37,"pl","col","pl",103,TRUE,"offered",TRUE,FALSE,FALSE,""
"reference","man/expr_str_to_date.Rd",1,37,"pl","DataFrame","pl",103,TRUE,"offered",TRUE,FALSE,FALSE,""
"reference","man/expr_str_to_date.Rd",1,37,"df","select","polars_data_frame",89,TRUE,"offered",TRUE,FALSE,FALSE,""
"reference","man/expr_str_to_date.Rd",1,37,"pl$col(""x"")$str","to_date","polars_namespace_expr_str",48,TRUE,"offered",TRUE,FALSE,FALSE,""
"reference","man/expr_str_to_date.Rd",1,37,"pl$col(""x"")","str","polars_expr",212,TRUE,"offered",TRUE,FALSE,FALSE,""
"reference","man/expr_str_to_date.Rd",1,37,"pl","col","pl",103,TRUE,"offered",TRUE,FALSE,FALSE,""
"reference","man/expr_str_to_date.Rd",1,37,"df","select","polars_data_frame",89,TRUE,"offered",TRUE,FALSE,FALSE,""
"reference","man/expr_str_to_date.Rd",1,37,"pl$col(""x"")$str","to_date","polars_namespace_expr_str",48,TRUE,"offered",TRUE,FALSE,FALSE,""
"reference","man/expr_str_to_date.Rd",1,37,"pl$col(""x"")","str","polars_expr",212,TRUE,"offered",TRUE,FALSE,FALSE,""
"reference","man/expr_str_to_date.Rd",1,37,"pl","col","pl",103,TRUE,"offered",TRUE,FALSE,FALSE,""
"reference","man/expr_str_to_datetime.Rd",1,61,"pl","DataFrame","pl",103,TRUE,"offered",TRUE,FALSE,FALSE,""
"reference","man/expr_str_to_datetime.Rd",1,61,"df","select","polars_data_frame",89,TRUE,"offered",TRUE,FALSE,FALSE,""
"reference","man/expr_str_to_datetime.Rd",1,61,"pl$col(""x"")$str","to_datetime","polars_namespace_expr_str",48,TRUE,"offered",TRUE,FALSE,FALSE,""
"reference","man/expr_str_to_datetime.Rd",1,61,"pl$col(""x"")","str","polars_expr",212,TRUE,"offered",TRUE,FALSE,FALSE,""
"reference","man/expr_str_to_datetime.Rd",1,61,"pl","col","pl",103,TRUE,"offered",TRUE,FALSE,FALSE,""
"reference","man/expr_str_to_datetime.Rd",1,61,"df","select","polars_data_frame",89,TRUE,"offered",TRUE,FALSE,FALSE,""
"reference","man/expr_str_to_datetime.Rd",1,61,"pl$col(""x"")$str","to_datetime","polars_namespace_expr_str",48,TRUE,"offered",TRUE,FALSE,FALSE,""
"reference","man/expr_str_to_datetime.Rd",1,61,"pl$col(""x"")","str","polars_expr",212,TRUE,"offered",TRUE,FALSE,FALSE,""
"reference","man/expr_str_to_datetime.Rd",1,61,"pl","col","pl",103,TRUE,"offered",TRUE,FALSE,FALSE,""
"reference","man/expr_str_to_decimal.Rd",1,20,"pl","DataFrame","pl",103,TRUE,"offered",TRUE,FALSE,FALSE,""
"reference","man/expr_str_to_decimal.Rd",1,20,"df","with_columns","polars_data_frame",89,TRUE,"offered",TRUE,FALSE,FALSE,""
"reference","man/expr_str_to_decimal.Rd",1,20,"pl$col(""numbers"")$str","to_decimal","polars_namespace_expr_str",48,TRUE,"offered",TRUE,FALSE,FALSE,""
"reference","man/expr_str_to_decimal.Rd",1,20,"pl$col(""numbers"")","str","polars_expr",212,TRUE,"offered",TRUE,FALSE,FALSE,""
"reference","man/expr_str_to_decimal.Rd",1,20,"pl","col","pl",103,TRUE,"offered",TRUE,FALSE,FALSE,""
"reference","man/expr_str_to_integer.Rd",1,27,"pl","DataFrame","pl",103,TRUE,"offered",TRUE,FALSE,FALSE,""
"reference","man/expr_str_to_integer.Rd",1,27,"df","with_columns","polars_data_frame",89,TRUE,"offered",TRUE,FALSE,FALSE,""
"reference","man/expr_str_to_integer.Rd",1,27,"pl$col(""bin"")$str","to_integer","polars_namespace_expr_str",48,TRUE,"offered",TRUE,FALSE,FALSE,""
"reference","man/expr_str_to_integer.Rd",1,27,"pl$col(""bin"")","str","polars_expr",212,TRUE,"offered",TRUE,FALSE,FALSE,""
"reference","man/expr_str_to_integer.Rd",1,27,"pl","col","pl",103,TRUE,"offered",TRUE,FALSE,FALSE,""
"reference","man/expr_str_to_integer.Rd",1,27,"pl","Int32","pl",103,TRUE,"offered",TRUE,FALSE,FALSE,""
"reference","man/expr_str_to_integer.Rd",1,27,"pl","DataFrame","pl",103,TRUE,"offered",TRUE,FALSE,FALSE,""
"reference","man/expr_str_to_integer.Rd",1,27,"df","with_columns","polars_data_frame",89,TRUE,"offered",TRUE,FALSE,FALSE,""
"reference","man/expr_str_to_integer.Rd",1,27,"pl$col(""hex"")$str","to_integer","polars_namespace_expr_str",48,TRUE,"offered",TRUE,FALSE,FALSE,""
"reference","man/expr_str_to_integer.Rd",1,27,"pl$col(""hex"")","str","polars_expr",212,TRUE,"offered",TRUE,FALSE,FALSE,""
"reference","man/expr_str_to_integer.Rd",1,27,"pl","col","pl",103,TRUE,"offered",TRUE,FALSE,FALSE,""
"reference","man/expr_str_to_lowercase.Rd",1,15,"pl$select(pl$lit(c(""A"", ""b"", ""c"", ""1"", NA))$str$to_lowercase())","to_series","polars_data_frame",89,TRUE,"offered",TRUE,FALSE,FALSE,""
"reference","man/expr_str_to_lowercase.Rd",1,15,"pl","select","pl",103,TRUE,"offered",TRUE,FALSE,FALSE,""
"reference","man/expr_str_to_lowercase.Rd",1,15,"pl$lit(c(""A"", ""b"", ""c"", ""1"", NA))$str","to_lowercase","polars_namespace_expr_str",48,TRUE,"offered",TRUE,FALSE,FALSE,""
"reference","man/expr_str_to_lowercase.Rd",1,15,"pl$lit(c(""A"", ""b"", ""c"", ""1"", NA))","str","polars_expr",212,TRUE,"offered",TRUE,FALSE,FALSE,""
"reference","man/expr_str_to_lowercase.Rd",1,15,"pl","lit","pl",103,TRUE,"offered",TRUE,FALSE,FALSE,""
"reference","man/expr_str_to_time.Rd",1,31,"pl","DataFrame","pl",103,TRUE,"offered",TRUE,FALSE,FALSE,""
"reference","man/expr_str_to_time.Rd",1,31,"df","select","polars_data_frame",89,TRUE,"offered",TRUE,FALSE,FALSE,""
"reference","man/expr_str_to_time.Rd",1,31,"pl$col(""x"")$str","to_time","polars_namespace_expr_str",48,TRUE,"offered",TRUE,FALSE,FALSE,""
"reference","man/expr_str_to_time.Rd",1,31,"pl$col(""x"")","str","polars_expr",212,TRUE,"offered",TRUE,FALSE,FALSE,""
"reference","man/expr_str_to_time.Rd",1,31,"pl","col","pl",103,TRUE,"offered",TRUE,FALSE,FALSE,""
"reference","man/expr_str_to_titlecase.Rd",1,19,"pl$select(pl$lit(c(""hello there"", ""HI, THERE"", NA))$str$to_titlecase())","to_series","polars_data_frame",89,TRUE,"offered",TRUE,FALSE,TRUE,""
"reference","man/expr_str_to_titlecase.Rd",1,19,"pl","select","pl",103,TRUE,"offered",TRUE,FALSE,TRUE,""
"reference","man/expr_str_to_titlecase.Rd",1,19,"pl$lit(c(""hello there"", ""HI, THERE"", NA))$str","to_titlecase","polars_namespace_expr_str",48,TRUE,"offered",TRUE,FALSE,TRUE,""
"reference","man/expr_str_to_titlecase.Rd",1,19,"pl$lit(c(""hello there"", ""HI, THERE"", NA))","str","polars_expr",212,TRUE,"offered",TRUE,FALSE,TRUE,""
"reference","man/expr_str_to_titlecase.Rd",1,19,"pl","lit","pl",103,TRUE,"offered",TRUE,FALSE,TRUE,""
"reference","man/expr_str_to_uppercase.Rd",1,15,"pl$select(pl$lit(c(""A"", ""b"", ""c"", ""1"", NA))$str$to_uppercase())","to_series","polars_data_frame",89,TRUE,"offered",TRUE,FALSE,FALSE,""
"reference","man/expr_str_to_uppercase.Rd",1,15,"pl","select","pl",103,TRUE,"offered",TRUE,FALSE,FALSE,""
"reference","man/expr_str_to_uppercase.Rd",1,15,"pl$lit(c(""A"", ""b"", ""c"", ""1"", NA))$str","to_uppercase","polars_namespace_expr_str",48,TRUE,"offered",TRUE,FALSE,FALSE,""
"reference","man/expr_str_to_uppercase.Rd",1,15,"pl$lit(c(""A"", ""b"", ""c"", ""1"", NA))","str","polars_expr",212,TRUE,"offered",TRUE,FALSE,FALSE,""
"reference","man/expr_str_to_uppercase.Rd",1,15,"pl","lit","pl",103,TRUE,"offered",TRUE,FALSE,FALSE,""
"reference","man/expr_str_zfill.Rd",1,30,"pl","DataFrame","pl",103,TRUE,"offered",TRUE,FALSE,FALSE,""
"reference","man/expr_str_zfill.Rd",1,30,"df","with_columns","polars_data_frame",89,TRUE,"offered",TRUE,FALSE,FALSE,""
"reference","man/expr_str_zfill.Rd",1,30,"pl$col(""a"")$cast(pl$String)$str","zfill","polars_namespace_expr_str",48,TRUE,"offered",TRUE,FALSE,FALSE,""
"reference","man/expr_str_zfill.Rd",1,30,"pl$col(""a"")$cast(pl$String)","str","polars_expr",212,TRUE,"offered",TRUE,FALSE,FALSE,""
"reference","man/expr_str_zfill.Rd",1,30,"pl$col(""a"")","cast","polars_expr",212,TRUE,"offered",TRUE,FALSE,FALSE,""
"reference","man/expr_str_zfill.Rd",1,30,"pl","col","pl",103,TRUE,"offered",TRUE,FALSE,FALSE,""
"reference","man/expr_str_zfill.Rd",1,30,"pl","String","pl",103,TRUE,"offered",TRUE,FALSE,FALSE,""
"reference","man/expr_struct_drop.Rd",1,23,"pl$DataFrame(aaa = c(1, 2), bbb = c(""ab"", ""cd""), ccc = c(TRUE, NA))","select","polars_data_frame",89,TRUE,"offered",TRUE,FALSE,FALSE,""
"reference","man/expr_struct_drop.Rd",1,23,"pl","DataFrame","pl",103,TRUE,"offered",TRUE,FALSE,FALSE,""
"reference","man/expr_struct_drop.Rd",1,23,"pl","struct","pl",103,TRUE,"offered",TRUE,FALSE,FALSE,""
"reference","man/expr_struct_drop.Rd",1,23,"df","select","polars_data_frame",89,TRUE,"offered",TRUE,FALSE,FALSE,""
"reference","man/expr_struct_drop.Rd",1,23,"pl$col(""struct_col"")$struct","drop","polars_namespace_expr_struct",8,TRUE,"offered",TRUE,FALSE,FALSE,""
"reference","man/expr_struct_drop.Rd",1,23,"pl$col(""struct_col"")","struct","polars_expr",212,TRUE,"offered",TRUE,FALSE,FALSE,""
"reference","man/expr_struct_drop.Rd",1,23,"pl","col","pl",103,TRUE,"offered",TRUE,FALSE,FALSE,""
"reference","man/expr_struct_drop.Rd",1,23,"df","select","polars_data_frame",89,TRUE,"offered",TRUE,FALSE,FALSE,""
"reference","man/expr_struct_drop.Rd",1,23,"pl$col(""struct_col"")$struct","drop","polars_namespace_expr_struct",8,TRUE,"offered",TRUE,FALSE,FALSE,""
"reference","man/expr_struct_drop.Rd",1,23,"pl$col(""struct_col"")","struct","polars_expr",212,TRUE,"offered",TRUE,FALSE,FALSE,""
"reference","man/expr_struct_drop.Rd",1,23,"pl","col","pl",103,TRUE,"offered",TRUE,FALSE,FALSE,""
"reference","man/expr_struct_field.Rd",1,19,"pl$DataFrame(aaa = c(1, 2), bbb = c(""ab"", ""cd""), ccc = c(TRUE, NA), ddd = list(1:2, 3))","select","polars_data_frame",89,TRUE,"offered",TRUE,FALSE,FALSE,""
"reference","man/expr_struct_field.Rd",1,19,"pl","DataFrame","pl",103,TRUE,"offered",TRUE,FALSE,FALSE,""
"reference","man/expr_struct_field.Rd",1,19,"pl","struct","pl",103,TRUE,"offered",TRUE,FALSE,FALSE,""
"reference","man/expr_struct_field.Rd",1,19,"df","select","polars_data_frame",89,TRUE,"offered",TRUE,FALSE,FALSE,""
"reference","man/expr_struct_field.Rd",1,19,"pl$col(""struct_col"")$struct","field","polars_namespace_expr_struct",8,TRUE,"offered",TRUE,FALSE,FALSE,""
"reference","man/expr_struct_field.Rd",1,19,"pl$col(""struct_col"")","struct","polars_expr",212,TRUE,"offered",TRUE,FALSE,FALSE,""
"reference","man/expr_struct_field.Rd",1,19,"pl","col","pl",103,TRUE,"offered",TRUE,FALSE,FALSE,""
"reference","man/expr_struct_field.Rd",1,19,"df","select","polars_data_frame",89,TRUE,"offered",TRUE,FALSE,FALSE,""
"reference","man/expr_struct_field.Rd",1,19,"pl$col(""struct_col"")$struct","field","polars_namespace_expr_struct",8,TRUE,"offered",TRUE,FALSE,FALSE,""
"reference","man/expr_struct_field.Rd",1,19,"pl$col(""struct_col"")","struct","polars_expr",212,TRUE,"offered",TRUE,FALSE,FALSE,""
"reference","man/expr_struct_field.Rd",1,19,"pl","col","pl",103,TRUE,"offered",TRUE,FALSE,FALSE,""
"reference","man/expr_struct_field.Rd",1,19,"pl$col(""struct_col"")$struct","field","polars_namespace_expr_struct",8,TRUE,"offered",TRUE,FALSE,FALSE,""
"reference","man/expr_struct_field.Rd",1,19,"pl$col(""struct_col"")","struct","polars_expr",212,TRUE,"offered",TRUE,FALSE,FALSE,""
"reference","man/expr_struct_field.Rd",1,19,"pl","col","pl",103,TRUE,"offered",TRUE,FALSE,FALSE,""
"reference","man/expr_struct_field.Rd",1,19,"df","select","polars_data_frame",89,TRUE,"offered",TRUE,FALSE,FALSE,""
"reference","man/expr_struct_field.Rd",1,19,"pl$col(""struct_col"")$struct","field","polars_namespace_expr_struct",8,TRUE,"offered",TRUE,FALSE,FALSE,""
"reference","man/expr_struct_field.Rd",1,19,"pl$col(""struct_col"")","struct","polars_expr",212,TRUE,"offered",TRUE,FALSE,FALSE,""
"reference","man/expr_struct_field.Rd",1,19,"pl","col","pl",103,TRUE,"offered",TRUE,FALSE,FALSE,""
"reference","man/expr_struct_field.Rd",1,19,"df","select","polars_data_frame",89,TRUE,"offered",TRUE,FALSE,FALSE,""
"reference","man/expr_struct_field.Rd",1,19,"pl$col(""struct_col"")$struct","field","polars_namespace_expr_struct",8,TRUE,"offered",TRUE,FALSE,FALSE,""
"reference","man/expr_struct_field.Rd",1,19,"pl$col(""struct_col"")","struct","polars_expr",212,TRUE,"offered",TRUE,FALSE,FALSE,""
"reference","man/expr_struct_field.Rd",1,19,"pl","col","pl",103,TRUE,"offered",TRUE,FALSE,FALSE,""
"reference","man/expr_struct_field.Rd",1,19,"df","select","polars_data_frame",89,TRUE,"offered",TRUE,FALSE,FALSE,""
"reference","man/expr_struct_field.Rd",1,19,"pl$col(""struct_col"")$struct","field","polars_namespace_expr_struct",8,TRUE,"offered",TRUE,FALSE,FALSE,""
"reference","man/expr_struct_field.Rd",1,19,"pl$col(""struct_col"")","struct","polars_expr",212,TRUE,"offered",TRUE,FALSE,FALSE,""
"reference","man/expr_struct_field.Rd",1,19,"pl","col","pl",103,TRUE,"offered",TRUE,FALSE,FALSE,""
"reference","man/expr_struct_json_encode.Rd",1,15,"pl$DataFrame(a = list(1:2, c(9, 1, 3)), b = list(45, NA))","select","polars_data_frame",89,TRUE,"offered",TRUE,FALSE,FALSE,""
"reference","man/expr_struct_json_encode.Rd",1,15,"pl","DataFrame","pl",103,TRUE,"offered",TRUE,FALSE,FALSE,""
"reference","man/expr_struct_json_encode.Rd",1,15,"pl","struct","pl",103,TRUE,"offered",TRUE,FALSE,FALSE,""
"reference","man/expr_struct_json_encode.Rd",1,15,"df","with_columns","polars_data_frame",89,TRUE,"offered",TRUE,FALSE,FALSE,""
"reference","man/expr_struct_json_encode.Rd",1,15,"pl$col(""a"")$struct","json_encode","polars_namespace_expr_struct",8,TRUE,"offered",TRUE,FALSE,FALSE,""
"reference","man/expr_struct_json_encode.Rd",1,15,"pl$col(""a"")","struct","polars_expr",212,TRUE,"offered",TRUE,FALSE,FALSE,""
"reference","man/expr_struct_json_encode.Rd",1,15,"pl","col","pl",103,TRUE,"offered",TRUE,FALSE,FALSE,""
"reference","man/expr_struct_rename_fields.Rd",1,18,"pl$DataFrame(aaa = c(1, 2), bbb = c(""ab"", ""cd""), ccc = c(TRUE, NA), ddd = list(1:2, 3))","select","polars_data_frame",89,TRUE,"offered",TRUE,FALSE,FALSE,""
"reference","man/expr_struct_rename_fields.Rd",1,18,"pl","DataFrame","pl",103,TRUE,"offered",TRUE,FALSE,FALSE,""
"reference","man/expr_struct_rename_fields.Rd",1,18,"pl","struct","pl",103,TRUE,"offered",TRUE,FALSE,FALSE,""
"reference","man/expr_struct_rename_fields.Rd",1,18,"df","select","polars_data_frame",89,TRUE,"offered",TRUE,FALSE,FALSE,""
"reference","man/expr_struct_rename_fields.Rd",1,18,"pl$col(""struct_col"")$struct","rename_fields","polars_namespace_expr_struct",8,TRUE,"offered",TRUE,FALSE,FALSE,""
"reference","man/expr_struct_rename_fields.Rd",1,18,"pl$col(""struct_col"")","struct","polars_expr",212,TRUE,"offered",TRUE,FALSE,FALSE,""
"reference","man/expr_struct_rename_fields.Rd",1,18,"pl","col","pl",103,TRUE,"offered",TRUE,FALSE,FALSE,""
"reference","man/expr_struct_rename_fields.Rd",1,18,"df","select","polars_data_frame",89,TRUE,"offered",TRUE,FALSE,FALSE,""
"reference","man/expr_struct_rename_fields.Rd",1,18,"pl$col(""struct_col"")$struct","field","polars_namespace_expr_struct",8,TRUE,"offered",TRUE,FALSE,FALSE,""
"reference","man/expr_struct_rename_fields.Rd",1,18,"pl$col(""struct_col"")","struct","polars_expr",212,TRUE,"offered",TRUE,FALSE,FALSE,""
"reference","man/expr_struct_rename_fields.Rd",1,18,"pl","col","pl",103,TRUE,"offered",TRUE,FALSE,FALSE,""
"reference","man/expr_struct_rename_fields.Rd",1,18,"df","select","polars_data_frame",89,TRUE,"offered",TRUE,FALSE,FALSE,""
"reference","man/expr_struct_rename_fields.Rd",1,18,"pl$col(""struct_col"")$struct","field","polars_namespace_expr_struct",8,TRUE,"offered",TRUE,FALSE,FALSE,""
"reference","man/expr_struct_rename_fields.Rd",1,18,"pl$col(""struct_col"")","struct","polars_expr",212,TRUE,"offered",TRUE,FALSE,FALSE,""
"reference","man/expr_struct_rename_fields.Rd",1,18,"pl","col","pl",103,TRUE,"offered",TRUE,FALSE,FALSE,""
"reference","man/expr_struct_unnest.Rd",1,15,"pl$DataFrame(aaa = c(1, 2), bbb = c(""ab"", ""cd""), ccc = c(TRUE, NA), ddd = list(1:2, 3))","select","polars_data_frame",89,TRUE,"offered",TRUE,FALSE,FALSE,""
"reference","man/expr_struct_unnest.Rd",1,15,"pl","DataFrame","pl",103,TRUE,"offered",TRUE,FALSE,FALSE,""
"reference","man/expr_struct_unnest.Rd",1,15,"pl","struct","pl",103,TRUE,"offered",TRUE,FALSE,FALSE,""
"reference","man/expr_struct_unnest.Rd",1,15,"df","select","polars_data_frame",89,TRUE,"offered",TRUE,FALSE,FALSE,""
"reference","man/expr_struct_unnest.Rd",1,15,"pl$col(""struct_col"")$struct","unnest","polars_namespace_expr_struct",8,TRUE,"offered",TRUE,FALSE,FALSE,""
"reference","man/expr_struct_unnest.Rd",1,15,"pl$col(""struct_col"")","struct","polars_expr",212,TRUE,"offered",TRUE,FALSE,FALSE,""
"reference","man/expr_struct_unnest.Rd",1,15,"pl","col","pl",103,TRUE,"offered",TRUE,FALSE,FALSE,""
"reference","man/expr_struct_with_fields.Rd",1,20,"pl$DataFrame(x = c(1, 4, 9), y = c(4, 9, 16), multiply = c(10, 2, 3))","select","polars_data_frame",89,TRUE,"offered",TRUE,FALSE,FALSE,""
"reference","man/expr_struct_with_fields.Rd",1,20,"pl","DataFrame","pl",103,TRUE,"offered",TRUE,FALSE,FALSE,""
"reference","man/expr_struct_with_fields.Rd",1,20,"pl","struct","pl",103,TRUE,"offered",TRUE,FALSE,FALSE,""
"reference","man/expr_struct_with_fields.Rd",1,20,"df","with_columns","polars_data_frame",89,TRUE,"offered",TRUE,FALSE,FALSE,""
"reference","man/expr_struct_with_fields.Rd",1,20,"pl$col(""coords"")$struct","with_fields","polars_namespace_expr_struct",8,TRUE,"offered",TRUE,FALSE,FALSE,""
"reference","man/expr_struct_with_fields.Rd",1,20,"pl$col(""coords"")","struct","polars_expr",212,TRUE,"offered",TRUE,FALSE,FALSE,""
"reference","man/expr_struct_with_fields.Rd",1,20,"pl","col","pl",103,TRUE,"offered",TRUE,FALSE,FALSE,""
"reference","man/expr_struct_with_fields.Rd",1,20,"pl$field(""x"")","sqrt","polars_expr",212,TRUE,"offered",TRUE,FALSE,FALSE,""
"reference","man/expr_struct_with_fields.Rd",1,20,"pl","field","pl",103,TRUE,"offered",TRUE,FALSE,FALSE,""
"reference","man/expr_struct_with_fields.Rd",1,20,"pl","field","pl",103,TRUE,"offered",TRUE,FALSE,FALSE,""
"reference","man/expr_struct_with_fields.Rd",1,20,"pl","col","pl",103,TRUE,"offered",TRUE,FALSE,FALSE,""
"reference","man/expr_struct_with_fields.Rd",1,20,"df","select","polars_data_frame",89,TRUE,"offered",TRUE,FALSE,FALSE,""
"reference","man/expr_struct_with_fields.Rd",1,20,"pl$col(""coords"")$struct","field","polars_namespace_expr_struct",8,TRUE,"offered",TRUE,FALSE,FALSE,""
"reference","man/expr_struct_with_fields.Rd",1,20,"pl$col(""coords"")","struct","polars_expr",212,TRUE,"offered",TRUE,FALSE,FALSE,""
"reference","man/expr_struct_with_fields.Rd",1,20,"pl","col","pl",103,TRUE,"offered",TRUE,FALSE,FALSE,""
"reference","man/format.polars_dtype.Rd",1,21,"pl","Int64","pl",103,TRUE,"offered",TRUE,FALSE,FALSE,""
"reference","man/format.polars_dtype.Rd",1,21,"pl","Float64","pl",103,TRUE,"offered",TRUE,FALSE,FALSE,""
"reference","man/groupby__agg.Rd",1,20,"pl","DataFrame","pl",103,TRUE,"offered",TRUE,FALSE,FALSE,""
"reference","man/groupby__agg.Rd",1,20,"df$group_by(""a"")","agg","polars_group_by",16,TRUE,"offered",TRUE,FALSE,FALSE,""
"reference","man/groupby__agg.Rd",1,20,"df","group_by","polars_data_frame",89,TRUE,"offered",TRUE,FALSE,FALSE,""
"reference","man/groupby__agg.Rd",1,20,"pl","col","pl",103,TRUE,"offered",TRUE,FALSE,FALSE,""
"reference","man/groupby__agg.Rd",1,20,"pl","col","pl",103,TRUE,"offered",TRUE,FALSE,FALSE,""
"reference","man/groupby__agg.Rd",1,20,"df$group_by(""a"")","agg","polars_group_by",16,TRUE,"offered",TRUE,FALSE,FALSE,""
"reference","man/groupby__agg.Rd",1,20,"df","group_by","polars_data_frame",89,TRUE,"offered",TRUE,FALSE,FALSE,""
"reference","man/groupby__agg.Rd",1,20,"pl$col(""b"")","sum","polars_expr",212,TRUE,"offered",TRUE,FALSE,FALSE,""
"reference","man/groupby__agg.Rd",1,20,"pl","col","pl",103,TRUE,"offered",TRUE,FALSE,FALSE,""
"reference","man/groupby__agg.Rd",1,20,"df$group_by(""a"")","agg","polars_group_by",16,TRUE,"offered",TRUE,FALSE,FALSE,""
"reference","man/groupby__agg.Rd",1,20,"df","group_by","polars_data_frame",89,TRUE,"offered",TRUE,FALSE,FALSE,""
"reference","man/groupby__agg.Rd",1,20,"pl","sum","pl",103,TRUE,"offered",TRUE,FALSE,FALSE,""
"reference","man/groupby__agg.Rd",1,20,"pl$col(""c"")","mean","polars_expr",212,TRUE,"offered",TRUE,FALSE,FALSE,""
"reference","man/groupby__agg.Rd",1,20,"pl","col","pl",103,TRUE,"offered",TRUE,FALSE,FALSE,""
"reference","man/groupby__agg.Rd",1,20,"df$group_by(""a"")","agg","polars_group_by",16,TRUE,"offered",TRUE,FALSE,FALSE,""
"reference","man/groupby__agg.Rd",1,20,"df","group_by","polars_data_frame",89,TRUE,"offered",TRUE,FALSE,FALSE,""
"reference","man/groupby__agg.Rd",1,20,"pl","sum","pl",103,TRUE,"offered",TRUE,FALSE,FALSE,""
"reference","man/groupby__agg.Rd",1,20,"(pl$col(""c"")^2)","mean","polars_expr",212,TRUE,"offered",TRUE,FALSE,FALSE,""
"reference","man/groupby__agg.Rd",1,20,"pl","col","pl",103,TRUE,"offered",TRUE,FALSE,FALSE,""
"reference","man/groupby__having.Rd",1,22,"pl","DataFrame","pl",103,TRUE,"offered",TRUE,FALSE,FALSE,""
"reference","man/groupby__having.Rd",1,22,"df$group_by(""x"")$having(pl$len() > 1)","agg","polars_group_by",16,TRUE,"offered",TRUE,FALSE,FALSE,""
"reference","man/groupby__having.Rd",1,22,"df$group_by(""x"")","having","polars_group_by",16,TRUE,"offered",TRUE,FALSE,FALSE,""
"reference","man/groupby__having.Rd",1,22,"df","group_by","polars_data_frame",89,TRUE,"offered",TRUE,FALSE,FALSE,""
"reference","man/groupby__having.Rd",1,22,"pl","len","pl",103,TRUE,"offered",TRUE,FALSE,FALSE,""
"reference","man/groupby__head.Rd",1,18,"pl","DataFrame","pl",103,TRUE,"offered",TRUE,FALSE,FALSE,""
"reference","man/groupby__head.Rd",1,18,"df$group_by(""letters"")$head(2)","sort","polars_data_frame",89,TRUE,"offered",TRUE,FALSE,FALSE,""
"reference","man/groupby__head.Rd",1,18,"df$group_by(""letters"")","head","polars_group_by",16,TRUE,"offered",TRUE,FALSE,FALSE,""
"reference","man/groupby__head.Rd",1,18,"df","group_by","polars_data_frame",89,TRUE,"offered",TRUE,FALSE,FALSE,""
"reference","man/groupby__len.Rd",1,19,"pl","DataFrame","pl",103,TRUE,"offered",TRUE,FALSE,FALSE,""
"reference","man/groupby__len.Rd",1,19,"df$group_by(""a"")","len","polars_group_by",16,TRUE,"offered",TRUE,FALSE,FALSE,""
"reference","man/groupby__len.Rd",1,19,"df","group_by","polars_data_frame",89,TRUE,"offered",TRUE,FALSE,FALSE,""
"reference","man/groupby__len.Rd",1,19,"df$group_by(""a"")","len","polars_group_by",16,TRUE,"offered",TRUE,FALSE,FALSE,""
"reference","man/groupby__len.Rd",1,19,"df","group_by","polars_data_frame",89,TRUE,"offered",TRUE,FALSE,FALSE,""
"reference","man/groupby__max.Rd",1,15,"pl","DataFrame","pl",103,TRUE,"offered",TRUE,FALSE,FALSE,""
"reference","man/groupby__max.Rd",1,15,"df$group_by(""grp"")","max","polars_group_by",16,TRUE,"offered",TRUE,FALSE,FALSE,""
"reference","man/groupby__max.Rd",1,15,"df","group_by","polars_data_frame",89,TRUE,"offered",TRUE,FALSE,FALSE,""
"reference","man/groupby__mean.Rd",1,15,"pl","DataFrame","pl",103,TRUE,"offered",TRUE,FALSE,FALSE,""
"reference","man/groupby__mean.Rd",1,15,"df$group_by(""grp"")","mean","polars_group_by",16,TRUE,"offered",TRUE,FALSE,FALSE,""
"reference","man/groupby__mean.Rd",1,15,"df","group_by","polars_data_frame",89,TRUE,"offered",TRUE,FALSE,FALSE,""
"reference","man/groupby__median.Rd",1,15,"pl","DataFrame","pl",103,TRUE,"offered",TRUE,FALSE,FALSE,""
"reference","man/groupby__median.Rd",1,15,"df$group_by(""grp"")","median","polars_group_by",16,TRUE,"offered",TRUE,FALSE,FALSE,""
"reference","man/groupby__median.Rd",1,15,"df","group_by","polars_data_frame",89,TRUE,"offered",TRUE,FALSE,FALSE,""
"reference","man/groupby__min.Rd",1,15,"pl","DataFrame","pl",103,TRUE,"offered",TRUE,FALSE,FALSE,""
"reference","man/groupby__min.Rd",1,15,"df$group_by(""grp"")","min","polars_group_by",16,TRUE,"offered",TRUE,FALSE,FALSE,""
"reference","man/groupby__min.Rd",1,15,"df","group_by","polars_data_frame",89,TRUE,"offered",TRUE,FALSE,FALSE,""
"reference","man/groupby__n_unique.Rd",1,15,"pl","DataFrame","pl",103,TRUE,"offered",TRUE,FALSE,FALSE,""
"reference","man/groupby__n_unique.Rd",1,15,"df$group_by(""grp"")","n_unique","polars_group_by",16,TRUE,"offered",TRUE,FALSE,FALSE,""
"reference","man/groupby__n_unique.Rd",1,15,"df","group_by","polars_data_frame",89,TRUE,"offered",TRUE,FALSE,FALSE,""
"reference","man/groupby__quantile.Rd",1,30,"pl","DataFrame","pl",103,TRUE,"offered",TRUE,FALSE,FALSE,""
"reference","man/groupby__quantile.Rd",1,30,"df$group_by(""grp"")","quantile","polars_group_by",16,TRUE,"offered",TRUE,FALSE,FALSE,""
"reference","man/groupby__quantile.Rd",1,30,"df","group_by","polars_data_frame",89,TRUE,"offered",TRUE,FALSE,FALSE,""
"reference","man/groupby__sum.Rd",1,15,"pl","DataFrame","pl",103,TRUE,"offered",TRUE,FALSE,FALSE,""
"reference","man/groupby__sum.Rd",1,15,"df$group_by(""grp"")","sum","polars_group_by",16,TRUE,"offered",TRUE,FALSE,FALSE,""
"reference","man/groupby__sum.Rd",1,15,"df","group_by","polars_data_frame",89,TRUE,"offered",TRUE,FALSE,FALSE,""
"reference","man/groupby__tail.Rd",1,18,"pl","DataFrame","pl",103,TRUE,"offered",TRUE,FALSE,FALSE,""
"reference","man/groupby__tail.Rd",1,18,"df$group_by(""letters"")$tail(2)","sort","polars_data_frame",89,TRUE,"offered",TRUE,FALSE,FALSE,""
"reference","man/groupby__tail.Rd",1,18,"df$group_by(""letters"")","tail","polars_group_by",16,TRUE,"offered",TRUE,FALSE,FALSE,""
"reference","man/groupby__tail.Rd",1,18,"df","group_by","polars_data_frame",89,TRUE,"offered",TRUE,FALSE,FALSE,""
"reference","man/infer_polars_dtype.Rd",1,91,"pl","lit","pl",103,TRUE,"offered",TRUE,FALSE,FALSE,""
"reference","man/infer_polars_dtype.Rd",1,91,"pl","lit","pl",103,TRUE,"offered",TRUE,FALSE,FALSE,""
"reference","man/infer_polars_dtype.Rd",1,91,"pl","lit","pl",103,TRUE,"offered",TRUE,FALSE,FALSE,""
"reference","man/lazyframe__bottom_k.Rd",1,29,"pl","LazyFrame","pl",103,TRUE,"offered",TRUE,FALSE,FALSE,""
"reference","man/lazyframe__bottom_k.Rd",1,29,"lf$bottom_k(4, by = ""b"")","collect","polars_lazy_frame",72,TRUE,"offered",TRUE,FALSE,FALSE,""
"reference","man/lazyframe__bottom_k.Rd",1,29,"lf","bottom_k","polars_lazy_frame",72,TRUE,"offered",TRUE,FALSE,FALSE,""
"reference","man/lazyframe__bottom_k.Rd",1,29,"lf$bottom_k(4, by = c(""a"", ""b""))","collect","polars_lazy_frame",72,TRUE,"offered",TRUE,FALSE,FALSE,""
"reference","man/lazyframe__bottom_k.Rd",1,29,"lf","bottom_k","polars_lazy_frame",72,TRUE,"offered",TRUE,FALSE,FALSE,""
"reference","man/lazyframe__cast.Rd",1,25,"pl","LazyFrame","pl",103,TRUE,"offered",TRUE,FALSE,FALSE,""
"reference","man/lazyframe__cast.Rd",1,25,"lf$cast(foo = pl$Float32, bar = pl$UInt8)","collect","polars_lazy_frame",72,TRUE,"offered",TRUE,FALSE,FALSE,""
"reference","man/lazyframe__cast.Rd",1,25,"lf","cast","polars_lazy_frame",72,TRUE,"offered",TRUE,FALSE,FALSE,""
"reference","man/lazyframe__cast.Rd",1,25,"pl","Float32","pl",103,TRUE,"offered",TRUE,FALSE,FALSE,""
"reference","man/lazyframe__cast.Rd",1,25,"pl","UInt8","pl",103,TRUE,"offered",TRUE,FALSE,FALSE,""
"reference","man/lazyframe__cast.Rd",1,25,"lf$cast(pl$String)","collect","polars_lazy_frame",72,TRUE,"offered",TRUE,FALSE,FALSE,""
"reference","man/lazyframe__cast.Rd",1,25,"lf","cast","polars_lazy_frame",72,TRUE,"offered",TRUE,FALSE,FALSE,""
"reference","man/lazyframe__cast.Rd",1,25,"pl","String","pl",103,TRUE,"offered",TRUE,FALSE,FALSE,""
"reference","man/lazyframe__clear.Rd",1,19,"pl","LazyFrame","pl",103,TRUE,"offered",TRUE,FALSE,FALSE,""
"reference","man/lazyframe__clear.Rd",1,19,"df$clear()","collect","polars_lazy_frame",72,TRUE,"offered",TRUE,FALSE,FALSE,""
"reference","man/lazyframe__clear.Rd",1,19,"df","clear","polars_lazy_frame",72,TRUE,"offered",TRUE,FALSE,FALSE,""
"reference","man/lazyframe__clear.Rd",1,19,"df$clear(n = 2)","collect","polars_lazy_frame",72,TRUE,"offered",TRUE,FALSE,FALSE,""
"reference","man/lazyframe__clear.Rd",1,19,"df","clear","polars_lazy_frame",72,TRUE,"offered",TRUE,FALSE,FALSE,""
"reference","man/lazyframe__clone.Rd",1,18,"data","clone","",0,FALSE,"unknown_result",FALSE,TRUE,FALSE,""
"reference","man/lazyframe__collect_schema.Rd",1,16,"pl","LazyFrame","pl",103,TRUE,"offered",TRUE,FALSE,FALSE,""
"reference","man/lazyframe__collect_schema.Rd",1,16,"lf","collect_schema","polars_lazy_frame",72,TRUE,"offered",TRUE,FALSE,FALSE,""
"reference","man/lazyframe__collect_schema.Rd",1,16,"lf$with_columns(baz = (pl$col(""foo"") + pl$col(""bar""))$cast(pl$String), pl$col(""bar"")$cast(pl$Int64))","collect_schema","polars_lazy_frame",72,TRUE,"offered",TRUE,FALSE,FALSE,""
"reference","man/lazyframe__collect_schema.Rd",1,16,"lf","with_columns","polars_lazy_frame",72,TRUE,"offered",TRUE,FALSE,FALSE,""
"reference","man/lazyframe__collect_schema.Rd",1,16,"(pl$col(""foo"") + pl$col(""bar""))","cast","polars_expr",212,TRUE,"offered",TRUE,FALSE,FALSE,""
"reference","man/lazyframe__collect_schema.Rd",1,16,"pl","col","pl",103,TRUE,"offered",TRUE,FALSE,FALSE,""
"reference","man/lazyframe__collect_schema.Rd",1,16,"pl","col","pl",103,TRUE,"offered",TRUE,FALSE,FALSE,""
"reference","man/lazyframe__collect_schema.Rd",1,16,"pl","String","pl",103,TRUE,"offered",TRUE,FALSE,FALSE,""
"reference","man/lazyframe__collect_schema.Rd",1,16,"pl$col(""bar"")","cast","polars_expr",212,TRUE,"offered",TRUE,FALSE,FALSE,""
"reference","man/lazyframe__collect_schema.Rd",1,16,"pl","col","pl",103,TRUE,"offered",TRUE,FALSE,FALSE,""
"reference","man/lazyframe__collect_schema.Rd",1,16,"pl","Int64","pl",103,TRUE,"offered",TRUE,FALSE,FALSE,""
"reference","man/lazyframe__collect.Rd",1,38,"pl","LazyFrame","pl",103,TRUE,"offered",TRUE,FALSE,FALSE,""
"reference","man/lazyframe__collect.Rd",1,38,"lf$group_by(""a"")$agg(pl$all()$sum())","collect","polars_lazy_frame",72,TRUE,"offered",TRUE,FALSE,FALSE,""
"reference","man/lazyframe__collect.Rd",1,38,"lf$group_by(""a"")","agg","polars_lazy_group_by",13,TRUE,"offered",TRUE,FALSE,FALSE,""
"reference","man/lazyframe__collect.Rd",1,38,"lf","group_by","polars_lazy_frame",72,TRUE,"offered",TRUE,FALSE,FALSE,""
"reference","man/lazyframe__collect.Rd",1,38,"pl$all()","sum","polars_expr",212,TRUE,"offered",TRUE,FALSE,FALSE,""
"reference","man/lazyframe__collect.Rd",1,38,"pl","all","pl",103,TRUE,"offered",TRUE,FALSE,FALSE,""
"reference","man/lazyframe__collect.Rd",1,38,"lf$group_by(""a"")$agg(pl$all()$sum())","collect","polars_lazy_frame",72,TRUE,"offered",TRUE,FALSE,FALSE,""
"reference","man/lazyframe__collect.Rd",1,38,"lf$group_by(""a"")","agg","polars_lazy_group_by",13,TRUE,"offered",TRUE,FALSE,FALSE,""
"reference","man/lazyframe__collect.Rd",1,38,"lf","group_by","polars_lazy_frame",72,TRUE,"offered",TRUE,FALSE,FALSE,""
"reference","man/lazyframe__collect.Rd",1,38,"pl$all()","sum","polars_expr",212,TRUE,"offered",TRUE,FALSE,FALSE,""
"reference","man/lazyframe__collect.Rd",1,38,"pl","all","pl",103,TRUE,"offered",TRUE,FALSE,FALSE,""
"reference","man/lazyframe__count.Rd",1,15,"pl","LazyFrame","pl",103,TRUE,"offered",TRUE,FALSE,FALSE,""
"reference","man/lazyframe__count.Rd",1,15,"lf$count()","collect","polars_lazy_frame",72,TRUE,"offered",TRUE,FALSE,FALSE,""
"reference","man/lazyframe__count.Rd",1,15,"lf","count","polars_lazy_frame",72,TRUE,"offered",TRUE,FALSE,FALSE,""
"reference","man/lazyframe__describe.Rd",1,44,"pl","LazyFrame","pl",103,TRUE,"offered",TRUE,FALSE,FALSE,""
"reference","man/lazyframe__describe.Rd",1,44,"lf","collect","polars_lazy_frame",72,TRUE,"offered",TRUE,FALSE,FALSE,""
"reference","man/lazyframe__describe.Rd",1,44,"lf","describe","polars_lazy_frame",72,TRUE,"offered",TRUE,FALSE,FALSE,""
"reference","man/lazyframe__describe.Rd",1,44,"lf","describe","polars_lazy_frame",72,TRUE,"offered",TRUE,FALSE,FALSE,""
"reference","man/lazyframe__drop_nans.Rd",1,20,"pl","LazyFrame","pl",103,TRUE,"offered",TRUE,FALSE,FALSE,""
"reference","man/lazyframe__drop_nans.Rd",1,20,"lf$drop_nans()","collect","polars_lazy_frame",72,TRUE,"offered",TRUE,FALSE,FALSE,""
"reference","man/lazyframe__drop_nans.Rd",1,20,"lf","drop_nans","polars_lazy_frame",72,TRUE,"offered",TRUE,FALSE,FALSE,""
"reference","man/lazyframe__drop_nans.Rd",1,20,"lf$drop_nans(""bar"")","collect","polars_lazy_frame",72,TRUE,"offered",TRUE,FALSE,FALSE,""
"reference","man/lazyframe__drop_nans.Rd",1,20,"lf","drop_nans","polars_lazy_frame",72,TRUE,"offered",TRUE,FALSE,FALSE,""
"reference","man/lazyframe__drop_nans.Rd",1,20,"pl","LazyFrame","pl",103,TRUE,"offered",TRUE,FALSE,FALSE,""
"reference","man/lazyframe__drop_nans.Rd",1,20,"df$filter(!pl$all_horizontal(pl$all()$is_nan()))","collect","polars_lazy_frame",72,TRUE,"offered",TRUE,FALSE,FALSE,""
"reference","man/lazyframe__drop_nans.Rd",1,20,"df","filter","polars_lazy_frame",72,TRUE,"offered",TRUE,FALSE,FALSE,""
"reference","man/lazyframe__drop_nans.Rd",1,20,"pl","all_horizontal","pl",103,TRUE,"offered",TRUE,FALSE,FALSE,""
"reference","man/lazyframe__drop_nans.Rd",1,20,"pl$all()","is_nan","polars_expr",212,TRUE,"offered",TRUE,FALSE,FALSE,""
"reference","man/lazyframe__drop_nans.Rd",1,20,"pl","all","pl",103,TRUE,"offered",TRUE,FALSE,FALSE,""
"reference","man/lazyframe__drop_nulls.Rd",1,20,"pl","LazyFrame","pl",103,TRUE,"offered",TRUE,FALSE,FALSE,""
"reference","man/lazyframe__drop_nulls.Rd",1,20,"lf$drop_nulls()","collect","polars_lazy_frame",72,TRUE,"offered",TRUE,FALSE,FALSE,""
"reference","man/lazyframe__drop_nulls.Rd",1,20,"lf","drop_nulls","polars_lazy_frame",72,TRUE,"offered",TRUE,FALSE,FALSE,""
"reference","man/lazyframe__drop_nulls.Rd",1,20,"lf$drop_nulls(cs$integer())","collect","polars_lazy_frame",72,TRUE,"offered",TRUE,FALSE,FALSE,""
"reference","man/lazyframe__drop_nulls.Rd",1,20,"lf","drop_nulls","polars_lazy_frame",72,TRUE,"offered",TRUE,FALSE,FALSE,""
"reference","man/lazyframe__drop_nulls.Rd",1,20,"cs","integer","cs",35,TRUE,"offered",TRUE,FALSE,FALSE,""
"reference","man/lazyframe__drop.Rd",1,22,"pl","LazyFrame","pl",103,TRUE,"offered",TRUE,FALSE,FALSE,""
"reference","man/lazyframe__drop.Rd",1,22,"lf$drop(""ham"")","collect","polars_lazy_frame",72,TRUE,"offered",TRUE,FALSE,FALSE,""
"reference","man/lazyframe__drop.Rd",1,22,"lf","drop","polars_lazy_frame",72,TRUE,"offered",TRUE,FALSE,FALSE,""
"reference","man/lazyframe__drop.Rd",1,22,"lf$drop(""ham"", ""bar"")","collect","polars_lazy_frame",72,TRUE,"offered",TRUE,FALSE,FALSE,""
"reference","man/lazyframe__drop.Rd",1,22,"lf","drop","polars_lazy_frame",72,TRUE,"offered",TRUE,FALSE,FALSE,""
"reference","man/lazyframe__drop.Rd",1,22,"lf$drop(cs$all())","collect","polars_lazy_frame",72,TRUE,"offered",TRUE,FALSE,FALSE,""
"reference","man/lazyframe__drop.Rd",1,22,"lf","drop","polars_lazy_frame",72,TRUE,"offered",TRUE,FALSE,FALSE,""
"reference","man/lazyframe__drop.Rd",1,22,"cs","all","cs",35,TRUE,"offered",TRUE,FALSE,FALSE,""
"reference","man/lazyframe__explain.Rd",1,49,"lazy_frame$sort(""Species"")","filter","polars_lazy_frame",72,TRUE,"offered",TRUE,FALSE,FALSE,""
"reference","man/lazyframe__explain.Rd",1,49,"lazy_frame","sort","polars_lazy_frame",72,TRUE,"offered",TRUE,FALSE,FALSE,""
"reference","man/lazyframe__explain.Rd",1,49,"pl","col","pl",103,TRUE,"offered",TRUE,FALSE,FALSE,""
"reference","man/lazyframe__explain.Rd",1,49,"lazy_query","explain","polars_lazy_frame",72,TRUE,"offered",TRUE,FALSE,FALSE,""
"reference","man/lazyframe__explain.Rd",1,49,"lazy_query","explain","polars_lazy_frame",72,TRUE,"offered",TRUE,FALSE,FALSE,""
"reference","man/lazyframe__explain.Rd",1,49,"lazy_query","explain","polars_lazy_frame",72,TRUE,"offered",TRUE,FALSE,FALSE,""
"reference","man/lazyframe__explain.Rd",1,49,"pl","QueryOptFlags","pl",103,TRUE,"offered",TRUE,FALSE,FALSE,""
"reference","man/lazyframe__explain.Rd",1,49,"lazy_query","explain","polars_lazy_frame",72,TRUE,"offered",TRUE,FALSE,FALSE,""
"reference","man/lazyframe__explode.Rd",1,25,"pl","LazyFrame","pl",103,TRUE,"offered",TRUE,FALSE,FALSE,""
"reference","man/lazyframe__explode.Rd",1,25,"lf$explode(""numbers"")","collect","polars_lazy_frame",72,TRUE,"offered",TRUE,FALSE,FALSE,""
"reference","man/lazyframe__explode.Rd",1,25,"lf","explode","polars_lazy_frame",72,TRUE,"offered",TRUE,FALSE,FALSE,""
"reference","man/lazyframe__fill_nan.Rd",1,18,"pl","LazyFrame","pl",103,TRUE,"offered",TRUE,FALSE,FALSE,""
"reference","man/lazyframe__fill_nan.Rd",1,18,"lf$fill_nan(99)","collect","polars_lazy_frame",72,TRUE,"offered",TRUE,FALSE,FALSE,""
"reference","man/lazyframe__fill_nan.Rd",1,18,"lf","fill_nan","polars_lazy_frame",72,TRUE,"offered",TRUE,FALSE,FALSE,""
"reference","man/lazyframe__fill_null.Rd",1,36,"pl","LazyFrame","pl",103,TRUE,"offered",TRUE,FALSE,FALSE,""
"reference","man/lazyframe__fill_null.Rd",1,36,"lf$fill_null(99)","collect","polars_lazy_frame",72,TRUE,"offered",TRUE,FALSE,FALSE,""
"reference","man/lazyframe__fill_null.Rd",1,36,"lf","fill_null","polars_lazy_frame",72,TRUE,"offered",TRUE,FALSE,FALSE,""
"reference","man/lazyframe__fill_null.Rd",1,36,"lf$fill_null(strategy = ""forward"")","collect","polars_lazy_frame",72,TRUE,"offered",TRUE,FALSE,FALSE,""
"reference","man/lazyframe__fill_null.Rd",1,36,"lf","fill_null","polars_lazy_frame",72,TRUE,"offered",TRUE,FALSE,FALSE,""
"reference","man/lazyframe__fill_null.Rd",1,36,"lf$fill_null(strategy = ""max"")","collect","polars_lazy_frame",72,TRUE,"offered",TRUE,FALSE,FALSE,""
"reference","man/lazyframe__fill_null.Rd",1,36,"lf","fill_null","polars_lazy_frame",72,TRUE,"offered",TRUE,FALSE,FALSE,""
"reference","man/lazyframe__fill_null.Rd",1,36,"lf$fill_null(strategy = ""zero"")","collect","polars_lazy_frame",72,TRUE,"offered",TRUE,FALSE,FALSE,""
"reference","man/lazyframe__fill_null.Rd",1,36,"lf","fill_null","polars_lazy_frame",72,TRUE,"offered",TRUE,FALSE,FALSE,""
"reference","man/lazyframe__filter.Rd",1,20,"pl","LazyFrame","pl",103,TRUE,"offered",TRUE,FALSE,FALSE,""
"reference","man/lazyframe__filter.Rd",1,20,"lf$filter(pl$col(""foo"") > 1)","collect","polars_lazy_frame",72,TRUE,"offered",TRUE,FALSE,FALSE,""
"reference","man/lazyframe__filter.Rd",1,20,"lf","filter","polars_lazy_frame",72,TRUE,"offered",TRUE,FALSE,FALSE,""
"reference","man/lazyframe__filter.Rd",1,20,"pl","col","pl",103,TRUE,"offered",TRUE,FALSE,FALSE,""
"reference","man/lazyframe__filter.Rd",1,20,"lf$filter((pl$col(""foo"") < 3) & (pl$col(""ham"") == ""a""))","collect","polars_lazy_frame",72,TRUE,"offered",TRUE,FALSE,FALSE,""
"reference","man/lazyframe__filter.Rd",1,20,"lf","filter","polars_lazy_frame",72,TRUE,"offered",TRUE,FALSE,FALSE,""
"reference","man/lazyframe__filter.Rd",1,20,"pl","col","pl",103,TRUE,"offered",TRUE,FALSE,FALSE,""
"reference","man/lazyframe__filter.Rd",1,20,"pl","col","pl",103,TRUE,"offered",TRUE,FALSE,FALSE,""
"reference","man/lazyframe__filter.Rd",1,20,"lf$filter((pl$col(""foo"") == 1) | (pl$col(""ham"") == "" c""))","collect","polars_lazy_frame",72,TRUE,"offered",TRUE,FALSE,FALSE,""
"reference","man/lazyframe__filter.Rd",1,20,"lf","filter","polars_lazy_frame",72,TRUE,"offered",TRUE,FALSE,FALSE,""
"reference","man/lazyframe__filter.Rd",1,20,"pl","col","pl",103,TRUE,"offered",TRUE,FALSE,FALSE,""
"reference","man/lazyframe__filter.Rd",1,20,"pl","col","pl",103,TRUE,"offered",TRUE,FALSE,FALSE,""
"reference","man/lazyframe__filter.Rd",1,20,"lf$filter(pl$col(""foo"") == pl$col(""bar""))","collect","polars_lazy_frame",72,TRUE,"offered",TRUE,FALSE,FALSE,""
"reference","man/lazyframe__filter.Rd",1,20,"lf","filter","polars_lazy_frame",72,TRUE,"offered",TRUE,FALSE,FALSE,""
"reference","man/lazyframe__filter.Rd",1,20,"pl","col","pl",103,TRUE,"offered",TRUE,FALSE,FALSE,""
"reference","man/lazyframe__filter.Rd",1,20,"pl","col","pl",103,TRUE,"offered",TRUE,FALSE,FALSE,""
"reference","man/lazyframe__filter.Rd",1,20,"lf$filter(pl$col(""foo"") != pl$col(""bar""))","collect","polars_lazy_frame",72,TRUE,"offered",TRUE,FALSE,FALSE,""
"reference","man/lazyframe__filter.Rd",1,20,"lf","filter","polars_lazy_frame",72,TRUE,"offered",TRUE,FALSE,FALSE,""
"reference","man/lazyframe__filter.Rd",1,20,"pl","col","pl",103,TRUE,"offered",TRUE,FALSE,FALSE,""
"reference","man/lazyframe__filter.Rd",1,20,"pl","col","pl",103,TRUE,"offered",TRUE,FALSE,FALSE,""
"reference","man/lazyframe__filter.Rd",1,20,"lf$filter(pl$col(""foo"")$ne_missing(pl$col(""bar"")))","collect","polars_lazy_frame",72,TRUE,"offered",TRUE,FALSE,FALSE,""
"reference","man/lazyframe__filter.Rd",1,20,"lf","filter","polars_lazy_frame",72,TRUE,"offered",TRUE,FALSE,FALSE,""
"reference","man/lazyframe__filter.Rd",1,20,"pl$col(""foo"")","ne_missing","polars_expr",212,TRUE,"offered",TRUE,FALSE,FALSE,""
"reference","man/lazyframe__filter.Rd",1,20,"pl","col","pl",103,TRUE,"offered",TRUE,FALSE,FALSE,""
"reference","man/lazyframe__filter.Rd",1,20,"pl","col","pl",103,TRUE,"offered",TRUE,FALSE,FALSE,""
"reference","man/lazyframe__first.Rd",1,15,"pl","LazyFrame","pl",103,TRUE,"offered",TRUE,FALSE,FALSE,""
"reference","man/lazyframe__first.Rd",1,15,"lf$first()","collect","polars_lazy_frame",72,TRUE,"offered",TRUE,FALSE,FALSE,""
"reference","man/lazyframe__first.Rd",1,15,"lf","first","polars_lazy_frame",72,TRUE,"offered",TRUE,FALSE,FALSE,""
"reference","man/lazyframe__gather_every.Rd",1,20,"pl","LazyFrame","pl",103,TRUE,"offered",TRUE,FALSE,FALSE,""
"reference","man/lazyframe__gather_every.Rd",1,20,"lf$gather_every(2)","collect","polars_lazy_frame",72,TRUE,"offered",TRUE,FALSE,FALSE,""
"reference","man/lazyframe__gather_every.Rd",1,20,"lf","gather_every","polars_lazy_frame",72,TRUE,"offered",TRUE,FALSE,FALSE,""
"reference","man/lazyframe__gather_every.Rd",1,20,"lf$gather_every(2, offset = 1)","collect","polars_lazy_frame",72,TRUE,"offered",TRUE,FALSE,FALSE,""
"reference","man/lazyframe__gather_every.Rd",1,20,"lf","gather_every","polars_lazy_frame",72,TRUE,"offered",TRUE,FALSE,FALSE,""
"reference","man/lazyframe__group_by_dynamic.Rd",1,112,"pl$select(time = pl$datetime_range(start = strptime(""2021-12-16 00:00:00"", format = ""%Y-%m-%d %H:%M:%S"", tz = ""UTC""), end = strptime(""2021-12-16 03:00:00"", format = ""%Y-%m-%d %H:%M","lazy","polars_data_frame",89,TRUE,"offered",TRUE,FALSE,FALSE,""
"reference","man/lazyframe__group_by_dynamic.Rd",1,112,"pl","select","pl",103,TRUE,"offered",TRUE,FALSE,FALSE,""
"reference","man/lazyframe__group_by_dynamic.Rd",1,112,"pl","datetime_range","pl",103,TRUE,"offered",TRUE,FALSE,FALSE,""
"reference","man/lazyframe__group_by_dynamic.Rd",1,112,"lf","collect","polars_lazy_frame",72,TRUE,"offered",TRUE,FALSE,FALSE,""
"reference","man/lazyframe__group_by_dynamic.Rd",1,112,"lf$group_by_dynamic(""time"", every = ""1h"", closed = ""right"")$agg(vals = pl$col(""n""))","collect","polars_lazy_frame",72,TRUE,"offered",TRUE,FALSE,FALSE,""
"reference","man/lazyframe__group_by_dynamic.Rd",1,112,"lf$group_by_dynamic(""time"", every = ""1h"", closed = ""right"")","agg","polars_lazy_group_by",13,TRUE,"offered",TRUE,FALSE,FALSE,""
"reference","man/lazyframe__group_by_dynamic.Rd",1,112,"lf","group_by_dynamic","polars_lazy_frame",72,TRUE,"offered",TRUE,FALSE,FALSE,""
"reference","man/lazyframe__group_by_dynamic.Rd",1,112,"pl","col","pl",103,TRUE,"offered",TRUE,FALSE,FALSE,""
"reference","man/lazyframe__group_by_dynamic.Rd",1,112,"lf$group_by_dynamic(""time"", every = ""1h"", include_boundaries = TRUE, closed = ""right"")$agg(pl$col(""n"")$mean())","collect","polars_lazy_frame",72,TRUE,"offered",TRUE,FALSE,FALSE,""
"reference","man/lazyframe__group_by_dynamic.Rd",1,112,"lf$group_by_dynamic(""time"", every = ""1h"", include_boundaries = TRUE, closed = ""right"")","agg","polars_lazy_group_by",13,TRUE,"offered",TRUE,FALSE,FALSE,""
"reference","man/lazyframe__group_by_dynamic.Rd",1,112,"lf","group_by_dynamic","polars_lazy_frame",72,TRUE,"offered",TRUE,FALSE,FALSE,""
"reference","man/lazyframe__group_by_dynamic.Rd",1,112,"pl$col(""n"")","mean","polars_expr",212,TRUE,"offered",TRUE,FALSE,FALSE,""
"reference","man/lazyframe__group_by_dynamic.Rd",1,112,"pl","col","pl",103,TRUE,"offered",TRUE,FALSE,FALSE,""
"reference","man/lazyframe__group_by_dynamic.Rd",1,112,"lf$group_by_dynamic(""time"", every = ""1h"", closed = ""left"")$agg(pl$col(""n""))","collect","polars_lazy_frame",72,TRUE,"offered",TRUE,FALSE,FALSE,""
"reference","man/lazyframe__group_by_dynamic.Rd",1,112,"lf$group_by_dynamic(""time"", every = ""1h"", closed = ""left"")","agg","polars_lazy_group_by",13,TRUE,"offered",TRUE,FALSE,FALSE,""
"reference","man/lazyframe__group_by_dynamic.Rd",1,112,"lf","group_by_dynamic","polars_lazy_frame",72,TRUE,"offered",TRUE,FALSE,FALSE,""
"reference","man/lazyframe__group_by_dynamic.Rd",1,112,"pl","col","pl",103,TRUE,"offered",TRUE,FALSE,FALSE,""
"reference","man/lazyframe__group_by_dynamic.Rd",1,112,"lf$group_by_dynamic(""time"", every = ""1h"", closed = ""both"")$agg(pl$col(""n""))","collect","polars_lazy_frame",72,TRUE,"offered",TRUE,FALSE,FALSE,""
"reference","man/lazyframe__group_by_dynamic.Rd",1,112,"lf$group_by_dynamic(""time"", every = ""1h"", closed = ""both"")","agg","polars_lazy_group_by",13,TRUE,"offered",TRUE,FALSE,FALSE,""
"reference","man/lazyframe__group_by_dynamic.Rd",1,112,"lf","group_by_dynamic","polars_lazy_frame",72,TRUE,"offered",TRUE,FALSE,FALSE,""
"reference","man/lazyframe__group_by_dynamic.Rd",1,112,"pl","col","pl",103,TRUE,"offered",TRUE,FALSE,FALSE,""
"reference","man/lazyframe__group_by_dynamic.Rd",1,112,"lf","with_columns","polars_lazy_frame",72,TRUE,"offered",TRUE,FALSE,FALSE,""
"reference","man/lazyframe__group_by_dynamic.Rd",1,112,"lf","collect","polars_lazy_frame",72,TRUE,"offered",TRUE,FALSE,FALSE,""
"reference","man/lazyframe__group_by_dynamic.Rd",1,112,"lf$group_by_dynamic(""time"", every = ""1h"", closed = ""both"", group_by = ""groups"", include_boundaries = TRUE)$agg(pl$col(""n""))","collect","polars_lazy_frame",72,TRUE,"offered",TRUE,FALSE,FALSE,""
"reference","man/lazyframe__group_by_dynamic.Rd",1,112,"lf$group_by_dynamic(""time"", every = ""1h"", closed = ""both"", group_by = ""groups"", include_boundaries = TRUE)","agg","polars_lazy_group_by",13,TRUE,"offered",TRUE,FALSE,FALSE,""
"reference","man/lazyframe__group_by_dynamic.Rd",1,112,"lf","group_by_dynamic","polars_lazy_frame",72,TRUE,"offered",TRUE,FALSE,FALSE,""
"reference","man/lazyframe__group_by_dynamic.Rd",1,112,"pl","col","pl",103,TRUE,"offered",TRUE,FALSE,FALSE,""
"reference","man/lazyframe__group_by_dynamic.Rd",1,112,"pl$LazyFrame(idx = 0:5, A = c(""A"", ""A"", ""B"", ""B"", ""B"", ""C""))","with_columns","polars_lazy_frame",72,TRUE,"offered",TRUE,FALSE,FALSE,""
"reference","man/lazyframe__group_by_dynamic.Rd",1,112,"pl","LazyFrame","pl",103,TRUE,"offered",TRUE,FALSE,FALSE,""
"reference","man/lazyframe__group_by_dynamic.Rd",1,112,"pl$col(""idx"")","set_sorted","polars_expr",212,TRUE,"offered",TRUE,FALSE,FALSE,""
"reference","man/lazyframe__group_by_dynamic.Rd",1,112,"pl","col","pl",103,TRUE,"offered",TRUE,FALSE,FALSE,""
"reference","man/lazyframe__group_by_dynamic.Rd",1,112,"lf","collect","polars_lazy_frame",72,TRUE,"offered",TRUE,FALSE,FALSE,""
"reference","man/lazyframe__group_by_dynamic.Rd",1,112,"lf$group_by_dynamic(""idx"", every = ""2i"", period = ""3i"", include_boundaries = TRUE, closed = ""right"")$agg(A_agg_list = pl$col(""A""))","collect","polars_lazy_frame",72,TRUE,"offered",TRUE,FALSE,FALSE,""
"reference","man/lazyframe__group_by_dynamic.Rd",1,112,"lf$group_by_dynamic(""idx"", every = ""2i"", period = ""3i"", include_boundaries = TRUE, closed = ""right"")","agg","polars_lazy_group_by",13,TRUE,"offered",TRUE,FALSE,FALSE,""
"reference","man/lazyframe__group_by_dynamic.Rd",1,112,"lf","group_by_dynamic","polars_lazy_frame",72,TRUE,"offered",TRUE,FALSE,FALSE,""
"reference","man/lazyframe__group_by_dynamic.Rd",1,112,"pl","col","pl",103,TRUE,"offered",TRUE,FALSE,FALSE,""
"reference","man/lazyframe__group_by.Rd",1,23,"pl","LazyFrame","pl",103,TRUE,"offered",TRUE,FALSE,FALSE,""
"reference","man/lazyframe__group_by.Rd",1,23,"lf$group_by(""a"")$agg(pl$col(""b"")$sum())","collect","polars_lazy_frame",72,TRUE,"offered",TRUE,FALSE,FALSE,""
"reference","man/lazyframe__group_by.Rd",1,23,"lf$group_by(""a"")","agg","polars_lazy_group_by",13,TRUE,"offered",TRUE,FALSE,FALSE,""
"reference","man/lazyframe__group_by.Rd",1,23,"lf","group_by","polars_lazy_frame",72,TRUE,"offered",TRUE,FALSE,FALSE,""
"reference","man/lazyframe__group_by.Rd",1,23,"pl$col(""b"")","sum","polars_expr",212,TRUE,"offered",TRUE,FALSE,FALSE,""
"reference","man/lazyframe__group_by.Rd",1,23,"pl","col","pl",103,TRUE,"offered",TRUE,FALSE,FALSE,""
"reference","man/lazyframe__group_by.Rd",1,23,"lf$group_by(""a"", .maintain_order = TRUE)$agg(pl$col(""b"")$sum())","collect","polars_lazy_frame",72,TRUE,"offered",TRUE,FALSE,FALSE,""
"reference","man/lazyframe__group_by.Rd",1,23,"lf$group_by(""a"", .maintain_order = TRUE)","agg","polars_lazy_group_by",13,TRUE,"offered",TRUE,FALSE,FALSE,""
"reference","man/lazyframe__group_by.Rd",1,23,"lf","group_by","polars_lazy_frame",72,TRUE,"offered",TRUE,FALSE,FALSE,""
"reference","man/lazyframe__group_by.Rd",1,23,"pl$col(""b"")","sum","polars_expr",212,TRUE,"offered",TRUE,FALSE,FALSE,""
"reference","man/lazyframe__group_by.Rd",1,23,"pl","col","pl",103,TRUE,"offered",TRUE,FALSE,FALSE,""
"reference","man/lazyframe__group_by.Rd",1,23,"lf$group_by(c(""a"", ""b""))$agg(pl$col(""c"")$max())","collect","polars_lazy_frame",72,TRUE,"offered",TRUE,FALSE,FALSE,""
"reference","man/lazyframe__group_by.Rd",1,23,"lf$group_by(c(""a"", ""b""))","agg","polars_lazy_group_by",13,TRUE,"offered",TRUE,FALSE,FALSE,""
"reference","man/lazyframe__group_by.Rd",1,23,"lf","group_by","polars_lazy_frame",72,TRUE,"offered",TRUE,FALSE,FALSE,""
"reference","man/lazyframe__group_by.Rd",1,23,"pl$col(""c"")","max","polars_expr",212,TRUE,"offered",TRUE,FALSE,FALSE,""
"reference","man/lazyframe__group_by.Rd",1,23,"pl","col","pl",103,TRUE,"offered",TRUE,FALSE,FALSE,""
"reference","man/lazyframe__group_by.Rd",1,23,"lf$group_by(""a"", pl$col(""b"")/2)$agg(pl$col(""c"")$mean())","collect","polars_lazy_frame",72,TRUE,"offered",TRUE,FALSE,FALSE,""
"reference","man/lazyframe__group_by.Rd",1,23,"lf$group_by(""a"", pl$col(""b"")/2)","agg","polars_lazy_group_by",13,TRUE,"offered",TRUE,FALSE,FALSE,""
"reference","man/lazyframe__group_by.Rd",1,23,"lf","group_by","polars_lazy_frame",72,TRUE,"offered",TRUE,FALSE,FALSE,""
"reference","man/lazyframe__group_by.Rd",1,23,"pl","col","pl",103,TRUE,"offered",TRUE,FALSE,FALSE,""
"reference","man/lazyframe__group_by.Rd",1,23,"pl$col(""c"")","mean","polars_expr",212,TRUE,"offered",TRUE,FALSE,FALSE,""
"reference","man/lazyframe__group_by.Rd",1,23,"pl","col","pl",103,TRUE,"offered",TRUE,FALSE,FALSE,""
"reference","man/lazyframe__head.Rd",1,21,"pl","LazyFrame","pl",103,TRUE,"offered",TRUE,FALSE,FALSE,""
"reference","man/lazyframe__head.Rd",1,21,"lf$head()","collect","polars_lazy_frame",72,TRUE,"offered",TRUE,FALSE,FALSE,""
"reference","man/lazyframe__head.Rd",1,21,"lf","head","polars_lazy_frame",72,TRUE,"offered",TRUE,FALSE,FALSE,""
"reference","man/lazyframe__head.Rd",1,21,"lf$head(2)","collect","polars_lazy_frame",72,TRUE,"offered",TRUE,FALSE,FALSE,""
"reference","man/lazyframe__head.Rd",1,21,"lf","head","polars_lazy_frame",72,TRUE,"offered",TRUE,FALSE,FALSE,""
"reference","man/lazyframe__interpolate.Rd",1,15,"pl","LazyFrame","pl",103,TRUE,"offered",TRUE,FALSE,FALSE,""
"reference","man/lazyframe__interpolate.Rd",1,15,"lf$interpolate()","collect","polars_lazy_frame",72,TRUE,"offered",TRUE,FALSE,FALSE,""
"reference","man/lazyframe__interpolate.Rd",1,15,"lf","interpolate","polars_lazy_frame",72,TRUE,"offered",TRUE,FALSE,FALSE,""
"reference","man/lazyframe__join_asof.Rd",1,121,"pl","LazyFrame","pl",103,TRUE,"offered",TRUE,FALSE,FALSE,""
"reference","man/lazyframe__join_asof.Rd",1,121,"pl","LazyFrame","pl",103,TRUE,"offered",TRUE,FALSE,FALSE,""
"reference","man/lazyframe__join_asof.Rd",1,121,"gdp","sort","polars_lazy_frame",72,TRUE,"offered",TRUE,FALSE,FALSE,""
"reference","man/lazyframe__join_asof.Rd",1,121,"pop","sort","polars_lazy_frame",72,TRUE,"offered",TRUE,FALSE,FALSE,""
"reference","man/lazyframe__join_asof.Rd",1,121,"pop$join_asof(gdp, on = ""date"", strategy = ""backward"")","collect","polars_lazy_frame",72,TRUE,"offered",TRUE,FALSE,FALSE,""
"reference","man/lazyframe__join_asof.Rd",1,121,"pop","join_asof","polars_lazy_frame",72,TRUE,"offered",TRUE,FALSE,FALSE,""
"reference","man/lazyframe__join_asof.Rd",1,121,"pop$join_asof(gdp, on = ""date"", strategy = ""backward"", coalesce = FALSE)","collect","polars_lazy_frame",72,TRUE,"offered",TRUE,FALSE,FALSE,""
"reference","man/lazyframe__join_asof.Rd",1,121,"pop","join_asof","polars_lazy_frame",72,TRUE,"offered",TRUE,FALSE,FALSE,""
"reference","man/lazyframe__join_asof.Rd",1,121,"pop$join_asof(gdp, on = ""date"", strategy = ""forward"")","collect","polars_lazy_frame",72,TRUE,"offered",TRUE,FALSE,FALSE,""
"reference","man/lazyframe__join_asof.Rd",1,121,"pop","join_asof","polars_lazy_frame",72,TRUE,"offered",TRUE,FALSE,FALSE,""
"reference","man/lazyframe__join_asof.Rd",1,121,"pop$join_asof(gdp, on = ""date"", strategy = ""nearest"")","collect","polars_lazy_frame",72,TRUE,"offered",TRUE,FALSE,FALSE,""
"reference","man/lazyframe__join_asof.Rd",1,121,"pop","join_asof","polars_lazy_frame",72,TRUE,"offered",TRUE,FALSE,FALSE,""
"reference","man/lazyframe__join_asof.Rd",1,121,"pl$LazyFrame(country = rep(c(""Germany"", ""Netherlands""), each = 5), date = rep(as.Date(c(""2016-1-1"", ""2017-1-1"", ""2018-1-1"", ""2019-1-1"", ""2020-1-1"")), 2), gdp = c(4164, 4411, 4566, ","sort","polars_lazy_frame",72,TRUE,"offered",TRUE,FALSE,FALSE,""
"reference","man/lazyframe__join_asof.Rd",1,121,"pl","LazyFrame","pl",103,TRUE,"offered",TRUE,FALSE,FALSE,""
"reference","man/lazyframe__join_asof.Rd",1,121,"gdp2","collect","polars_lazy_frame",72,TRUE,"offered",TRUE,FALSE,FALSE,""
"reference","man/lazyframe__join_asof.Rd",1,121,"pl$LazyFrame(country = rep(c(""Germany"", ""Netherlands""), each = 3), date = rep(as.Date(c(""2016-3-1"", ""2018-8-1"", ""2019-1-1"")), 2), population = c(82.19, 82.66, 83.12, 17.11, 17.32, ","sort","polars_lazy_frame",72,TRUE,"offered",TRUE,FALSE,FALSE,""
"reference","man/lazyframe__join_asof.Rd",1,121,"pl","LazyFrame","pl",103,TRUE,"offered",TRUE,FALSE,FALSE,""
"reference","man/lazyframe__join_asof.Rd",1,121,"pop2","collect","polars_lazy_frame",72,TRUE,"offered",TRUE,FALSE,FALSE,""
"reference","man/lazyframe__join_asof.Rd",1,121,"pop2$join_asof(gdp2, by = ""country"", on = ""date"", strategy = ""nearest"")","collect","polars_lazy_frame",72,TRUE,"offered",TRUE,FALSE,FALSE,""
"reference","man/lazyframe__join_asof.Rd",1,121,"pop2","join_asof","polars_lazy_frame",72,TRUE,"offered",TRUE,FALSE,FALSE,""
"reference","man/lazyframe__join_where.Rd",1,40,"pl","LazyFrame","pl",103,TRUE,"offered",TRUE,FALSE,FALSE,""
"reference","man/lazyframe__join_where.Rd",1,40,"pl","LazyFrame","pl",103,TRUE,"offered",TRUE,FALSE,FALSE,""
"reference","man/lazyframe__join_where.Rd",1,40,"east$join_where(west, pl$col(""dur"") < pl$col(""time""), pl$col(""rev"") < pl$col(""cost""))","collect","polars_lazy_frame",72,TRUE,"offered",TRUE,FALSE,FALSE,""
"reference","man/lazyframe__join_where.Rd",1,40,"east","join_where","polars_lazy_frame",72,TRUE,"offered",TRUE,FALSE,FALSE,""
"reference","man/lazyframe__join_where.Rd",1,40,"pl","col","pl",103,TRUE,"offered",TRUE,FALSE,FALSE,""
"reference","man/lazyframe__join_where.Rd",1,40,"pl","col","pl",103,TRUE,"offered",TRUE,FALSE,FALSE,""
"reference","man/lazyframe__join_where.Rd",1,40,"pl","col","pl",103,TRUE,"offered",TRUE,FALSE,FALSE,""
"reference","man/lazyframe__join_where.Rd",1,40,"pl","col","pl",103,TRUE,"offered",TRUE,FALSE,FALSE,""
"reference","man/lazyframe__join_where.Rd",1,40,"east$join_where(west, pl$col(""dur"") < pl$col(""time""), pl$col(""rev"") < pl$col(""cost""), how = ""left"")","collect","polars_lazy_frame",72,TRUE,"offered",TRUE,FALSE,FALSE,""
"reference","man/lazyframe__join_where.Rd",1,40,"east","join_where","polars_lazy_frame",72,TRUE,"offered",TRUE,FALSE,FALSE,""
"reference","man/lazyframe__join_where.Rd",1,40,"pl","col","pl",103,TRUE,"offered",TRUE,FALSE,FALSE,""
"reference","man/lazyframe__join_where.Rd",1,40,"pl","col","pl",103,TRUE,"offered",TRUE,FALSE,FALSE,""
"reference","man/lazyframe__join_where.Rd",1,40,"pl","col","pl",103,TRUE,"offered",TRUE,FALSE,FALSE,""
"reference","man/lazyframe__join_where.Rd",1,40,"pl","col","pl",103,TRUE,"offered",TRUE,FALSE,FALSE,""
"reference","man/lazyframe__join.Rd",1,105,"pl","LazyFrame","pl",103,TRUE,"offered",TRUE,FALSE,FALSE,""
"reference","man/lazyframe__join.Rd",1,105,"pl","LazyFrame","pl",103,TRUE,"offered",TRUE,FALSE,FALSE,""
"reference","man/lazyframe__join.Rd",1,105,"lf$join(other_lf, on = ""ham"")","collect","polars_lazy_frame",72,TRUE,"offered",TRUE,FALSE,FALSE,""
"reference","man/lazyframe__join.Rd",1,105,"lf","join","polars_lazy_frame",72,TRUE,"offered",TRUE,FALSE,FALSE,""
"reference","man/lazyframe__join.Rd",1,105,"lf$join(other_lf, on = ""ham"", how = ""full"")","collect","polars_lazy_frame",72,TRUE,"offered",TRUE,FALSE,FALSE,""
"reference","man/lazyframe__join.Rd",1,105,"lf","join","polars_lazy_frame",72,TRUE,"offered",TRUE,FALSE,FALSE,""
"reference","man/lazyframe__join.Rd",1,105,"lf$join(other_lf, on = ""ham"", how = ""left"", coalesce = TRUE)","collect","polars_lazy_frame",72,TRUE,"offered",TRUE,FALSE,FALSE,""
"reference","man/lazyframe__join.Rd",1,105,"lf","join","polars_lazy_frame",72,TRUE,"offered",TRUE,FALSE,FALSE,""
"reference","man/lazyframe__join.Rd",1,105,"lf$join(other_lf, on = ""ham"", how = ""semi"")","collect","polars_lazy_frame",72,TRUE,"offered",TRUE,FALSE,FALSE,""
"reference","man/lazyframe__join.Rd",1,105,"lf","join","polars_lazy_frame",72,TRUE,"offered",TRUE,FALSE,FALSE,""
"reference","man/lazyframe__join.Rd",1,105,"lf$join(other_lf, on = ""ham"", how = ""anti"")","collect","polars_lazy_frame",72,TRUE,"offered",TRUE,FALSE,FALSE,""
"reference","man/lazyframe__join.Rd",1,105,"lf","join","polars_lazy_frame",72,TRUE,"offered",TRUE,FALSE,FALSE,""
"reference","man/lazyframe__last.Rd",1,15,"pl","LazyFrame","pl",103,TRUE,"offered",TRUE,FALSE,FALSE,""
"reference","man/lazyframe__last.Rd",1,15,"lf$last()","collect","polars_lazy_frame",72,TRUE,"offered",TRUE,FALSE,FALSE,""
"reference","man/lazyframe__last.Rd",1,15,"lf","last","polars_lazy_frame",72,TRUE,"offered",TRUE,FALSE,FALSE,""
"reference","man/lazyframe__max.Rd",1,15,"pl","LazyFrame","pl",103,TRUE,"offered",TRUE,FALSE,FALSE,""
"reference","man/lazyframe__max.Rd",1,15,"lf$max()","collect","polars_lazy_frame",72,TRUE,"offered",TRUE,FALSE,FALSE,""
"reference","man/lazyframe__max.Rd",1,15,"lf","max","polars_lazy_frame",72,TRUE,"offered",TRUE,FALSE,FALSE,""
"reference","man/lazyframe__mean.Rd",1,15,"pl","LazyFrame","pl",103,TRUE,"offered",TRUE,FALSE,FALSE,""
"reference","man/lazyframe__mean.Rd",1,15,"lf$mean()","collect","polars_lazy_frame",72,TRUE,"offered",TRUE,FALSE,FALSE,""
"reference","man/lazyframe__mean.Rd",1,15,"lf","mean","polars_lazy_frame",72,TRUE,"offered",TRUE,FALSE,FALSE,""
"reference","man/lazyframe__median.Rd",1,15,"pl","LazyFrame","pl",103,TRUE,"offered",TRUE,FALSE,FALSE,""
"reference","man/lazyframe__median.Rd",1,15,"lf$median()","collect","polars_lazy_frame",72,TRUE,"offered",TRUE,FALSE,FALSE,""
"reference","man/lazyframe__median.Rd",1,15,"lf","median","polars_lazy_frame",72,TRUE,"offered",TRUE,FALSE,FALSE,""
"reference","man/lazyframe__merge_sorted.Rd",1,28,"pl$LazyFrame(name = c(""steve"", ""elise"", ""bob""), age = c(42, 44, 18))","sort","polars_lazy_frame",72,TRUE,"offered",TRUE,FALSE,FALSE,""
"reference","man/lazyframe__merge_sorted.Rd",1,28,"pl","LazyFrame","pl",103,TRUE,"offered",TRUE,FALSE,FALSE,""
"reference","man/lazyframe__merge_sorted.Rd",1,28,"pl$LazyFrame(name = c(""anna"", ""megan"", ""steve"", ""thomas""), age = c(21, 33, 42, 20))","sort","polars_lazy_frame",72,TRUE,"offered",TRUE,FALSE,FALSE,""
"reference","man/lazyframe__merge_sorted.Rd",1,28,"pl","LazyFrame","pl",103,TRUE,"offered",TRUE,FALSE,FALSE,""
"reference","man/lazyframe__merge_sorted.Rd",1,28,"lf1$merge_sorted(lf2, key = ""age"")","collect","polars_lazy_frame",72,TRUE,"offered",TRUE,FALSE,FALSE,""
"reference","man/lazyframe__merge_sorted.Rd",1,28,"lf1","merge_sorted","polars_lazy_frame",72,TRUE,"offered",TRUE,FALSE,FALSE,""
"reference","man/lazyframe__min.Rd",1,15,"pl","LazyFrame","pl",103,TRUE,"offered",TRUE,FALSE,FALSE,""
"reference","man/lazyframe__min.Rd",1,15,"lf$min()","collect","polars_lazy_frame",72,TRUE,"offered",TRUE,FALSE,FALSE,""
"reference","man/lazyframe__min.Rd",1,15,"lf","min","polars_lazy_frame",72,TRUE,"offered",TRUE,FALSE,FALSE,""
"reference","man/lazyframe__null_count.Rd",1,15,"pl","LazyFrame","pl",103,TRUE,"offered",TRUE,FALSE,FALSE,""
"reference","man/lazyframe__null_count.Rd",1,15,"lf$null_count()","collect","polars_lazy_frame",72,TRUE,"offered",TRUE,FALSE,FALSE,""
"reference","man/lazyframe__null_count.Rd",1,15,"lf","null_count","polars_lazy_frame",72,TRUE,"offered",TRUE,FALSE,FALSE,""
"reference","man/lazyframe__pivot.Rd",1,72,"pl","DataFrame","pl",103,TRUE,"offered",TRUE,FALSE,TRUE,""
"reference","man/lazyframe__pivot.Rd",1,72,"df$lazy()$pivot(""subject"", on_columns = c(""maths"", ""physics""), index = ""name"", values = ""test_1"", )","collect","polars_lazy_frame",72,TRUE,"offered",TRUE,FALSE,TRUE,""
"reference","man/lazyframe__pivot.Rd",1,72,"df$lazy()","pivot","polars_lazy_frame",72,TRUE,"offered",TRUE,FALSE,TRUE,""
"reference","man/lazyframe__pivot.Rd",1,72,"df","lazy","polars_data_frame",89,TRUE,"offered",TRUE,FALSE,TRUE,""
"reference","man/lazyframe__pivot.Rd",1,72,"df$lazy()$pivot(""subject"", on_columns = c(""maths"", ""physics""), values = cs$starts_with(""test""), )","collect","polars_lazy_frame",72,TRUE,"offered",TRUE,FALSE,TRUE,""
"reference","man/lazyframe__pivot.Rd",1,72,"df$lazy()","pivot","polars_lazy_frame",72,TRUE,"offered",TRUE,FALSE,TRUE,""
"reference","man/lazyframe__pivot.Rd",1,72,"df","lazy","polars_data_frame",89,TRUE,"offered",TRUE,FALSE,TRUE,""
"reference","man/lazyframe__pivot.Rd",1,72,"cs","starts_with","cs",35,TRUE,"offered",TRUE,FALSE,TRUE,""
"reference","man/lazyframe__pivot.Rd",1,72,"pl","LazyFrame","pl",103,TRUE,"offered",TRUE,FALSE,TRUE,""
"reference","man/lazyframe__pivot.Rd",1,72,"lf$pivot(""col"", on_columns = c(""a"", ""b""), index = ""ix"", aggregate_function = ""sum"")","collect","polars_lazy_frame",72,TRUE,"offered",TRUE,FALSE,TRUE,""
"reference","man/lazyframe__pivot.Rd",1,72,"lf","pivot","polars_lazy_frame",72,TRUE,"offered",TRUE,FALSE,TRUE,""
"reference","man/lazyframe__pivot.Rd",1,72,"pl","LazyFrame","pl",103,TRUE,"offered",TRUE,FALSE,TRUE,""
"reference","man/lazyframe__pivot.Rd",1,72,"lf$pivot(""col2"", on_columns = c(""x"", ""y""), index = ""col1"", values = ""col3"", aggregate_function = pl$element()$tanh()$mean(), )","collect","polars_lazy_frame",72,TRUE,"offered",TRUE,FALSE,TRUE,""
"reference","man/lazyframe__pivot.Rd",1,72,"lf","pivot","polars_lazy_frame",72,TRUE,"offered",TRUE,FALSE,TRUE,""
"reference","man/lazyframe__pivot.Rd",1,72,"pl$element()$tanh()","mean","polars_expr",212,TRUE,"offered",TRUE,FALSE,TRUE,""
"reference","man/lazyframe__pivot.Rd",1,72,"pl$element()","tanh","polars_expr",212,TRUE,"offered",TRUE,FALSE,TRUE,""
"reference","man/lazyframe__pivot.Rd",1,72,"pl","element","pl",103,TRUE,"offered",TRUE,FALSE,TRUE,""
"reference","man/lazyframe__pivot.Rd",1,72,"as_polars_lf(datasets::penguins)$pivot(on = c(""species"", ""sex""), on_columns = expand.grid(species = c(""Adelie"", ""Gentoo"", ""Chinstrap""), sex = c(""male"", ""female"")), index = ""island""","collect","polars_lazy_frame",72,TRUE,"offered",TRUE,FALSE,TRUE,""
"reference","man/lazyframe__pivot.Rd",1,72,"as_polars_lf(datasets::penguins)","pivot","polars_lazy_frame",72,TRUE,"offered",TRUE,FALSE,TRUE,""
"reference","man/lazyframe__quantile.Rd",1,30,"pl","LazyFrame","pl",103,TRUE,"offered",TRUE,FALSE,FALSE,""
"reference","man/lazyframe__quantile.Rd",1,30,"lf$quantile(0.7)","collect","polars_lazy_frame",72,TRUE,"offered",TRUE,FALSE,FALSE,""
"reference","man/lazyframe__quantile.Rd",1,30,"lf","quantile","polars_lazy_frame",72,TRUE,"offered",TRUE,FALSE,FALSE,""
"reference","man/lazyframe__remove.Rd",1,21,"pl","LazyFrame","pl",103,TRUE,"offered",TRUE,FALSE,FALSE,""
"reference","man/lazyframe__remove.Rd",1,21,"lf$remove(pl$col(""total"") >= 0)","collect","polars_lazy_frame",72,TRUE,"offered",TRUE,FALSE,FALSE,""
"reference","man/lazyframe__remove.Rd",1,21,"lf","remove","polars_lazy_frame",72,TRUE,"offered",TRUE,FALSE,FALSE,""
"reference","man/lazyframe__remove.Rd",1,21,"pl","col","pl",103,TRUE,"offered",TRUE,FALSE,FALSE,""
"reference","man/lazyframe__remove.Rd",1,21,"lf$filter(pl$col(""total"") < 0)","collect","polars_lazy_frame",72,TRUE,"offered",TRUE,FALSE,FALSE,""
"reference","man/lazyframe__remove.Rd",1,21,"lf","filter","polars_lazy_frame",72,TRUE,"offered",TRUE,FALSE,FALSE,""
"reference","man/lazyframe__remove.Rd",1,21,"pl","col","pl",103,TRUE,"offered",TRUE,FALSE,FALSE,""
"reference","man/lazyframe__remove.Rd",1,21,"lf$remove((pl$col(""total"") >= 0) & (pl$col(""ccy"") == ""USD""))","collect","polars_lazy_frame",72,TRUE,"offered",TRUE,FALSE,FALSE,""
"reference","man/lazyframe__remove.Rd",1,21,"lf","remove","polars_lazy_frame",72,TRUE,"offered",TRUE,FALSE,FALSE,""
"reference","man/lazyframe__remove.Rd",1,21,"pl","col","pl",103,TRUE,"offered",TRUE,FALSE,FALSE,""
"reference","man/lazyframe__remove.Rd",1,21,"pl","col","pl",103,TRUE,"offered",TRUE,FALSE,FALSE,""
"reference","man/lazyframe__remove.Rd",1,21,"lf$remove((pl$col(""total"") >= 0) | (pl$col(""ccy"") == ""USD""))","collect","polars_lazy_frame",72,TRUE,"offered",TRUE,FALSE,FALSE,""
"reference","man/lazyframe__remove.Rd",1,21,"lf","remove","polars_lazy_frame",72,TRUE,"offered",TRUE,FALSE,FALSE,""
"reference","man/lazyframe__remove.Rd",1,21,"pl","col","pl",103,TRUE,"offered",TRUE,FALSE,FALSE,""
"reference","man/lazyframe__remove.Rd",1,21,"pl","col","pl",103,TRUE,"offered",TRUE,FALSE,FALSE,""
"reference","man/lazyframe__rename.Rd",1,28,"pl","LazyFrame","pl",103,TRUE,"offered",TRUE,FALSE,FALSE,""
"reference","man/lazyframe__rename.Rd",1,28,"lf$rename(foo = ""apple"")","collect","polars_lazy_frame",72,TRUE,"offered",TRUE,FALSE,FALSE,""
"reference","man/lazyframe__rename.Rd",1,28,"lf","rename","polars_lazy_frame",72,TRUE,"offered",TRUE,FALSE,FALSE,""
"reference","man/lazyframe__reverse.Rd",1,15,"pl","LazyFrame","pl",103,TRUE,"offered",TRUE,FALSE,FALSE,""
"reference","man/lazyframe__reverse.Rd",1,15,"lf$reverse()","collect","polars_lazy_frame",72,TRUE,"offered",TRUE,FALSE,FALSE,""
"reference","man/lazyframe__reverse.Rd",1,15,"lf","reverse","polars_lazy_frame",72,TRUE,"offered",TRUE,FALSE,FALSE,""
"reference","man/lazyframe__rolling.Rd",1,67,"pl$LazyFrame(dt = dates, a = c(3, 7, 5, 9, 2, 1))","with_columns","polars_lazy_frame",72,TRUE,"offered",TRUE,FALSE,FALSE,""
"reference","man/lazyframe__rolling.Rd",1,67,"pl","LazyFrame","pl",103,TRUE,"offered",TRUE,FALSE,FALSE,""
"reference","man/lazyframe__rolling.Rd",1,67,"pl$col(""dt"")$str","strptime","polars_namespace_expr_str",48,TRUE,"offered",TRUE,FALSE,FALSE,""
"reference","man/lazyframe__rolling.Rd",1,67,"pl$col(""dt"")","str","polars_expr",212,TRUE,"offered",TRUE,FALSE,FALSE,""
"reference","man/lazyframe__rolling.Rd",1,67,"pl","col","pl",103,TRUE,"offered",TRUE,FALSE,FALSE,""
"reference","man/lazyframe__rolling.Rd",1,67,"pl","Datetime","pl",103,TRUE,"offered",TRUE,FALSE,FALSE,""
"reference","man/lazyframe__rolling.Rd",1,67,"df$rolling(index_column = ""dt"", period = ""2d"")$agg(sum_a = pl$col(""a"")$sum(), min_a = pl$col(""a"")$min(), max_a = pl$col(""a"")$max())","collect","polars_lazy_frame",72,TRUE,"offered",TRUE,FALSE,FALSE,""
"reference","man/lazyframe__rolling.Rd",1,67,"df$rolling(index_column = ""dt"", period = ""2d"")","agg","polars_lazy_group_by",13,TRUE,"offered",TRUE,FALSE,FALSE,""
"reference","man/lazyframe__rolling.Rd",1,67,"df","rolling","polars_lazy_frame",72,TRUE,"offered",TRUE,FALSE,FALSE,""
"reference","man/lazyframe__rolling.Rd",1,67,"pl$col(""a"")","sum","polars_expr",212,TRUE,"offered",TRUE,FALSE,FALSE,""
"reference","man/lazyframe__rolling.Rd",1,67,"pl","col","pl",103,TRUE,"offered",TRUE,FALSE,FALSE,""
"reference","man/lazyframe__rolling.Rd",1,67,"pl$col(""a"")","min","polars_expr",212,TRUE,"offered",TRUE,FALSE,FALSE,""
"reference","man/lazyframe__rolling.Rd",1,67,"pl","col","pl",103,TRUE,"offered",TRUE,FALSE,FALSE,""
"reference","man/lazyframe__rolling.Rd",1,67,"pl$col(""a"")","max","polars_expr",212,TRUE,"offered",TRUE,FALSE,FALSE,""
"reference","man/lazyframe__rolling.Rd",1,67,"pl","col","pl",103,TRUE,"offered",TRUE,FALSE,FALSE,""
"reference","man/lazyframe__select_seq.Rd",1,23,"pl","LazyFrame","pl",103,TRUE,"offered",TRUE,FALSE,FALSE,""
"reference","man/lazyframe__select_seq.Rd",1,23,"lf$select_seq(""foo"", bar2 = pl$col(""bar"") * 2)","collect","polars_lazy_frame",72,TRUE,"offered",TRUE,FALSE,FALSE,""
"reference","man/lazyframe__select_seq.Rd",1,23,"lf","select_seq","polars_lazy_frame",72,TRUE,"offered",TRUE,FALSE,FALSE,""
"reference","man/lazyframe__select_seq.Rd",1,23,"pl","col","pl",103,TRUE,"offered",TRUE,FALSE,FALSE,""
"reference","man/lazyframe__select.Rd",1,28,"pl","LazyFrame","pl",103,TRUE,"offered",TRUE,FALSE,FALSE,""
"reference","man/lazyframe__select.Rd",1,28,"lf$select(""foo"")","collect","polars_lazy_frame",72,TRUE,"offered",TRUE,FALSE,FALSE,""
"reference","man/lazyframe__select.Rd",1,28,"lf","select","polars_lazy_frame",72,TRUE,"offered",TRUE,FALSE,FALSE,""
"reference","man/lazyframe__select.Rd",1,28,"lf$select(""foo"", ""bar"")","collect","polars_lazy_frame",72,TRUE,"offered",TRUE,FALSE,FALSE,""
"reference","man/lazyframe__select.Rd",1,28,"lf","select","polars_lazy_frame",72,TRUE,"offered",TRUE,FALSE,FALSE,""
"reference","man/lazyframe__select.Rd",1,28,"lf$select(pl$col(""foo""), pl$col(""bar"") + 1)","collect","polars_lazy_frame",72,TRUE,"offered",TRUE,FALSE,FALSE,""
"reference","man/lazyframe__select.Rd",1,28,"lf","select","polars_lazy_frame",72,TRUE,"offered",TRUE,FALSE,FALSE,""
"reference","man/lazyframe__select.Rd",1,28,"pl","col","pl",103,TRUE,"offered",TRUE,FALSE,FALSE,""
"reference","man/lazyframe__select.Rd",1,28,"pl","col","pl",103,TRUE,"offered",TRUE,FALSE,FALSE,""
"reference","man/lazyframe__select.Rd",1,28,"lf$select(threshold = pl$when(pl$col(""foo"") > 2)$then(10)$otherwise(0))","collect","polars_lazy_frame",72,TRUE,"offered",TRUE,FALSE,FALSE,""
"reference","man/lazyframe__select.Rd",1,28,"lf","select","polars_lazy_frame",72,TRUE,"offered",TRUE,FALSE,FALSE,""
"reference","man/lazyframe__select.Rd",1,28,"pl$when(pl$col(""foo"") > 2)$then(10)","otherwise","polars_then",215,TRUE,"offered",TRUE,FALSE,FALSE,""
"reference","man/lazyframe__select.Rd",1,28,"pl$when(pl$col(""foo"") > 2)","then","polars_when",2,TRUE,"offered",TRUE,FALSE,FALSE,""
"reference","man/lazyframe__select.Rd",1,28,"pl","when","pl",103,TRUE,"offered",TRUE,FALSE,FALSE,""
"reference","man/lazyframe__select.Rd",1,28,"pl","col","pl",103,TRUE,"offered",TRUE,FALSE,FALSE,""
"reference","man/lazyframe__serialize.Rd",1,24,"pl$LazyFrame(a = 1:3)","sum","polars_lazy_frame",72,TRUE,"offered",TRUE,FALSE,FALSE,""
"reference","man/lazyframe__serialize.Rd",1,24,"pl","LazyFrame","pl",103,TRUE,"offered",TRUE,FALSE,FALSE,""
"reference","man/lazyframe__serialize.Rd",1,24,"lf","serialize","polars_lazy_frame",72,TRUE,"offered",TRUE,FALSE,FALSE,""
"reference","man/lazyframe__serialize.Rd",1,24,"pl$deserialize_lf(serialized)","collect","polars_lazy_frame",72,TRUE,"offered",TRUE,FALSE,FALSE,""
"reference","man/lazyframe__serialize.Rd",1,24,"pl","deserialize_lf","pl",103,TRUE,"offered",TRUE,FALSE,FALSE,""
"reference","man/lazyframe__shift.Rd",1,24,"pl","LazyFrame","pl",103,TRUE,"offered",TRUE,FALSE,FALSE,""
"reference","man/lazyframe__shift.Rd",1,24,"lf$shift()","collect","polars_lazy_frame",72,TRUE,"offered",TRUE,FALSE,FALSE,""
"reference","man/lazyframe__shift.Rd",1,24,"lf","shift","polars_lazy_frame",72,TRUE,"offered",TRUE,FALSE,FALSE,""
"reference","man/lazyframe__shift.Rd",1,24,"lf$shift(-2)","collect","polars_lazy_frame",72,TRUE,"offered",TRUE,FALSE,FALSE,""
"reference","man/lazyframe__shift.Rd",1,24,"lf","shift","polars_lazy_frame",72,TRUE,"offered",TRUE,FALSE,FALSE,""
"reference","man/lazyframe__shift.Rd",1,24,"lf$shift(-2, fill_value = 100)","collect","polars_lazy_frame",72,TRUE,"offered",TRUE,FALSE,FALSE,""
"reference","man/lazyframe__shift.Rd",1,24,"lf","shift","polars_lazy_frame",72,TRUE,"offered",TRUE,FALSE,FALSE,""
"reference","man/lazyframe__sink_batches.Rd",1,68,"lf","sink_batches","polars_lazy_frame",72,TRUE,"offered",TRUE,FALSE,FALSE,""
"reference","man/lazyframe__sink_batches.Rd",1,68,"lf$sort(""cyl"")","sink_batches","polars_lazy_frame",72,TRUE,"offered",TRUE,FALSE,FALSE,""
"reference","man/lazyframe__sink_batches.Rd",1,68,"lf","sort","polars_lazy_frame",72,TRUE,"offered",TRUE,FALSE,FALSE,""
"reference","man/lazyframe__sink_batches.Rd",1,68,"max(df[[""cyl""]])","to_r_vector","",0,FALSE,"unknown_result",FALSE,TRUE,FALSE,""
"reference","man/lazyframe__sink_batches.Rd",1,68,"lf","sink_batches","polars_lazy_frame",72,TRUE,"offered",TRUE,FALSE,FALSE,""
"reference","man/lazyframe__sink_batches.Rd",1,68,"pl","read_csv","pl",103,TRUE,"offered",TRUE,FALSE,FALSE,""
"reference","man/lazyframe__sink_batches.Rd",1,68,"lf","sink_batches","polars_lazy_frame",72,TRUE,"offered",TRUE,FALSE,FALSE,""
"reference","man/lazyframe__sink_batches.Rd",1,68,"lf","sink_batches","polars_lazy_frame",72,TRUE,"offered",TRUE,FALSE,FALSE,""
"reference","man/lazyframe__sink_csv.Rd",1,193,"as_polars_lf(mtcars)","sink_csv","polars_lazy_frame",72,TRUE,"offered",TRUE,FALSE,FALSE,""
"reference","man/lazyframe__sink_csv.Rd",1,193,"pl$scan_csv(tmpf, infer_schema_files = 10)$select(pl$col(""cyl"") * 2)","lazy_sink_csv","polars_lazy_frame",72,TRUE,"offered",TRUE,FALSE,FALSE,""
"reference","man/lazyframe__sink_csv.Rd",1,193,"pl$scan_csv(tmpf, infer_schema_files = 10)","select","polars_lazy_frame",72,TRUE,"offered",TRUE,FALSE,FALSE,""
"reference","man/lazyframe__sink_csv.Rd",1,193,"pl","scan_csv","pl",103,TRUE,"offered",TRUE,FALSE,FALSE,""
"reference","man/lazyframe__sink_csv.Rd",1,193,"pl","col","pl",103,TRUE,"offered",TRUE,FALSE,FALSE,""
"reference","man/lazyframe__sink_csv.Rd",1,193,"lf","explain","polars_lazy_frame",72,TRUE,"offered",TRUE,FALSE,FALSE,""
"reference","man/lazyframe__sink_csv.Rd",1,193,"lf","collect","polars_lazy_frame",72,TRUE,"offered",TRUE,FALSE,FALSE,""
"reference","man/lazyframe__sink_csv.Rd",1,193,"pl","read_csv","pl",103,TRUE,"offered",TRUE,FALSE,FALSE,""
"reference","man/lazyframe__sink_ipc.Rd",1,120,"as_polars_lf(mtcars)","sink_ipc","polars_lazy_frame",72,TRUE,"offered",TRUE,FALSE,FALSE,""
"reference","man/lazyframe__sink_ipc.Rd",1,120,"pl","read_ipc","pl",103,TRUE,"offered",TRUE,FALSE,FALSE,""
"reference","man/lazyframe__sink_ndjson.Rd",1,105,"dat$select(pl$col(c(""drat"", ""mpg"")))","sink_ndjson","polars_lazy_frame",72,TRUE,"offered",TRUE,FALSE,TRUE,""
"reference","man/lazyframe__sink_ndjson.Rd",1,105,"dat","select","polars_lazy_frame",72,TRUE,"offered",TRUE,FALSE,TRUE,""
"reference","man/lazyframe__sink_ndjson.Rd",1,105,"pl","col","pl",103,TRUE,"offered",TRUE,FALSE,TRUE,""
"reference","man/lazyframe__sink_parquet.Rd",1,160,"as_polars_lf(mtcars)","sink_parquet","polars_lazy_frame",72,TRUE,"offered",TRUE,FALSE,FALSE,""
"reference","man/lazyframe__sink_parquet.Rd",1,160,"pl$scan_parquet(tmpf)$select(pl$col(""cyl"") * 2)","lazy_sink_parquet","polars_lazy_frame",72,TRUE,"offered",TRUE,FALSE,FALSE,""
"reference","man/lazyframe__sink_parquet.Rd",1,160,"pl$scan_parquet(tmpf)","select","polars_lazy_frame",72,TRUE,"offered",TRUE,FALSE,FALSE,""
"reference","man/lazyframe__sink_parquet.Rd",1,160,"pl","scan_parquet","pl",103,TRUE,"offered",TRUE,FALSE,FALSE,""
"reference","man/lazyframe__sink_parquet.Rd",1,160,"pl","col","pl",103,TRUE,"offered",TRUE,FALSE,FALSE,""
"reference","man/lazyframe__sink_parquet.Rd",1,160,"lf","explain","polars_lazy_frame",72,TRUE,"offered",TRUE,FALSE,FALSE,""
"reference","man/lazyframe__sink_parquet.Rd",1,160,"lf","collect","polars_lazy_frame",72,TRUE,"offered",TRUE,FALSE,FALSE,""
"reference","man/lazyframe__sink_parquet.Rd",1,160,"pl","read_parquet","pl",103,TRUE,"offered",TRUE,FALSE,FALSE,""
"reference","man/lazyframe__slice.Rd",1,21,"pl","LazyFrame","pl",103,TRUE,"offered",TRUE,FALSE,FALSE,""
"reference","man/lazyframe__slice.Rd",1,21,"lf$slice(1, 2)","collect","polars_lazy_frame",72,TRUE,"offered",TRUE,FALSE,FALSE,""
"reference","man/lazyframe__slice.Rd",1,21,"lf","slice","polars_lazy_frame",72,TRUE,"offered",TRUE,FALSE,FALSE,""
"reference","man/lazyframe__sort.Rd",1,37,"pl","LazyFrame","pl",103,TRUE,"offered",TRUE,FALSE,FALSE,""
"reference","man/lazyframe__sort.Rd",1,37,"lf$sort(""a"")","collect","polars_lazy_frame",72,TRUE,"offered",TRUE,FALSE,FALSE,""
"reference","man/lazyframe__sort.Rd",1,37,"lf","sort","polars_lazy_frame",72,TRUE,"offered",TRUE,FALSE,FALSE,""
"reference","man/lazyframe__sort.Rd",1,37,"lf$sort(pl$col(""a"") + pl$col(""b"") * 2, nulls_last = TRUE)","collect","polars_lazy_frame",72,TRUE,"offered",TRUE,FALSE,FALSE,""
"reference","man/lazyframe__sort.Rd",1,37,"lf","sort","polars_lazy_frame",72,TRUE,"offered",TRUE,FALSE,FALSE,""
"reference","man/lazyframe__sort.Rd",1,37,"pl","col","pl",103,TRUE,"offered",TRUE,FALSE,FALSE,""
"reference","man/lazyframe__sort.Rd",1,37,"pl","col","pl",103,TRUE,"offered",TRUE,FALSE,FALSE,""
"reference","man/lazyframe__sort.Rd",1,37,"lf$sort(c(""c"", ""a""), descending = TRUE)","collect","polars_lazy_frame",72,TRUE,"offered",TRUE,FALSE,FALSE,""
"reference","man/lazyframe__sort.Rd",1,37,"lf","sort","polars_lazy_frame",72,TRUE,"offered",TRUE,FALSE,FALSE,""
"reference","man/lazyframe__sort.Rd",1,37,"lf$sort(""c"", ""a"", descending = c(FALSE, TRUE))","collect","polars_lazy_frame",72,TRUE,"offered",TRUE,FALSE,FALSE,""
"reference","man/lazyframe__sort.Rd",1,37,"lf","sort","polars_lazy_frame",72,TRUE,"offered",TRUE,FALSE,FALSE,""
"reference","man/lazyframe__sql.Rd",1,31,"pl","LazyFrame","pl",103,TRUE,"offered",TRUE,FALSE,FALSE,""
"reference","man/lazyframe__sql.Rd",1,31,"lf1$sql(""SELECT c, b FROM self WHERE a > 1"")","collect","polars_lazy_frame",72,TRUE,"offered",TRUE,FALSE,FALSE,""
"reference","man/lazyframe__sql.Rd",1,31,"lf1","sql","polars_lazy_frame",72,TRUE,"offered",TRUE,FALSE,FALSE,""
"reference","man/lazyframe__sql.Rd",1,31,"lf1$sql(query = ""\n       SELECT\n          a,\n          (a % 2 == 0) AS a_is_even,\n          (b::float4 / 2) AS 'b/2',\n          CONCAT_WS(':', c, c, c) AS c_c_c\n       FROM f","collect","polars_lazy_frame",72,TRUE,"offered",TRUE,FALSE,FALSE,""
"reference","man/lazyframe__sql.Rd",1,31,"lf1$sql(query = ""\n       SELECT\n          a,\n          (a % 2 == 0) AS a_is_even,\n          (b::float4 / 2) AS 'b/2',\n          CONCAT_WS(':', c, c, c) AS c_c_c\n       FROM f","filter","polars_lazy_frame",72,TRUE,"offered",TRUE,FALSE,FALSE,""
"reference","man/lazyframe__sql.Rd",1,31,"lf1","sql","polars_lazy_frame",72,TRUE,"offered",TRUE,FALSE,FALSE,""
"reference","man/lazyframe__sql.Rd",1,31,"pl$col(""c_c_c"")$str","starts_with","polars_namespace_expr_str",48,TRUE,"offered",TRUE,FALSE,FALSE,""
"reference","man/lazyframe__sql.Rd",1,31,"pl$col(""c_c_c"")","str","polars_expr",212,TRUE,"offered",TRUE,FALSE,FALSE,""
"reference","man/lazyframe__sql.Rd",1,31,"pl","col","pl",103,TRUE,"offered",TRUE,FALSE,FALSE,""
"reference","man/lazyframe__std.Rd",1,20,"pl","LazyFrame","pl",103,TRUE,"offered",TRUE,FALSE,FALSE,""
"reference","man/lazyframe__std.Rd",1,20,"lf$std()","collect","polars_lazy_frame",72,TRUE,"offered",TRUE,FALSE,FALSE,""
"reference","man/lazyframe__std.Rd",1,20,"lf","std","polars_lazy_frame",72,TRUE,"offered",TRUE,FALSE,FALSE,""
"reference","man/lazyframe__std.Rd",1,20,"lf$std(ddof = 0)","collect","polars_lazy_frame",72,TRUE,"offered",TRUE,FALSE,FALSE,""
"reference","man/lazyframe__std.Rd",1,20,"lf","std","polars_lazy_frame",72,TRUE,"offered",TRUE,FALSE,FALSE,""
"reference","man/lazyframe__sum.Rd",1,15,"pl","LazyFrame","pl",103,TRUE,"offered",TRUE,FALSE,FALSE,""
"reference","man/lazyframe__sum.Rd",1,15,"lf$sum()","collect","polars_lazy_frame",72,TRUE,"offered",TRUE,FALSE,FALSE,""
"reference","man/lazyframe__sum.Rd",1,15,"lf","sum","polars_lazy_frame",72,TRUE,"offered",TRUE,FALSE,FALSE,""
"reference","man/lazyframe__tail.Rd",1,18,"pl","LazyFrame","pl",103,TRUE,"offered",TRUE,FALSE,FALSE,""
"reference","man/lazyframe__tail.Rd",1,18,"lf$tail()","collect","polars_lazy_frame",72,TRUE,"offered",TRUE,FALSE,FALSE,""
"reference","man/lazyframe__tail.Rd",1,18,"lf","tail","polars_lazy_frame",72,TRUE,"offered",TRUE,FALSE,FALSE,""
"reference","man/lazyframe__tail.Rd",1,18,"lf$tail(2)","collect","polars_lazy_frame",72,TRUE,"offered",TRUE,FALSE,FALSE,""
"reference","man/lazyframe__tail.Rd",1,18,"lf","tail","polars_lazy_frame",72,TRUE,"offered",TRUE,FALSE,FALSE,""
"reference","man/lazyframe__to_dot.Rd",1,22,"pl","LazyFrame","pl",103,TRUE,"offered",TRUE,FALSE,FALSE,""
"reference","man/lazyframe__to_dot.Rd",1,22,"lf$group_by(""a"", .maintain_order = TRUE)$agg(pl$all()$sum())","sort","polars_lazy_frame",72,TRUE,"offered",TRUE,FALSE,FALSE,""
"reference","man/lazyframe__to_dot.Rd",1,22,"lf$group_by(""a"", .maintain_order = TRUE)","agg","polars_lazy_group_by",13,TRUE,"offered",TRUE,FALSE,FALSE,""
"reference","man/lazyframe__to_dot.Rd",1,22,"lf","group_by","polars_lazy_frame",72,TRUE,"offered",TRUE,FALSE,FALSE,""
"reference","man/lazyframe__to_dot.Rd",1,22,"pl$all()","sum","polars_expr",212,TRUE,"offered",TRUE,FALSE,FALSE,""
"reference","man/lazyframe__to_dot.Rd",1,22,"pl","all","pl",103,TRUE,"offered",TRUE,FALSE,FALSE,""
"reference","man/lazyframe__to_dot.Rd",1,22,"query","to_dot","polars_lazy_frame",72,TRUE,"offered",TRUE,FALSE,FALSE,""
"reference","man/lazyframe__top_k.Rd",1,29,"pl","LazyFrame","pl",103,TRUE,"offered",TRUE,FALSE,FALSE,""
"reference","man/lazyframe__top_k.Rd",1,29,"lf$top_k(4, by = ""b"")","collect","polars_lazy_frame",72,TRUE,"offered",TRUE,FALSE,FALSE,""
"reference","man/lazyframe__top_k.Rd",1,29,"lf","top_k","polars_lazy_frame",72,TRUE,"offered",TRUE,FALSE,FALSE,""
"reference","man/lazyframe__top_k.Rd",1,29,"lf$top_k(4, by = c(""a"", ""b""))","collect","polars_lazy_frame",72,TRUE,"offered",TRUE,FALSE,FALSE,""
"reference","man/lazyframe__top_k.Rd",1,29,"lf","top_k","polars_lazy_frame",72,TRUE,"offered",TRUE,FALSE,FALSE,""
"reference","man/lazyframe__unique.Rd",1,37,"pl","LazyFrame","pl",103,TRUE,"offered",TRUE,FALSE,FALSE,""
"reference","man/lazyframe__unique.Rd",1,37,"lf$unique(maintain_order = TRUE)","collect","polars_lazy_frame",72,TRUE,"offered",TRUE,FALSE,FALSE,""
"reference","man/lazyframe__unique.Rd",1,37,"lf","unique","polars_lazy_frame",72,TRUE,"offered",TRUE,FALSE,FALSE,""
"reference","man/lazyframe__unique.Rd",1,37,"lf$unique(c(""bar"", ""ham""), maintain_order = TRUE)","collect","polars_lazy_frame",72,TRUE,"offered",TRUE,FALSE,FALSE,""
"reference","man/lazyframe__unique.Rd",1,37,"lf","unique","polars_lazy_frame",72,TRUE,"offered",TRUE,FALSE,FALSE,""
"reference","man/lazyframe__unique.Rd",1,37,"lf$unique(keep = ""last"", maintain_order = TRUE)","collect","polars_lazy_frame",72,TRUE,"offered",TRUE,FALSE,FALSE,""
"reference","man/lazyframe__unique.Rd",1,37,"lf","unique","polars_lazy_frame",72,TRUE,"offered",TRUE,FALSE,FALSE,""
"reference","man/lazyframe__unnest.Rd",1,23,"pl$LazyFrame(a = 1:5, b = c(""one"", ""two"", ""three"", ""four"", ""five""), c = 6:10)","select","polars_lazy_frame",72,TRUE,"offered",TRUE,FALSE,FALSE,""
"reference","man/lazyframe__unnest.Rd",1,23,"pl","LazyFrame","pl",103,TRUE,"offered",TRUE,FALSE,FALSE,""
"reference","man/lazyframe__unnest.Rd",1,23,"pl","struct","pl",103,TRUE,"offered",TRUE,FALSE,FALSE,""
"reference","man/lazyframe__unnest.Rd",1,23,"pl$struct(c(""a"", ""c""))","alias","polars_expr",212,TRUE,"offered",TRUE,FALSE,FALSE,""
"reference","man/lazyframe__unnest.Rd",1,23,"pl","struct","pl",103,TRUE,"offered",TRUE,FALSE,FALSE,""
"reference","man/lazyframe__unnest.Rd",1,23,"lf","collect","polars_lazy_frame",72,TRUE,"offered",TRUE,FALSE,FALSE,""
"reference","man/lazyframe__unnest.Rd",1,23,"lf$unnest(""a_and_c"")","collect","polars_lazy_frame",72,TRUE,"offered",TRUE,FALSE,FALSE,""
"reference","man/lazyframe__unnest.Rd",1,23,"lf","unnest","polars_lazy_frame",72,TRUE,"offered",TRUE,FALSE,FALSE,""
"reference","man/lazyframe__unnest.Rd",1,23,"lf$unnest(""a_and_c"", separator = "":"")","collect","polars_lazy_frame",72,TRUE,"offered",TRUE,FALSE,FALSE,""
"reference","man/lazyframe__unnest.Rd",1,23,"lf","unnest","polars_lazy_frame",72,TRUE,"offered",TRUE,FALSE,FALSE,""
"reference","man/lazyframe__unpivot.Rd",1,42,"pl","LazyFrame","pl",103,TRUE,"offered",TRUE,FALSE,FALSE,""
"reference","man/lazyframe__unpivot.Rd",1,42,"lf$unpivot(index = ""a"", on = c(""b"", ""c""))","collect","polars_lazy_frame",72,TRUE,"offered",TRUE,FALSE,FALSE,""
"reference","man/lazyframe__unpivot.Rd",1,42,"lf","unpivot","polars_lazy_frame",72,TRUE,"offered",TRUE,FALSE,FALSE,""
"reference","man/lazyframe__var.Rd",1,20,"pl","LazyFrame","pl",103,TRUE,"offered",TRUE,FALSE,FALSE,""
"reference","man/lazyframe__var.Rd",1,20,"lf$var()","collect","polars_lazy_frame",72,TRUE,"offered",TRUE,FALSE,FALSE,""
"reference","man/lazyframe__var.Rd",1,20,"lf","var","polars_lazy_frame",72,TRUE,"offered",TRUE,FALSE,FALSE,""
"reference","man/lazyframe__var.Rd",1,20,"lf$var(ddof = 0)","collect","polars_lazy_frame",72,TRUE,"offered",TRUE,FALSE,FALSE,""
"reference","man/lazyframe__var.Rd",1,20,"lf","var","polars_lazy_frame",72,TRUE,"offered",TRUE,FALSE,FALSE,""
"reference","man/lazyframe__with_columns_seq.Rd",1,31,"pl","LazyFrame","pl",103,TRUE,"offered",TRUE,FALSE,FALSE,""
"reference","man/lazyframe__with_columns_seq.Rd",1,31,"lf$with_columns_seq((pl$col(""a"")^2)$alias(""a^2""))","collect","polars_lazy_frame",72,TRUE,"offered",TRUE,FALSE,FALSE,""
"reference","man/lazyframe__with_columns_seq.Rd",1,31,"lf","with_columns_seq","polars_lazy_frame",72,TRUE,"offered",TRUE,FALSE,FALSE,""
"reference","man/lazyframe__with_columns_seq.Rd",1,31,"(pl$col(""a"")^2)","alias","polars_expr",212,TRUE,"offered",TRUE,FALSE,FALSE,""
"reference","man/lazyframe__with_columns_seq.Rd",1,31,"pl","col","pl",103,TRUE,"offered",TRUE,FALSE,FALSE,""
"reference","man/lazyframe__with_columns_seq.Rd",1,31,"lf$with_columns_seq(a = pl$col(""a"")$cast(pl$Float64))","collect","polars_lazy_frame",72,TRUE,"offered",TRUE,FALSE,FALSE,""
"reference","man/lazyframe__with_columns_seq.Rd",1,31,"lf","with_columns_seq","polars_lazy_frame",72,TRUE,"offered",TRUE,FALSE,FALSE,""
"reference","man/lazyframe__with_columns_seq.Rd",1,31,"pl$col(""a"")","cast","polars_expr",212,TRUE,"offered",TRUE,FALSE,FALSE,""
"reference","man/lazyframe__with_columns_seq.Rd",1,31,"pl","col","pl",103,TRUE,"offered",TRUE,FALSE,FALSE,""
"reference","man/lazyframe__with_columns_seq.Rd",1,31,"pl","Float64","pl",103,TRUE,"offered",TRUE,FALSE,FALSE,""
"reference","man/lazyframe__with_columns_seq.Rd",1,31,"lf$with_columns_seq((pl$col(""a"")^2)$alias(""a^2""), (pl$col(""b"")/2)$alias(""b/2""), (pl$col(""c"")$not())$alias(""not c""), )","collect","polars_lazy_frame",72,TRUE,"offered",TRUE,FALSE,FALSE,""
"reference","man/lazyframe__with_columns_seq.Rd",1,31,"lf","with_columns_seq","polars_lazy_frame",72,TRUE,"offered",TRUE,FALSE,FALSE,""
"reference","man/lazyframe__with_columns_seq.Rd",1,31,"(pl$col(""a"")^2)","alias","polars_expr",212,TRUE,"offered",TRUE,FALSE,FALSE,""
"reference","man/lazyframe__with_columns_seq.Rd",1,31,"pl","col","pl",103,TRUE,"offered",TRUE,FALSE,FALSE,""
"reference","man/lazyframe__with_columns_seq.Rd",1,31,"(pl$col(""b"")/2)","alias","polars_expr",212,TRUE,"offered",TRUE,FALSE,FALSE,""
"reference","man/lazyframe__with_columns_seq.Rd",1,31,"pl","col","pl",103,TRUE,"offered",TRUE,FALSE,FALSE,""
"reference","man/lazyframe__with_columns_seq.Rd",1,31,"(pl$col(""c"")$not())","alias","polars_expr",212,TRUE,"offered",TRUE,FALSE,FALSE,""
"reference","man/lazyframe__with_columns_seq.Rd",1,31,"pl$col(""c"")","not","polars_expr",212,TRUE,"offered",TRUE,FALSE,FALSE,""
"reference","man/lazyframe__with_columns_seq.Rd",1,31,"pl","col","pl",103,TRUE,"offered",TRUE,FALSE,FALSE,""
"reference","man/lazyframe__with_columns_seq.Rd",1,31,"lf$with_columns_seq(`a^2` = pl$col(""a"")^2, `b/2` = pl$col(""b"")/2, `not c` = pl$col(""c"")$not(), )","collect","polars_lazy_frame",72,TRUE,"offered",TRUE,FALSE,FALSE,""
"reference","man/lazyframe__with_columns_seq.Rd",1,31,"lf","with_columns_seq","polars_lazy_frame",72,TRUE,"offered",TRUE,FALSE,FALSE,""
"reference","man/lazyframe__with_columns_seq.Rd",1,31,"pl","col","pl",103,TRUE,"offered",TRUE,FALSE,FALSE,""
"reference","man/lazyframe__with_columns_seq.Rd",1,31,"pl","col","pl",103,TRUE,"offered",TRUE,FALSE,FALSE,""
"reference","man/lazyframe__with_columns_seq.Rd",1,31,"pl$col(""c"")","not","polars_expr",212,TRUE,"offered",TRUE,FALSE,FALSE,""
"reference","man/lazyframe__with_columns_seq.Rd",1,31,"pl","col","pl",103,TRUE,"offered",TRUE,FALSE,FALSE,""
"reference","man/lazyframe__with_columns.Rd",1,28,"pl","LazyFrame","pl",103,TRUE,"offered",TRUE,FALSE,FALSE,""
"reference","man/lazyframe__with_columns.Rd",1,28,"lf$with_columns((pl$col(""a"")^2)$alias(""a^2""))","collect","polars_lazy_frame",72,TRUE,"offered",TRUE,FALSE,FALSE,""
"reference","man/lazyframe__with_columns.Rd",1,28,"lf","with_columns","polars_lazy_frame",72,TRUE,"offered",TRUE,FALSE,FALSE,""
"reference","man/lazyframe__with_columns.Rd",1,28,"(pl$col(""a"")^2)","alias","polars_expr",212,TRUE,"offered",TRUE,FALSE,FALSE,""
"reference","man/lazyframe__with_columns.Rd",1,28,"pl","col","pl",103,TRUE,"offered",TRUE,FALSE,FALSE,""
"reference","man/lazyframe__with_columns.Rd",1,28,"lf$with_columns(a = pl$col(""a"")$cast(pl$Float64))","collect","polars_lazy_frame",72,TRUE,"offered",TRUE,FALSE,FALSE,""
"reference","man/lazyframe__with_columns.Rd",1,28,"lf","with_columns","polars_lazy_frame",72,TRUE,"offered",TRUE,FALSE,FALSE,""
"reference","man/lazyframe__with_columns.Rd",1,28,"pl$col(""a"")","cast","polars_expr",212,TRUE,"offered",TRUE,FALSE,FALSE,""
"reference","man/lazyframe__with_columns.Rd",1,28,"pl","col","pl",103,TRUE,"offered",TRUE,FALSE,FALSE,""
"reference","man/lazyframe__with_columns.Rd",1,28,"pl","Float64","pl",103,TRUE,"offered",TRUE,FALSE,FALSE,""
"reference","man/lazyframe__with_columns.Rd",1,28,"lf$with_columns((pl$col(""a"")^2)$alias(""a^2""), (pl$col(""b"")/2)$alias(""b/2""), (pl$col(""c"")$not())$alias(""not c""), )","collect","polars_lazy_frame",72,TRUE,"offered",TRUE,FALSE,FALSE,""
"reference","man/lazyframe__with_columns.Rd",1,28,"lf","with_columns","polars_lazy_frame",72,TRUE,"offered",TRUE,FALSE,FALSE,""
"reference","man/lazyframe__with_columns.Rd",1,28,"(pl$col(""a"")^2)","alias","polars_expr",212,TRUE,"offered",TRUE,FALSE,FALSE,""
"reference","man/lazyframe__with_columns.Rd",1,28,"pl","col","pl",103,TRUE,"offered",TRUE,FALSE,FALSE,""
"reference","man/lazyframe__with_columns.Rd",1,28,"(pl$col(""b"")/2)","alias","polars_expr",212,TRUE,"offered",TRUE,FALSE,FALSE,""
"reference","man/lazyframe__with_columns.Rd",1,28,"pl","col","pl",103,TRUE,"offered",TRUE,FALSE,FALSE,""
"reference","man/lazyframe__with_columns.Rd",1,28,"(pl$col(""c"")$not())","alias","polars_expr",212,TRUE,"offered",TRUE,FALSE,FALSE,""
"reference","man/lazyframe__with_columns.Rd",1,28,"pl$col(""c"")","not","polars_expr",212,TRUE,"offered",TRUE,FALSE,FALSE,""
"reference","man/lazyframe__with_columns.Rd",1,28,"pl","col","pl",103,TRUE,"offered",TRUE,FALSE,FALSE,""
"reference","man/lazyframe__with_columns.Rd",1,28,"lf$with_columns(`a^2` = pl$col(""a"")^2, `b/2` = pl$col(""b"")/2, `not c` = pl$col(""c"")$not(), )","collect","polars_lazy_frame",72,TRUE,"offered",TRUE,FALSE,FALSE,""
"reference","man/lazyframe__with_columns.Rd",1,28,"lf","with_columns","polars_lazy_frame",72,TRUE,"offered",TRUE,FALSE,FALSE,""
"reference","man/lazyframe__with_columns.Rd",1,28,"pl","col","pl",103,TRUE,"offered",TRUE,FALSE,FALSE,""
"reference","man/lazyframe__with_columns.Rd",1,28,"pl","col","pl",103,TRUE,"offered",TRUE,FALSE,FALSE,""
"reference","man/lazyframe__with_columns.Rd",1,28,"pl$col(""c"")","not","polars_expr",212,TRUE,"offered",TRUE,FALSE,FALSE,""
"reference","man/lazyframe__with_columns.Rd",1,28,"pl","col","pl",103,TRUE,"offered",TRUE,FALSE,FALSE,""
"reference","man/lazyframe__with_row_index.Rd",1,21,"pl","LazyFrame","pl",103,TRUE,"offered",TRUE,FALSE,FALSE,""
"reference","man/lazyframe__with_row_index.Rd",1,21,"lf$with_row_index()","collect","polars_lazy_frame",72,TRUE,"offered",TRUE,FALSE,FALSE,""
"reference","man/lazyframe__with_row_index.Rd",1,21,"lf","with_row_index","polars_lazy_frame",72,TRUE,"offered",TRUE,FALSE,FALSE,""
"reference","man/lazyframe__with_row_index.Rd",1,21,"lf$with_row_index(""id"", offset = 1000)","collect","polars_lazy_frame",72,TRUE,"offered",TRUE,FALSE,FALSE,""
"reference","man/lazyframe__with_row_index.Rd",1,21,"lf","with_row_index","polars_lazy_frame",72,TRUE,"offered",TRUE,FALSE,FALSE,""
"reference","man/lazyframe__with_row_index.Rd",1,21,"lf$with_columns(index = pl$int_range(pl$len(), dtype = pl$UInt32))","collect","polars_lazy_frame",72,TRUE,"offered",TRUE,FALSE,FALSE,""
"reference","man/lazyframe__with_row_index.Rd",1,21,"lf","with_columns","polars_lazy_frame",72,TRUE,"offered",TRUE,FALSE,FALSE,""
"reference","man/lazyframe__with_row_index.Rd",1,21,"pl","int_range","pl",103,TRUE,"offered",TRUE,FALSE,FALSE,""
"reference","man/lazyframe__with_row_index.Rd",1,21,"pl","len","pl",103,TRUE,"offered",TRUE,FALSE,FALSE,""
"reference","man/lazyframe__with_row_index.Rd",1,21,"pl","UInt32","pl",103,TRUE,"offered",TRUE,FALSE,FALSE,""
"reference","man/lazygroupby__agg.Rd",1,20,"pl","LazyFrame","pl",103,TRUE,"offered",TRUE,FALSE,FALSE,""
"reference","man/lazygroupby__agg.Rd",1,20,"lf$group_by(""a"")$agg(pl$col(""b""), pl$col(""c""))","collect","polars_lazy_frame",72,TRUE,"offered",TRUE,FALSE,FALSE,""
"reference","man/lazygroupby__agg.Rd",1,20,"lf$group_by(""a"")","agg","polars_lazy_group_by",13,TRUE,"offered",TRUE,FALSE,FALSE,""
"reference","man/lazygroupby__agg.Rd",1,20,"lf","group_by","polars_lazy_frame",72,TRUE,"offered",TRUE,FALSE,FALSE,""
"reference","man/lazygroupby__agg.Rd",1,20,"pl","col","pl",103,TRUE,"offered",TRUE,FALSE,FALSE,""
"reference","man/lazygroupby__agg.Rd",1,20,"pl","col","pl",103,TRUE,"offered",TRUE,FALSE,FALSE,""
"reference","man/lazygroupby__agg.Rd",1,20,"lf$group_by(""a"")$agg(pl$col(""b"")$sum())","collect","polars_lazy_frame",72,TRUE,"offered",TRUE,FALSE,FALSE,""
"reference","man/lazygroupby__agg.Rd",1,20,"lf$group_by(""a"")","agg","polars_lazy_group_by",13,TRUE,"offered",TRUE,FALSE,FALSE,""
"reference","man/lazygroupby__agg.Rd",1,20,"lf","group_by","polars_lazy_frame",72,TRUE,"offered",TRUE,FALSE,FALSE,""
"reference","man/lazygroupby__agg.Rd",1,20,"pl$col(""b"")","sum","polars_expr",212,TRUE,"offered",TRUE,FALSE,FALSE,""
"reference","man/lazygroupby__agg.Rd",1,20,"pl","col","pl",103,TRUE,"offered",TRUE,FALSE,FALSE,""
"reference","man/lazygroupby__agg.Rd",1,20,"lf$group_by(""a"")$agg(pl$sum(""b""), pl$col(""c"")$mean())","collect","polars_lazy_frame",72,TRUE,"offered",TRUE,FALSE,FALSE,""
"reference","man/lazygroupby__agg.Rd",1,20,"lf$group_by(""a"")","agg","polars_lazy_group_by",13,TRUE,"offered",TRUE,FALSE,FALSE,""
"reference","man/lazygroupby__agg.Rd",1,20,"lf","group_by","polars_lazy_frame",72,TRUE,"offered",TRUE,FALSE,FALSE,""
"reference","man/lazygroupby__agg.Rd",1,20,"pl","sum","pl",103,TRUE,"offered",TRUE,FALSE,FALSE,""
"reference","man/lazygroupby__agg.Rd",1,20,"pl$col(""c"")","mean","polars_expr",212,TRUE,"offered",TRUE,FALSE,FALSE,""
"reference","man/lazygroupby__agg.Rd",1,20,"pl","col","pl",103,TRUE,"offered",TRUE,FALSE,FALSE,""
"reference","man/lazygroupby__agg.Rd",1,20,"lf$group_by(""a"")$agg(b_sum = pl$sum(""b""), c_mean_squared = (pl$col(""c"")^2)$mean())","collect","polars_lazy_frame",72,TRUE,"offered",TRUE,FALSE,FALSE,""
"reference","man/lazygroupby__agg.Rd",1,20,"lf$group_by(""a"")","agg","polars_lazy_group_by",13,TRUE,"offered",TRUE,FALSE,FALSE,""
"reference","man/lazygroupby__agg.Rd",1,20,"lf","group_by","polars_lazy_frame",72,TRUE,"offered",TRUE,FALSE,FALSE,""
"reference","man/lazygroupby__agg.Rd",1,20,"pl","sum","pl",103,TRUE,"offered",TRUE,FALSE,FALSE,""
"reference","man/lazygroupby__agg.Rd",1,20,"(pl$col(""c"")^2)","mean","polars_expr",212,TRUE,"offered",TRUE,FALSE,FALSE,""
"reference","man/lazygroupby__agg.Rd",1,20,"pl","col","pl",103,TRUE,"offered",TRUE,FALSE,FALSE,""
"reference","man/lazygroupby__having.Rd",1,22,"pl","LazyFrame","pl",103,TRUE,"offered",TRUE,FALSE,FALSE,""
"reference","man/lazygroupby__having.Rd",1,22,"lf$group_by(""x"")$having(pl$len() > 1)$agg()","collect","polars_lazy_frame",72,TRUE,"offered",TRUE,FALSE,FALSE,""
"reference","man/lazygroupby__having.Rd",1,22,"lf$group_by(""x"")$having(pl$len() > 1)","agg","polars_lazy_group_by",13,TRUE,"offered",TRUE,FALSE,FALSE,""
"reference","man/lazygroupby__having.Rd",1,22,"lf$group_by(""x"")","having","polars_lazy_group_by",13,TRUE,"offered",TRUE,FALSE,FALSE,""
"reference","man/lazygroupby__having.Rd",1,22,"lf","group_by","polars_lazy_frame",72,TRUE,"offered",TRUE,FALSE,FALSE,""
"reference","man/lazygroupby__having.Rd",1,22,"pl","len","pl",103,TRUE,"offered",TRUE,FALSE,FALSE,""
"reference","man/lazygroupby__head.Rd",1,18,"pl","LazyFrame","pl",103,TRUE,"offered",TRUE,FALSE,FALSE,""
"reference","man/lazygroupby__head.Rd",1,18,"lf","collect","polars_lazy_frame",72,TRUE,"offered",TRUE,FALSE,FALSE,""
"reference","man/lazygroupby__head.Rd",1,18,"lf$group_by(""letters"")$head(2)$sort(""letters"")","collect","polars_lazy_frame",72,TRUE,"offered",TRUE,FALSE,FALSE,""
"reference","man/lazygroupby__head.Rd",1,18,"lf$group_by(""letters"")$head(2)","sort","polars_lazy_frame",72,TRUE,"offered",TRUE,FALSE,FALSE,""
"reference","man/lazygroupby__head.Rd",1,18,"lf$group_by(""letters"")","head","polars_lazy_group_by",13,TRUE,"offered",TRUE,FALSE,FALSE,""
"reference","man/lazygroupby__head.Rd",1,18,"lf","group_by","polars_lazy_frame",72,TRUE,"offered",TRUE,FALSE,FALSE,""
"reference","man/lazygroupby__len.Rd",1,19,"pl","LazyFrame","pl",103,TRUE,"offered",TRUE,FALSE,FALSE,""
"reference","man/lazygroupby__len.Rd",1,19,"lf$group_by(""a"")$len()","collect","polars_lazy_frame",72,TRUE,"offered",TRUE,FALSE,FALSE,""
"reference","man/lazygroupby__len.Rd",1,19,"lf$group_by(""a"")","len","polars_lazy_group_by",13,TRUE,"offered",TRUE,FALSE,FALSE,""
"reference","man/lazygroupby__len.Rd",1,19,"lf","group_by","polars_lazy_frame",72,TRUE,"offered",TRUE,FALSE,FALSE,""
"reference","man/lazygroupby__len.Rd",1,19,"lf$group_by(""a"")$len(""n"")","collect","polars_lazy_frame",72,TRUE,"offered",TRUE,FALSE,FALSE,""
"reference","man/lazygroupby__len.Rd",1,19,"lf$group_by(""a"")","len","polars_lazy_group_by",13,TRUE,"offered",TRUE,FALSE,FALSE,""
"reference","man/lazygroupby__len.Rd",1,19,"lf","group_by","polars_lazy_frame",72,TRUE,"offered",TRUE,FALSE,FALSE,""
"reference","man/lazygroupby__max.Rd",1,15,"pl","LazyFrame","pl",103,TRUE,"offered",TRUE,FALSE,FALSE,""
"reference","man/lazygroupby__max.Rd",1,15,"lf","collect","polars_lazy_frame",72,TRUE,"offered",TRUE,FALSE,FALSE,""
"reference","man/lazygroupby__max.Rd",1,15,"lf$group_by(""grp"")$max()","collect","polars_lazy_frame",72,TRUE,"offered",TRUE,FALSE,FALSE,""
"reference","man/lazygroupby__max.Rd",1,15,"lf$group_by(""grp"")","max","polars_lazy_group_by",13,TRUE,"offered",TRUE,FALSE,FALSE,""
"reference","man/lazygroupby__max.Rd",1,15,"lf","group_by","polars_lazy_frame",72,TRUE,"offered",TRUE,FALSE,FALSE,""
"reference","man/lazygroupby__mean.Rd",1,15,"pl","LazyFrame","pl",103,TRUE,"offered",TRUE,FALSE,FALSE,""
"reference","man/lazygroupby__mean.Rd",1,15,"lf","collect","polars_lazy_frame",72,TRUE,"offered",TRUE,FALSE,FALSE,""
"reference","man/lazygroupby__mean.Rd",1,15,"lf$group_by(""grp"")$mean()","collect","polars_lazy_frame",72,TRUE,"offered",TRUE,FALSE,FALSE,""
"reference","man/lazygroupby__mean.Rd",1,15,"lf$group_by(""grp"")","mean","polars_lazy_group_by",13,TRUE,"offered",TRUE,FALSE,FALSE,""
"reference","man/lazygroupby__mean.Rd",1,15,"lf","group_by","polars_lazy_frame",72,TRUE,"offered",TRUE,FALSE,FALSE,""
"reference","man/lazygroupby__median.Rd",1,15,"pl","LazyFrame","pl",103,TRUE,"offered",TRUE,FALSE,FALSE,""
"reference","man/lazygroupby__median.Rd",1,15,"lf","collect","polars_lazy_frame",72,TRUE,"offered",TRUE,FALSE,FALSE,""
"reference","man/lazygroupby__median.Rd",1,15,"lf$group_by(""grp"")$median()","collect","polars_lazy_frame",72,TRUE,"offered",TRUE,FALSE,FALSE,""
"reference","man/lazygroupby__median.Rd",1,15,"lf$group_by(""grp"")","median","polars_lazy_group_by",13,TRUE,"offered",TRUE,FALSE,FALSE,""
"reference","man/lazygroupby__median.Rd",1,15,"lf","group_by","polars_lazy_frame",72,TRUE,"offered",TRUE,FALSE,FALSE,""
"reference","man/lazygroupby__min.Rd",1,15,"pl","LazyFrame","pl",103,TRUE,"offered",TRUE,FALSE,FALSE,""
"reference","man/lazygroupby__min.Rd",1,15,"lf","collect","polars_lazy_frame",72,TRUE,"offered",TRUE,FALSE,FALSE,""
"reference","man/lazygroupby__min.Rd",1,15,"lf$group_by(""grp"")$min()","collect","polars_lazy_frame",72,TRUE,"offered",TRUE,FALSE,FALSE,""
"reference","man/lazygroupby__min.Rd",1,15,"lf$group_by(""grp"")","min","polars_lazy_group_by",13,TRUE,"offered",TRUE,FALSE,FALSE,""
"reference","man/lazygroupby__min.Rd",1,15,"lf","group_by","polars_lazy_frame",72,TRUE,"offered",TRUE,FALSE,FALSE,""
"reference","man/lazygroupby__n_unique.Rd",1,15,"pl","LazyFrame","pl",103,TRUE,"offered",TRUE,FALSE,FALSE,""
"reference","man/lazygroupby__n_unique.Rd",1,15,"lf","collect","polars_lazy_frame",72,TRUE,"offered",TRUE,FALSE,FALSE,""
"reference","man/lazygroupby__n_unique.Rd",1,15,"lf$group_by(""grp"")$n_unique()","collect","polars_lazy_frame",72,TRUE,"offered",TRUE,FALSE,FALSE,""
"reference","man/lazygroupby__n_unique.Rd",1,15,"lf$group_by(""grp"")","n_unique","polars_lazy_group_by",13,TRUE,"offered",TRUE,FALSE,FALSE,""
"reference","man/lazygroupby__n_unique.Rd",1,15,"lf","group_by","polars_lazy_frame",72,TRUE,"offered",TRUE,FALSE,FALSE,""
"reference","man/lazygroupby__quantile.Rd",1,30,"pl","LazyFrame","pl",103,TRUE,"offered",TRUE,FALSE,FALSE,""
"reference","man/lazygroupby__quantile.Rd",1,30,"lf","collect","polars_lazy_frame",72,TRUE,"offered",TRUE,FALSE,FALSE,""
"reference","man/lazygroupby__quantile.Rd",1,30,"lf$group_by(""grp"")$quantile(0.5)","collect","polars_lazy_frame",72,TRUE,"offered",TRUE,FALSE,FALSE,""
"reference","man/lazygroupby__quantile.Rd",1,30,"lf$group_by(""grp"")","quantile","polars_lazy_group_by",13,TRUE,"offered",TRUE,FALSE,FALSE,""
"reference","man/lazygroupby__quantile.Rd",1,30,"lf","group_by","polars_lazy_frame",72,TRUE,"offered",TRUE,FALSE,FALSE,""
"reference","man/lazygroupby__sum.Rd",1,15,"pl","LazyFrame","pl",103,TRUE,"offered",TRUE,FALSE,FALSE,""
"reference","man/lazygroupby__sum.Rd",1,15,"lf","collect","polars_lazy_frame",72,TRUE,"offered",TRUE,FALSE,FALSE,""
"reference","man/lazygroupby__sum.Rd",1,15,"lf$group_by(""grp"")$sum()","collect","polars_lazy_frame",72,TRUE,"offered",TRUE,FALSE,FALSE,""
"reference","man/lazygroupby__sum.Rd",1,15,"lf$group_by(""grp"")","sum","polars_lazy_group_by",13,TRUE,"offered",TRUE,FALSE,FALSE,""
"reference","man/lazygroupby__sum.Rd",1,15,"lf","group_by","polars_lazy_frame",72,TRUE,"offered",TRUE,FALSE,FALSE,""
"reference","man/lazygroupby__tail.Rd",1,18,"pl","LazyFrame","pl",103,TRUE,"offered",TRUE,FALSE,FALSE,""
"reference","man/lazygroupby__tail.Rd",1,18,"lf","collect","polars_lazy_frame",72,TRUE,"offered",TRUE,FALSE,FALSE,""
"reference","man/lazygroupby__tail.Rd",1,18,"lf$group_by(""letters"")$tail(2)$sort(""letters"")","collect","polars_lazy_frame",72,TRUE,"offered",TRUE,FALSE,FALSE,""
"reference","man/lazygroupby__tail.Rd",1,18,"lf$group_by(""letters"")$tail(2)","sort","polars_lazy_frame",72,TRUE,"offered",TRUE,FALSE,FALSE,""
"reference","man/lazygroupby__tail.Rd",1,18,"lf$group_by(""letters"")","tail","polars_lazy_group_by",13,TRUE,"offered",TRUE,FALSE,FALSE,""
"reference","man/lazygroupby__tail.Rd",1,18,"lf","group_by","polars_lazy_frame",72,TRUE,"offered",TRUE,FALSE,FALSE,""
"reference","man/pl__all_horizontal.Rd",1,25,"pl","DataFrame","pl",103,TRUE,"offered",TRUE,FALSE,FALSE,""
"reference","man/pl__all_horizontal.Rd",1,25,"df","with_columns","polars_data_frame",89,TRUE,"offered",TRUE,FALSE,FALSE,""
"reference","man/pl__all_horizontal.Rd",1,25,"pl","all_horizontal","pl",103,TRUE,"offered",TRUE,FALSE,FALSE,""
"reference","man/pl__all.Rd",1,29,"pl","DataFrame","pl",103,TRUE,"offered",TRUE,FALSE,FALSE,""
"reference","man/pl__all.Rd",1,29,"df","select","polars_data_frame",89,TRUE,"offered",TRUE,FALSE,FALSE,""
"reference","man/pl__all.Rd",1,29,"pl$all()","sum","polars_expr",212,TRUE,"offered",TRUE,FALSE,FALSE,""
"reference","man/pl__all.Rd",1,29,"pl","all","pl",103,TRUE,"offered",TRUE,FALSE,FALSE,""
"reference","man/pl__all.Rd",1,29,"df","select","polars_data_frame",89,TRUE,"offered",TRUE,FALSE,FALSE,""
"reference","man/pl__all.Rd",1,29,"pl","all","pl",103,TRUE,"offered",TRUE,FALSE,FALSE,""
"reference","man/pl__any_horizontal.Rd",1,25,"pl","DataFrame","pl",103,TRUE,"offered",TRUE,FALSE,FALSE,""
"reference","man/pl__any_horizontal.Rd",1,25,"df","with_columns","polars_data_frame",89,TRUE,"offered",TRUE,FALSE,FALSE,""
"reference","man/pl__any_horizontal.Rd",1,25,"pl","any_horizontal","pl",103,TRUE,"offered",TRUE,FALSE,FALSE,""
"reference","man/pl__any.Rd",1,27,"pl","DataFrame","pl",103,TRUE,"offered",TRUE,FALSE,FALSE,""
"reference","man/pl__any.Rd",1,27,"df","select","polars_data_frame",89,TRUE,"offered",TRUE,FALSE,FALSE,""
"reference","man/pl__any.Rd",1,27,"pl","any","pl",103,TRUE,"offered",TRUE,FALSE,FALSE,""
"reference","man/pl__arg_sort_by.Rd",1,37,"pl","DataFrame","pl",103,TRUE,"offered",TRUE,FALSE,FALSE,""
"reference","man/pl__arg_sort_by.Rd",1,37,"df","select","polars_data_frame",89,TRUE,"offered",TRUE,FALSE,FALSE,""
"reference","man/pl__arg_sort_by.Rd",1,37,"pl","arg_sort_by","pl",103,TRUE,"offered",TRUE,FALSE,FALSE,""
"reference","man/pl__arg_sort_by.Rd",1,37,"df","select","polars_data_frame",89,TRUE,"offered",TRUE,FALSE,FALSE,""
"reference","man/pl__arg_sort_by.Rd",1,37,"pl","arg_sort_by","pl",103,TRUE,"offered",TRUE,FALSE,FALSE,""
"reference","man/pl__arg_sort_by.Rd",1,37,"df","select","polars_data_frame",89,TRUE,"offered",TRUE,FALSE,FALSE,""
"reference","man/pl__arg_sort_by.Rd",1,37,"pl$col(""c"")","gather","polars_expr",212,TRUE,"offered",TRUE,FALSE,FALSE,""
"reference","man/pl__arg_sort_by.Rd",1,37,"pl","col","pl",103,TRUE,"offered",TRUE,FALSE,FALSE,""
"reference","man/pl__arg_sort_by.Rd",1,37,"pl","arg_sort_by","pl",103,TRUE,"offered",TRUE,FALSE,FALSE,""
"reference","man/pl__arg_where.Rd",1,18,"pl","DataFrame","pl",103,TRUE,"offered",TRUE,FALSE,FALSE,""
"reference","man/pl__arg_where.Rd",1,18,"df","select","polars_data_frame",89,TRUE,"offered",TRUE,FALSE,FALSE,""
"reference","man/pl__arg_where.Rd",1,18,"pl","arg_where","pl",103,TRUE,"offered",TRUE,FALSE,FALSE,""
"reference","man/pl__arg_where.Rd",1,18,"pl","col","pl",103,TRUE,"offered",TRUE,FALSE,FALSE,""
"reference","man/pl__coalesce.Rd",1,21,"pl","DataFrame","pl",103,TRUE,"offered",TRUE,FALSE,FALSE,""
"reference","man/pl__coalesce.Rd",1,21,"df","with_columns","polars_data_frame",89,TRUE,"offered",TRUE,FALSE,FALSE,""
"reference","man/pl__coalesce.Rd",1,21,"pl","coalesce","pl",103,TRUE,"offered",TRUE,FALSE,FALSE,""
"reference","man/pl__coalesce.Rd",1,21,"df","with_columns","polars_data_frame",89,TRUE,"offered",TRUE,FALSE,FALSE,""
"reference","man/pl__coalesce.Rd",1,21,"pl","coalesce","pl",103,TRUE,"offered",TRUE,FALSE,FALSE,""
"reference","man/pl__coalesce.Rd",1,21,"pl","col","pl",103,TRUE,"offered",TRUE,FALSE,FALSE,""
"reference","man/pl__col.Rd",1,27,"pl","col","pl",103,TRUE,"offered",TRUE,FALSE,FALSE,""
"reference","man/pl__col.Rd",1,27,"pl","col","pl",103,TRUE,"offered",TRUE,FALSE,FALSE,""
"reference","man/pl__col.Rd",1,27,"pl","col","pl",103,TRUE,"offered",TRUE,FALSE,FALSE,""
"reference","man/pl__col.Rd",1,27,"pl","Float64","pl",103,TRUE,"offered",TRUE,FALSE,FALSE,""
"reference","man/pl__col.Rd",1,27,"pl","String","pl",103,TRUE,"offered",TRUE,FALSE,FALSE,""
"reference","man/pl__col.Rd",1,27,"pl","col","pl",103,TRUE,"offered",TRUE,FALSE,FALSE,""
"reference","man/pl__col.Rd",1,27,"pl","DataFrame","pl",103,TRUE,"offered",TRUE,FALSE,FALSE,""
"reference","man/pl__col.Rd",1,27,"df","select","polars_data_frame",89,TRUE,"offered",TRUE,FALSE,FALSE,""
"reference","man/pl__col.Rd",1,27,"pl","col","pl",103,TRUE,"offered",TRUE,FALSE,FALSE,""
"reference","man/pl__col.Rd",1,27,"df","select","polars_data_frame",89,TRUE,"offered",TRUE,FALSE,FALSE,""
"reference","man/pl__col.Rd",1,27,"pl","col","pl",103,TRUE,"offered",TRUE,FALSE,FALSE,""
"reference","man/pl__collect_all.Rd",1,43,"as_polars_lf(mtcars)","with_columns","polars_lazy_frame",72,TRUE,"offered",TRUE,FALSE,FALSE,""
"reference","man/pl__collect_all.Rd",1,43,"pl$col(""mpg"")","sqrt","polars_expr",212,TRUE,"offered",TRUE,FALSE,FALSE,""
"reference","man/pl__collect_all.Rd",1,43,"pl","col","pl",103,TRUE,"offered",TRUE,FALSE,FALSE,""
"reference","man/pl__collect_all.Rd",1,43,"lf","filter","polars_lazy_frame",72,TRUE,"offered",TRUE,FALSE,FALSE,""
"reference","man/pl__collect_all.Rd",1,43,"pl","col","pl",103,TRUE,"offered",TRUE,FALSE,FALSE,""
"reference","man/pl__collect_all.Rd",1,43,"lf","filter","polars_lazy_frame",72,TRUE,"offered",TRUE,FALSE,FALSE,""
"reference","man/pl__collect_all.Rd",1,43,"pl","col","pl",103,TRUE,"offered",TRUE,FALSE,FALSE,""
"reference","man/pl__collect_all.Rd",1,43,"pl","collect_all","pl",103,TRUE,"offered",TRUE,FALSE,FALSE,""
"reference","man/pl__concat_arr.Rd",1,20,"pl$DataFrame(a = list(1:2, 3:4, 5:6), b = list(4, 1, NA))","cast","polars_data_frame",89,TRUE,"offered",TRUE,FALSE,FALSE,""
"reference","man/pl__concat_arr.Rd",1,20,"pl","DataFrame","pl",103,TRUE,"offered",TRUE,FALSE,FALSE,""
"reference","man/pl__concat_arr.Rd",1,20,"pl","Array","pl",103,TRUE,"offered",TRUE,FALSE,FALSE,""
"reference","man/pl__concat_arr.Rd",1,20,"pl","Int64","pl",103,TRUE,"offered",TRUE,FALSE,FALSE,""
"reference","man/pl__concat_arr.Rd",1,20,"pl","Array","pl",103,TRUE,"offered",TRUE,FALSE,FALSE,""
"reference","man/pl__concat_arr.Rd",1,20,"pl","Int64","pl",103,TRUE,"offered",TRUE,FALSE,FALSE,""
"reference","man/pl__concat_arr.Rd",1,20,"df","with_columns","polars_data_frame",89,TRUE,"offered",TRUE,FALSE,FALSE,""
"reference","man/pl__concat_arr.Rd",1,20,"pl","concat_arr","pl",103,TRUE,"offered",TRUE,FALSE,FALSE,""
"reference","man/pl__concat_arr.Rd",1,20,"pl","DataFrame","pl",103,TRUE,"offered",TRUE,FALSE,FALSE,""
"reference","man/pl__concat_arr.Rd",1,20,"df","with_columns","polars_data_frame",89,TRUE,"offered",TRUE,FALSE,FALSE,""
"reference","man/pl__concat_arr.Rd",1,20,"pl","concat_arr","pl",103,TRUE,"offered",TRUE,FALSE,FALSE,""
"reference","man/pl__concat_arr.Rd",1,20,"pl$DataFrame(a = list(NA, 5L, 6L), b = c(6L, 5L, NA))","cast","polars_data_frame",89,TRUE,"offered",TRUE,FALSE,FALSE,""
"reference","man/pl__concat_arr.Rd",1,20,"pl","DataFrame","pl",103,TRUE,"offered",TRUE,FALSE,FALSE,""
"reference","man/pl__concat_arr.Rd",1,20,"pl","Array","pl",103,TRUE,"offered",TRUE,FALSE,FALSE,""
"reference","man/pl__concat_arr.Rd",1,20,"pl","Int32","pl",103,TRUE,"offered",TRUE,FALSE,FALSE,""
"reference","man/pl__concat_arr.Rd",1,20,"df","with_columns","polars_data_frame",89,TRUE,"offered",TRUE,FALSE,FALSE,""
"reference","man/pl__concat_arr.Rd",1,20,"pl","concat_arr","pl",103,TRUE,"offered",TRUE,FALSE,FALSE,""
"reference","man/pl__concat_arr.Rd",1,20,"df","with_columns","polars_data_frame",89,TRUE,"offered",TRUE,FALSE,FALSE,""
"reference","man/pl__concat_arr.Rd",1,20,"pl","concat_arr","pl",103,TRUE,"offered",TRUE,FALSE,FALSE,""
"reference","man/pl__concat_arr.Rd",1,20,"pl","sum","pl",103,TRUE,"offered",TRUE,FALSE,FALSE,""
"reference","man/pl__concat_list.Rd",1,20,"pl","DataFrame","pl",103,TRUE,"offered",TRUE,FALSE,FALSE,""
"reference","man/pl__concat_list.Rd",1,20,"df","with_columns","polars_data_frame",89,TRUE,"offered",TRUE,FALSE,FALSE,""
"reference","man/pl__concat_list.Rd",1,20,"pl","concat_list","pl",103,TRUE,"offered",TRUE,FALSE,FALSE,""
"reference","man/pl__concat_list.Rd",1,20,"df","select","polars_data_frame",89,TRUE,"offered",TRUE,FALSE,FALSE,""
"reference","man/pl__concat_list.Rd",1,20,"pl","concat_list","pl",103,TRUE,"offered",TRUE,FALSE,FALSE,""
"reference","man/pl__concat_list.Rd",1,20,"pl","lit","pl",103,TRUE,"offered",TRUE,FALSE,FALSE,""
"reference","man/pl__concat_list.Rd",1,20,"pl","DataFrame","pl",103,TRUE,"offered",TRUE,FALSE,FALSE,""
"reference","man/pl__concat_list.Rd",1,20,"df","select","polars_data_frame",89,TRUE,"offered",TRUE,FALSE,FALSE,""
"reference","man/pl__concat_list.Rd",1,20,"pl$col(""A"")","shift","polars_expr",212,TRUE,"offered",TRUE,FALSE,FALSE,""
"reference","man/pl__concat_list.Rd",1,20,"pl","col","pl",103,TRUE,"offered",TRUE,FALSE,FALSE,""
"reference","man/pl__concat_list.Rd",1,20,"pl$col(""A"")","shift","polars_expr",212,TRUE,"offered",TRUE,FALSE,FALSE,""
"reference","man/pl__concat_list.Rd",1,20,"pl","col","pl",103,TRUE,"offered",TRUE,FALSE,FALSE,""
"reference","man/pl__concat_list.Rd",1,20,"pl$col(""A"")","shift","polars_expr",212,TRUE,"offered",TRUE,FALSE,FALSE,""
"reference","man/pl__concat_list.Rd",1,20,"pl","col","pl",103,TRUE,"offered",TRUE,FALSE,FALSE,""
"reference","man/pl__concat_list.Rd",1,20,"df","select","polars_data_frame",89,TRUE,"offered",TRUE,FALSE,FALSE,""
"reference","man/pl__concat_list.Rd",1,20,"pl","concat_list","pl",103,TRUE,"offered",TRUE,FALSE,FALSE,""
"reference","man/pl__concat_str.Rd",1,27,"pl","DataFrame","pl",103,TRUE,"offered",TRUE,FALSE,FALSE,""
"reference","man/pl__concat_str.Rd",1,27,"df","with_columns","polars_data_frame",89,TRUE,"offered",TRUE,FALSE,FALSE,""
"reference","man/pl__concat_str.Rd",1,27,"pl","concat_str","pl",103,TRUE,"offered",TRUE,FALSE,FALSE,""
"reference","man/pl__concat_str.Rd",1,27,"pl","col","pl",103,TRUE,"offered",TRUE,FALSE,FALSE,""
"reference","man/pl__concat_str.Rd",1,27,"pl","col","pl",103,TRUE,"offered",TRUE,FALSE,FALSE,""
"reference","man/pl__concat_str.Rd",1,27,"pl","col","pl",103,TRUE,"offered",TRUE,FALSE,FALSE,""
"reference","man/pl__concat.Rd",1,60,"pl","DataFrame","pl",103,TRUE,"offered",TRUE,FALSE,FALSE,""
"reference","man/pl__concat.Rd",1,60,"pl","DataFrame","pl",103,TRUE,"offered",TRUE,FALSE,FALSE,""
"reference","man/pl__concat.Rd",1,60,"pl","concat","pl",103,TRUE,"offered",TRUE,FALSE,FALSE,""
"reference","man/pl__concat.Rd",1,60,"pl","DataFrame","pl",103,TRUE,"offered",TRUE,FALSE,FALSE,""
"reference","man/pl__concat.Rd",1,60,"pl","DataFrame","pl",103,TRUE,"offered",TRUE,FALSE,FALSE,""
"reference","man/pl__concat.Rd",1,60,"pl","concat","pl",103,TRUE,"offered",TRUE,FALSE,FALSE,""
"reference","man/pl__concat.Rd",1,60,"pl","DataFrame","pl",103,TRUE,"offered",TRUE,FALSE,FALSE,""
"reference","man/pl__concat.Rd",1,60,"pl","DataFrame","pl",103,TRUE,"offered",TRUE,FALSE,FALSE,""
"reference","man/pl__concat.Rd",1,60,"pl","concat","pl",103,TRUE,"offered",TRUE,FALSE,FALSE,""
"reference","man/pl__concat.Rd",1,60,"pl","DataFrame","pl",103,TRUE,"offered",TRUE,FALSE,FALSE,""
"reference","man/pl__concat.Rd",1,60,"pl","DataFrame","pl",103,TRUE,"offered",TRUE,FALSE,FALSE,""
"reference","man/pl__concat.Rd",1,60,"pl","concat","pl",103,TRUE,"offered",TRUE,FALSE,FALSE,""
"reference","man/pl__concat.Rd",1,60,"pl","DataFrame","pl",103,TRUE,"offered",TRUE,FALSE,FALSE,""
"reference","man/pl__concat.Rd",1,60,"pl","DataFrame","pl",103,TRUE,"offered",TRUE,FALSE,FALSE,""
"reference","man/pl__concat.Rd",1,60,"pl","DataFrame","pl",103,TRUE,"offered",TRUE,FALSE,FALSE,""
"reference","man/pl__concat.Rd",1,60,"pl","concat","pl",103,TRUE,"offered",TRUE,FALSE,FALSE,""
"reference","man/pl__concat.Rd",1,60,"pl","concat","pl",103,TRUE,"offered",TRUE,FALSE,FALSE,""
"reference","man/pl__concat.Rd",1,60,"pl","concat","pl",103,TRUE,"offered",TRUE,FALSE,FALSE,""
"reference","man/pl__cum_sum.Rd",1,22,"pl","DataFrame","pl",103,TRUE,"offered",TRUE,FALSE,FALSE,""
"reference","man/pl__cum_sum.Rd",1,22,"df","select","polars_data_frame",89,TRUE,"offered",TRUE,FALSE,FALSE,""
"reference","man/pl__cum_sum.Rd",1,22,"pl","cum_sum","pl",103,TRUE,"offered",TRUE,FALSE,FALSE,""
"reference","man/pl__cum_sum.Rd",1,22,"df","select","polars_data_frame",89,TRUE,"offered",TRUE,FALSE,FALSE,""
"reference","man/pl__cum_sum.Rd",1,22,"pl","cum_sum","pl",103,TRUE,"offered",TRUE,FALSE,FALSE,""
"reference","man/pl__DataFrame.Rd",1,71,"pl","DataFrame","pl",103,TRUE,"offered",TRUE,FALSE,FALSE,""
"reference","man/pl__DataFrame.Rd",1,71,"pl","DataFrame","pl",103,TRUE,"offered",TRUE,FALSE,FALSE,""
"reference","man/pl__DataFrame.Rd",1,71,"pl","Series","pl",103,TRUE,"offered",TRUE,FALSE,FALSE,""
"reference","man/pl__DataFrame.Rd",1,71,"pl","Series","pl",103,TRUE,"offered",TRUE,FALSE,FALSE,""
"reference","man/pl__DataFrame.Rd",1,71,"pl","DataFrame","pl",103,TRUE,"offered",TRUE,FALSE,FALSE,""
"reference","man/pl__DataFrame.Rd",1,71,"pl","DataFrame","pl",103,TRUE,"offered",TRUE,FALSE,FALSE,""
"reference","man/pl__DataFrame.Rd",1,71,"df","columns","polars_data_frame",89,TRUE,"offered",TRUE,FALSE,FALSE,""
"reference","man/pl__DataFrame.Rd",1,71,"df","dtypes","polars_data_frame",89,TRUE,"offered",TRUE,FALSE,FALSE,""
"reference","man/pl__DataFrame.Rd",1,71,"df","schema","polars_data_frame",89,TRUE,"offered",TRUE,FALSE,FALSE,""
"reference","man/pl__DataFrame.Rd",1,71,"df","shape","polars_data_frame",89,TRUE,"offered",TRUE,FALSE,FALSE,""
"reference","man/pl__DataFrame.Rd",1,71,"df","height","polars_data_frame",89,TRUE,"offered",TRUE,FALSE,FALSE,""
"reference","man/pl__DataFrame.Rd",1,71,"df","width","polars_data_frame",89,TRUE,"offered",TRUE,FALSE,FALSE,""
"reference","man/pl__date_range.Rd",1,64,"pl","select","pl",103,TRUE,"offered",TRUE,FALSE,FALSE,""
"reference","man/pl__date_range.Rd",1,64,"pl","date_range","pl",103,TRUE,"offered",TRUE,FALSE,FALSE,""
"reference","man/pl__date_range.Rd",1,64,"pl","select","pl",103,TRUE,"offered",TRUE,FALSE,FALSE,""
"reference","man/pl__date_range.Rd",1,64,"pl","date_range","pl",103,TRUE,"offered",TRUE,FALSE,FALSE,""
"reference","man/pl__date_ranges.Rd",1,64,"pl","DataFrame","pl",103,TRUE,"offered",TRUE,FALSE,FALSE,""
"reference","man/pl__date_ranges.Rd",1,64,"df","with_columns","polars_data_frame",89,TRUE,"offered",TRUE,FALSE,FALSE,""
"reference","man/pl__date_ranges.Rd",1,64,"pl","date_ranges","pl",103,TRUE,"offered",TRUE,FALSE,FALSE,""
"reference","man/pl__date_ranges.Rd",1,64,"pl","date_ranges","pl",103,TRUE,"offered",TRUE,FALSE,FALSE,""
"reference","man/pl__date_ranges.Rd",1,64,"df","with_columns","polars_data_frame",89,TRUE,"offered",TRUE,FALSE,FALSE,""
"reference","man/pl__date_ranges.Rd",1,64,"pl","date_ranges","pl",103,TRUE,"offered",TRUE,FALSE,FALSE,""
"reference","man/pl__date_ranges.Rd",1,64,"pl","lit","pl",103,TRUE,"offered",TRUE,FALSE,FALSE,""
"reference","man/pl__date.Rd",1,28,"pl","DataFrame","pl",103,TRUE,"offered",TRUE,FALSE,FALSE,""
"reference","man/pl__date.Rd",1,28,"df","with_columns","polars_data_frame",89,TRUE,"offered",TRUE,FALSE,FALSE,""
"reference","man/pl__date.Rd",1,28,"pl","date","pl",103,TRUE,"offered",TRUE,FALSE,FALSE,""
"reference","man/pl__date.Rd",1,28,"pl","col","pl",103,TRUE,"offered",TRUE,FALSE,FALSE,""
"reference","man/pl__date.Rd",1,28,"pl","col","pl",103,TRUE,"offered",TRUE,FALSE,FALSE,""
"reference","man/pl__date.Rd",1,28,"pl","DataFrame","pl",103,TRUE,"offered",TRUE,FALSE,FALSE,""
"reference","man/pl__date.Rd",1,28,"df","filter","polars_data_frame",89,TRUE,"offered",TRUE,FALSE,FALSE,""
"reference","man/pl__date.Rd",1,28,"pl","col","pl",103,TRUE,"offered",TRUE,FALSE,FALSE,""
"reference","man/pl__date.Rd",1,28,"pl","date","pl",103,TRUE,"offered",TRUE,FALSE,FALSE,""
"reference","man/pl__datetime_range.Rd",1,70,"pl","select","pl",103,TRUE,"offered",TRUE,FALSE,FALSE,""
"reference","man/pl__datetime_range.Rd",1,70,"pl","datetime_range","pl",103,TRUE,"offered",TRUE,FALSE,FALSE,""
"reference","man/pl__datetime_range.Rd",1,70,"pl","select","pl",103,TRUE,"offered",TRUE,FALSE,FALSE,""
"reference","man/pl__datetime_range.Rd",1,70,"pl","datetime_range","pl",103,TRUE,"offered",TRUE,FALSE,FALSE,""
"reference","man/pl__datetime_range.Rd",1,70,"pl","select","pl",103,TRUE,"offered",TRUE,FALSE,FALSE,""
"reference","man/pl__datetime_range.Rd",1,70,"pl","datetime_range","pl",103,TRUE,"offered",TRUE,FALSE,FALSE,""
"reference","man/pl__datetime_ranges.Rd",1,70,"pl","DataFrame","pl",103,TRUE,"offered",TRUE,FALSE,FALSE,""
"reference","man/pl__datetime_ranges.Rd",1,70,"df","with_columns","polars_data_frame",89,TRUE,"offered",TRUE,FALSE,FALSE,""
"reference","man/pl__datetime_ranges.Rd",1,70,"pl","datetime_ranges","pl",103,TRUE,"offered",TRUE,FALSE,FALSE,""
"reference","man/pl__datetime_ranges.Rd",1,70,"pl","datetime_ranges","pl",103,TRUE,"offered",TRUE,FALSE,FALSE,""
"reference","man/pl__datetime_ranges.Rd",1,70,"df","with_columns","polars_data_frame",89,TRUE,"offered",TRUE,FALSE,FALSE,""
"reference","man/pl__datetime_ranges.Rd",1,70,"pl","datetime_ranges","pl",103,TRUE,"offered",TRUE,FALSE,FALSE,""
"reference","man/pl__datetime_ranges.Rd",1,70,"pl","lit","pl",103,TRUE,"offered",TRUE,FALSE,FALSE,""
"reference","man/pl__datetime.Rd",1,72,"pl","DataFrame","pl",103,TRUE,"offered",TRUE,FALSE,FALSE,""
"reference","man/pl__datetime.Rd",1,72,"df","with_columns","polars_data_frame",89,TRUE,"offered",TRUE,FALSE,FALSE,""
"reference","man/pl__datetime.Rd",1,72,"pl","datetime","pl",103,TRUE,"offered",TRUE,FALSE,FALSE,""
"reference","man/pl__datetime.Rd",1,72,"pl","col","pl",103,TRUE,"offered",TRUE,FALSE,FALSE,""
"reference","man/pl__datetime.Rd",1,72,"pl","col","pl",103,TRUE,"offered",TRUE,FALSE,FALSE,""
"reference","man/pl__datetime.Rd",1,72,"pl","col","pl",103,TRUE,"offered",TRUE,FALSE,FALSE,""
"reference","man/pl__datetime.Rd",1,72,"pl","col","pl",103,TRUE,"offered",TRUE,FALSE,FALSE,""
"reference","man/pl__datetime.Rd",1,72,"pl","select","pl",103,TRUE,"offered",TRUE,FALSE,FALSE,""
"reference","man/pl__datetime.Rd",1,72,"df","filter","polars_data_frame",89,TRUE,"offered",TRUE,FALSE,FALSE,""
"reference","man/pl__datetime.Rd",1,72,"pl","col","pl",103,TRUE,"offered",TRUE,FALSE,FALSE,""
"reference","man/pl__datetime.Rd",1,72,"pl","datetime","pl",103,TRUE,"offered",TRUE,FALSE,FALSE,""
"reference","man/pl__duration.Rd",1,65,"pl","DataFrame","pl",103,TRUE,"offered",TRUE,FALSE,FALSE,""
"reference","man/pl__duration.Rd",1,65,"df","select","polars_data_frame",89,TRUE,"offered",TRUE,FALSE,FALSE,""
"reference","man/pl__duration.Rd",1,65,"pl","col","pl",103,TRUE,"offered",TRUE,FALSE,FALSE,""
"reference","man/pl__duration.Rd",1,65,"pl","duration","pl",103,TRUE,"offered",TRUE,FALSE,FALSE,""
"reference","man/pl__duration.Rd",1,65,"pl","col","pl",103,TRUE,"offered",TRUE,FALSE,FALSE,""
"reference","man/pl__duration.Rd",1,65,"pl","col","pl",103,TRUE,"offered",TRUE,FALSE,FALSE,""
"reference","man/pl__duration.Rd",1,65,"pl","duration","pl",103,TRUE,"offered",TRUE,FALSE,FALSE,""
"reference","man/pl__duration.Rd",1,65,"pl","col","pl",103,TRUE,"offered",TRUE,FALSE,FALSE,""
"reference","man/pl__duration.Rd",1,65,"pl","col","pl",103,TRUE,"offered",TRUE,FALSE,FALSE,""
"reference","man/pl__duration.Rd",1,65,"pl","duration","pl",103,TRUE,"offered",TRUE,FALSE,FALSE,""
"reference","man/pl__duration.Rd",1,65,"pl","col","pl",103,TRUE,"offered",TRUE,FALSE,FALSE,""
"reference","man/pl__duration.Rd",1,65,"pl","col","pl",103,TRUE,"offered",TRUE,FALSE,FALSE,""
"reference","man/pl__duration.Rd",1,65,"pl","duration","pl",103,TRUE,"offered",TRUE,FALSE,FALSE,""
"reference","man/pl__duration.Rd",1,65,"pl","col","pl",103,TRUE,"offered",TRUE,FALSE,FALSE,""
"reference","man/pl__duration.Rd",1,65,"pl","col","pl",103,TRUE,"offered",TRUE,FALSE,FALSE,""
"reference","man/pl__duration.Rd",1,65,"pl","duration","pl",103,TRUE,"offered",TRUE,FALSE,FALSE,""
"reference","man/pl__duration.Rd",1,65,"pl","col","pl",103,TRUE,"offered",TRUE,FALSE,FALSE,""
"reference","man/pl__element.Rd",1,15,"pl","DataFrame","pl",103,TRUE,"offered",TRUE,FALSE,FALSE,""
"reference","man/pl__element.Rd",1,15,"df","with_columns","polars_data_frame",89,TRUE,"offered",TRUE,FALSE,FALSE,""
"reference","man/pl__element.Rd",1,15,"pl$concat_list(c(""a"", ""b""))$list","eval","polars_namespace_expr_list",42,TRUE,"offered",TRUE,FALSE,FALSE,""
"reference","man/pl__element.Rd",1,15,"pl$concat_list(c(""a"", ""b""))","list","polars_expr",212,TRUE,"offered",TRUE,FALSE,FALSE,""
"reference","man/pl__element.Rd",1,15,"pl","concat_list","pl",103,TRUE,"offered",TRUE,FALSE,FALSE,""
"reference","man/pl__element.Rd",1,15,"pl$element()","rank","polars_expr",212,TRUE,"offered",TRUE,FALSE,FALSE,""
"reference","man/pl__element.Rd",1,15,"pl","element","pl",103,TRUE,"offered",TRUE,FALSE,FALSE,""
"reference","man/pl__element.Rd",1,15,"pl","DataFrame","pl",103,TRUE,"offered",TRUE,FALSE,FALSE,""
"reference","man/pl__element.Rd",1,15,"df","with_columns","polars_data_frame",89,TRUE,"offered",TRUE,FALSE,FALSE,""
"reference","man/pl__element.Rd",1,15,"pl$concat_list(c(""a"", ""b""))$list","eval","polars_namespace_expr_list",42,TRUE,"offered",TRUE,FALSE,FALSE,""
"reference","man/pl__element.Rd",1,15,"pl$concat_list(c(""a"", ""b""))","list","polars_expr",212,TRUE,"offered",TRUE,FALSE,FALSE,""
"reference","man/pl__element.Rd",1,15,"pl","concat_list","pl",103,TRUE,"offered",TRUE,FALSE,FALSE,""
"reference","man/pl__element.Rd",1,15,"pl","element","pl",103,TRUE,"offered",TRUE,FALSE,FALSE,""
"reference","man/pl__explain_all.Rd",1,24,"as_polars_lf(mtcars)","with_columns","polars_lazy_frame",72,TRUE,"offered",TRUE,FALSE,FALSE,""
"reference","man/pl__explain_all.Rd",1,24,"pl$col(""mpg"")","sqrt","polars_expr",212,TRUE,"offered",TRUE,FALSE,FALSE,""
"reference","man/pl__explain_all.Rd",1,24,"pl","col","pl",103,TRUE,"offered",TRUE,FALSE,FALSE,""
"reference","man/pl__explain_all.Rd",1,24,"lf","filter","polars_lazy_frame",72,TRUE,"offered",TRUE,FALSE,FALSE,""
"reference","man/pl__explain_all.Rd",1,24,"pl","col","pl",103,TRUE,"offered",TRUE,FALSE,FALSE,""
"reference","man/pl__explain_all.Rd",1,24,"lf","filter","polars_lazy_frame",72,TRUE,"offered",TRUE,FALSE,FALSE,""
"reference","man/pl__explain_all.Rd",1,24,"pl","col","pl",103,TRUE,"offered",TRUE,FALSE,FALSE,""
"reference","man/pl__explain_all.Rd",1,24,"pl","explain_all","pl",103,TRUE,"offered",TRUE,FALSE,FALSE,""
"reference","man/pl__first.Rd",1,15,"pl","DataFrame","pl",103,TRUE,"offered",TRUE,FALSE,FALSE,""
"reference","man/pl__first.Rd",1,15,"df","select","polars_data_frame",89,TRUE,"offered",TRUE,FALSE,FALSE,""
"reference","man/pl__first.Rd",1,15,"pl","first","pl",103,TRUE,"offered",TRUE,FALSE,FALSE,""
"reference","man/pl__int_range.Rd",1,27,"pl","select","pl",103,TRUE,"offered",TRUE,FALSE,FALSE,""
"reference","man/pl__int_range.Rd",1,27,"pl","int_range","pl",103,TRUE,"offered",TRUE,FALSE,FALSE,""
"reference","man/pl__int_range.Rd",1,27,"pl","select","pl",103,TRUE,"offered",TRUE,FALSE,FALSE,""
"reference","man/pl__int_range.Rd",1,27,"pl","int_range","pl",103,TRUE,"offered",TRUE,FALSE,FALSE,""
"reference","man/pl__int_range.Rd",1,27,"pl","DataFrame","pl",103,TRUE,"offered",TRUE,FALSE,FALSE,""
"reference","man/pl__int_range.Rd",1,27,"df","select","polars_data_frame",89,TRUE,"offered",TRUE,FALSE,FALSE,""
"reference","man/pl__int_range.Rd",1,27,"pl","int_range","pl",103,TRUE,"offered",TRUE,FALSE,FALSE,""
"reference","man/pl__int_range.Rd",1,27,"pl","len","pl",103,TRUE,"offered",TRUE,FALSE,FALSE,""
"reference","man/pl__int_range.Rd",1,27,"pl","UInt32","pl",103,TRUE,"offered",TRUE,FALSE,FALSE,""
"reference","man/pl__int_range.Rd",1,27,"pl","all","pl",103,TRUE,"offered",TRUE,FALSE,FALSE,""
"reference","man/pl__int_ranges.Rd",1,27,"pl","DataFrame","pl",103,TRUE,"offered",TRUE,FALSE,FALSE,""
"reference","man/pl__int_ranges.Rd",1,27,"df","with_columns","polars_data_frame",89,TRUE,"offered",TRUE,FALSE,FALSE,""
"reference","man/pl__int_ranges.Rd",1,27,"pl","int_ranges","pl",103,TRUE,"offered",TRUE,FALSE,FALSE,""
"reference","man/pl__int_ranges.Rd",1,27,"df","select","polars_data_frame",89,TRUE,"offered",TRUE,FALSE,FALSE,""
"reference","man/pl__int_ranges.Rd",1,27,"pl","int_ranges","pl",103,TRUE,"offered",TRUE,FALSE,FALSE,""
"reference","man/pl__last.Rd",1,15,"pl","DataFrame","pl",103,TRUE,"offered",TRUE,FALSE,FALSE,""
"reference","man/pl__last.Rd",1,15,"df","select","polars_data_frame",89,TRUE,"offered",TRUE,FALSE,FALSE,""
"reference","man/pl__last.Rd",1,15,"pl","last","pl",103,TRUE,"offered",TRUE,FALSE,FALSE,""
"reference","man/pl__LazyFrame.Rd",1,38,"pl","LazyFrame","pl",103,TRUE,"offered",TRUE,FALSE,FALSE,""
"reference","man/pl__LazyFrame.Rd",1,38,"pl","LazyFrame","pl",103,TRUE,"offered",TRUE,FALSE,FALSE,""
"reference","man/pl__LazyFrame.Rd",1,38,"pl","Series","pl",103,TRUE,"offered",TRUE,FALSE,FALSE,""
"reference","man/pl__LazyFrame.Rd",1,38,"pl","Series","pl",103,TRUE,"offered",TRUE,FALSE,FALSE,""
"reference","man/pl__LazyFrame.Rd",1,38,"pl","LazyFrame","pl",103,TRUE,"offered",TRUE,FALSE,FALSE,""
"reference","man/pl__len.Rd",1,15,"pl","DataFrame","pl",103,TRUE,"offered",TRUE,FALSE,FALSE,""
"reference","man/pl__len.Rd",1,15,"df","select","polars_data_frame",89,TRUE,"offered",TRUE,FALSE,FALSE,""
"reference","man/pl__len.Rd",1,15,"pl","len","pl",103,TRUE,"offered",TRUE,FALSE,FALSE,""
"reference","man/pl__len.Rd",1,15,"df","with_columns","polars_data_frame",89,TRUE,"offered",TRUE,FALSE,FALSE,""
"reference","man/pl__len.Rd",1,15,"pl$int_range(pl$len(), dtype = pl$UInt32)","alias","polars_expr",212,TRUE,"offered",TRUE,FALSE,FALSE,""
"reference","man/pl__len.Rd",1,15,"pl","int_range","pl",103,TRUE,"offered",TRUE,FALSE,FALSE,""
"reference","man/pl__len.Rd",1,15,"pl","len","pl",103,TRUE,"offered",TRUE,FALSE,FALSE,""
"reference","man/pl__len.Rd",1,15,"pl","UInt32","pl",103,TRUE,"offered",TRUE,FALSE,FALSE,""
"reference","man/pl__linear_space.Rd",1,38,"pl","select","pl",103,TRUE,"offered",TRUE,FALSE,FALSE,""
"reference","man/pl__linear_space.Rd",1,38,"pl","linear_space","pl",103,TRUE,"offered",TRUE,FALSE,FALSE,""
"reference","man/pl__linear_space.Rd",1,38,"pl","select","pl",103,TRUE,"offered",TRUE,FALSE,FALSE,""
"reference","man/pl__linear_space.Rd",1,38,"pl","linear_space","pl",103,TRUE,"offered",TRUE,FALSE,FALSE,""
"reference","man/pl__linear_space.Rd",1,38,"pl","select","pl",103,TRUE,"offered",TRUE,FALSE,FALSE,""
"reference","man/pl__linear_space.Rd",1,38,"pl","linear_space","pl",103,TRUE,"offered",TRUE,FALSE,FALSE,""
"reference","man/pl__linear_space.Rd",1,38,"pl","select","pl",103,TRUE,"offered",TRUE,FALSE,FALSE,""
"reference","man/pl__linear_space.Rd",1,38,"pl","linear_space","pl",103,TRUE,"offered",TRUE,FALSE,FALSE,""
"reference","man/pl__linear_space.Rd",1,38,"pl","select","pl",103,TRUE,"offered",TRUE,FALSE,FALSE,""
"reference","man/pl__linear_space.Rd",1,38,"pl","linear_space","pl",103,TRUE,"offered",TRUE,FALSE,FALSE,""
"reference","man/pl__linear_space.Rd",1,38,"pl","DataFrame","pl",103,TRUE,"offered",TRUE,FALSE,FALSE,""
"reference","man/pl__linear_space.Rd",1,38,"df","with_columns","polars_data_frame",89,TRUE,"offered",TRUE,FALSE,FALSE,""
"reference","man/pl__linear_space.Rd",1,38,"pl","linear_space","pl",103,TRUE,"offered",TRUE,FALSE,FALSE,""
"reference","man/pl__linear_space.Rd",1,38,"pl","len","pl",103,TRUE,"offered",TRUE,FALSE,FALSE,""
"reference","man/pl__linear_spaces.Rd",1,44,"pl","DataFrame","pl",103,TRUE,"offered",TRUE,FALSE,FALSE,""
"reference","man/pl__linear_spaces.Rd",1,44,"df","with_columns","polars_data_frame",89,TRUE,"offered",TRUE,FALSE,FALSE,""
"reference","man/pl__linear_spaces.Rd",1,44,"pl","linear_spaces","pl",103,TRUE,"offered",TRUE,FALSE,FALSE,""
"reference","man/pl__linear_spaces.Rd",1,44,"df","with_columns","polars_data_frame",89,TRUE,"offered",TRUE,FALSE,FALSE,""
"reference","man/pl__linear_spaces.Rd",1,44,"pl","linear_spaces","pl",103,TRUE,"offered",TRUE,FALSE,FALSE,""
"reference","man/pl__list.Rd",1,22,"pl","DataFrame","pl",103,TRUE,"offered",TRUE,FALSE,FALSE,""
"reference","man/pl__list.Rd",1,22,"df","with_columns","polars_data_frame",89,TRUE,"offered",TRUE,FALSE,FALSE,""
"reference","man/pl__list.Rd",1,22,"pl","list","pl",103,TRUE,"offered",TRUE,FALSE,FALSE,""
"reference","man/pl__list.Rd",1,22,"pl","DataFrame","pl",103,TRUE,"offered",TRUE,FALSE,FALSE,""
"reference","man/pl__list.Rd",1,22,"df","with_columns","polars_data_frame",89,TRUE,"offered",TRUE,FALSE,FALSE,""
"reference","man/pl__list.Rd",1,22,"pl","list","pl",103,TRUE,"offered",TRUE,FALSE,FALSE,""
"reference","man/pl__list.Rd",1,22,"pl","concat_list","pl",103,TRUE,"offered",TRUE,FALSE,FALSE,""
"reference","man/pl__lit.Rd",1,22,"pl","lit","pl",103,TRUE,"offered",TRUE,FALSE,FALSE,""
"reference","man/pl__lit.Rd",1,22,"pl","lit","pl",103,TRUE,"offered",TRUE,FALSE,FALSE,""
"reference","man/pl__lit.Rd",1,22,"pl","lit","pl",103,TRUE,"offered",TRUE,FALSE,FALSE,""
"reference","man/pl__lit.Rd",1,22,"pl","lit","pl",103,TRUE,"offered",TRUE,FALSE,FALSE,""
"reference","man/pl__lit.Rd",1,22,"pl","lit","pl",103,TRUE,"offered",TRUE,FALSE,FALSE,""
"reference","man/pl__lit.Rd",1,22,"pl","lit","pl",103,TRUE,"offered",TRUE,FALSE,FALSE,""
"reference","man/pl__lit.Rd",1,22,"pl","lit","pl",103,TRUE,"offered",TRUE,FALSE,FALSE,""
"reference","man/pl__lit.Rd",1,22,"pl","lit","pl",103,TRUE,"offered",TRUE,FALSE,FALSE,""
"reference","man/pl__lit.Rd",1,22,"pl","lit","pl",103,TRUE,"offered",TRUE,FALSE,FALSE,""
"reference","man/pl__lit.Rd",1,22,"pl","Series","pl",103,TRUE,"offered",TRUE,FALSE,FALSE,""
"reference","man/pl__max_horizontal.Rd",1,20,"pl","DataFrame","pl",103,TRUE,"offered",TRUE,FALSE,FALSE,""
"reference","man/pl__max_horizontal.Rd",1,20,"df","with_columns","polars_data_frame",89,TRUE,"offered",TRUE,FALSE,FALSE,""
"reference","man/pl__max_horizontal.Rd",1,20,"pl","max_horizontal","pl",103,TRUE,"offered",TRUE,FALSE,FALSE,""
"reference","man/pl__max.Rd",1,22,"pl","DataFrame","pl",103,TRUE,"offered",TRUE,FALSE,FALSE,""
"reference","man/pl__max.Rd",1,22,"df","select","polars_data_frame",89,TRUE,"offered",TRUE,FALSE,FALSE,""
"reference","man/pl__max.Rd",1,22,"pl","max","pl",103,TRUE,"offered",TRUE,FALSE,FALSE,""
"reference","man/pl__max.Rd",1,22,"df","select","polars_data_frame",89,TRUE,"offered",TRUE,FALSE,FALSE,""
"reference","man/pl__max.Rd",1,22,"pl","max","pl",103,TRUE,"offered",TRUE,FALSE,FALSE,""
"reference","man/pl__mean_horizontal.Rd",1,24,"pl","DataFrame","pl",103,TRUE,"offered",TRUE,FALSE,FALSE,""
"reference","man/pl__mean_horizontal.Rd",1,24,"df","with_columns","polars_data_frame",89,TRUE,"offered",TRUE,FALSE,FALSE,""
"reference","man/pl__mean_horizontal.Rd",1,24,"pl","mean_horizontal","pl",103,TRUE,"offered",TRUE,FALSE,FALSE,""
"reference","man/pl__min_horizontal.Rd",1,20,"pl","DataFrame","pl",103,TRUE,"offered",TRUE,FALSE,FALSE,""
"reference","man/pl__min_horizontal.Rd",1,20,"df","with_columns","polars_data_frame",89,TRUE,"offered",TRUE,FALSE,FALSE,""
"reference","man/pl__min_horizontal.Rd",1,20,"pl","min_horizontal","pl",103,TRUE,"offered",TRUE,FALSE,FALSE,""
"reference","man/pl__min.Rd",1,22,"pl","DataFrame","pl",103,TRUE,"offered",TRUE,FALSE,FALSE,""
"reference","man/pl__min.Rd",1,22,"df","select","polars_data_frame",89,TRUE,"offered",TRUE,FALSE,FALSE,""
"reference","man/pl__min.Rd",1,22,"pl","min","pl",103,TRUE,"offered",TRUE,FALSE,FALSE,""
"reference","man/pl__min.Rd",1,22,"df","select","polars_data_frame",89,TRUE,"offered",TRUE,FALSE,FALSE,""
"reference","man/pl__min.Rd",1,22,"pl","min","pl",103,TRUE,"offered",TRUE,FALSE,FALSE,""
"reference","man/pl__nth.Rd",1,21,"pl","DataFrame","pl",103,TRUE,"offered",TRUE,FALSE,FALSE,""
"reference","man/pl__nth.Rd",1,21,"df","select","polars_data_frame",89,TRUE,"offered",TRUE,FALSE,FALSE,""
"reference","man/pl__nth.Rd",1,21,"pl","nth","pl",103,TRUE,"offered",TRUE,FALSE,FALSE,""
"reference","man/pl__nth.Rd",1,21,"df","select","polars_data_frame",89,TRUE,"offered",TRUE,FALSE,FALSE,""
"reference","man/pl__nth.Rd",1,21,"pl","nth","pl",103,TRUE,"offered",TRUE,FALSE,FALSE,""
"reference","man/pl__read_csv.Rd",1,178,"pl","read_csv","pl",103,TRUE,"offered",TRUE,FALSE,FALSE,""
"reference","man/pl__read_ipc_stream.Rd",1,37,"pl","read_ipc_stream","pl",103,TRUE,"offered",TRUE,FALSE,TRUE,""
"reference","man/pl__read_ipc.Rd",1,71,"pl","read_ipc","pl",103,TRUE,"offered",TRUE,FALSE,TRUE,""
"reference","man/pl__read_ipc.Rd",1,71,"pl","read_ipc","pl",103,TRUE,"offered",TRUE,FALSE,TRUE,""
"reference","man/pl__read_ipc.Rd",1,71,"pl","String","pl",103,TRUE,"offered",TRUE,FALSE,TRUE,""
"reference","man/pl__read_ipc.Rd",1,71,"pl","Int32","pl",103,TRUE,"offered",TRUE,FALSE,TRUE,""
"reference","man/pl__read_lines.Rd",1,62,"pl","read_lines","pl",103,TRUE,"offered",TRUE,FALSE,TRUE,""
"reference","man/pl__read_ndjson.Rd",1,81,"pl","read_ndjson","pl",103,TRUE,"offered",TRUE,FALSE,TRUE,""
"reference","man/pl__read_parquet.Rd",1,114,"as_polars_df(mtcars)","write_parquet","polars_data_frame",89,TRUE,"offered",TRUE,FALSE,TRUE,""
"reference","man/pl__read_parquet.Rd",1,114,"pl","read_parquet","pl",103,TRUE,"offered",TRUE,FALSE,TRUE,""
"reference","man/pl__read_parquet.Rd",1,114,"as_polars_df(mtcars)","write_parquet","polars_data_frame",89,TRUE,"offered",TRUE,FALSE,TRUE,""
"reference","man/pl__read_parquet.Rd",1,114,"pl","read_parquet","pl",103,TRUE,"offered",TRUE,FALSE,TRUE,""
"reference","man/pl__repeat_.Rd",1,31,"pl","select","pl",103,TRUE,"offered",TRUE,FALSE,FALSE,""
"reference","man/pl__repeat_.Rd",1,31,"pl","repeat_","pl",103,TRUE,"offered",TRUE,FALSE,FALSE,""
"reference","man/pl__repeat_.Rd",1,31,"pl","select","pl",103,TRUE,"offered",TRUE,FALSE,FALSE,""
"reference","man/pl__repeat_.Rd",1,31,"pl","repeat_","pl",103,TRUE,"offered",TRUE,FALSE,FALSE,""
"reference","man/pl__repeat_.Rd",1,31,"pl","Int8","pl",103,TRUE,"offered",TRUE,FALSE,FALSE,""
"reference","man/pl__row_index.Rd",1,21,"pl","DataFrame","pl",103,TRUE,"offered",TRUE,FALSE,FALSE,""
"reference","man/pl__row_index.Rd",1,21,"df","with_columns","polars_data_frame",89,TRUE,"offered",TRUE,FALSE,FALSE,""
"reference","man/pl__row_index.Rd",1,21,"pl","row_index","pl",103,TRUE,"offered",TRUE,FALSE,FALSE,""
"reference","man/pl__row_index.Rd",1,21,"pl","row_index","pl",103,TRUE,"offered",TRUE,FALSE,FALSE,""
"reference","man/pl__row_index.Rd",1,21,"df$group_by(""x"")$agg(pl$row_index())","sort","polars_data_frame",89,TRUE,"offered",TRUE,FALSE,FALSE,""
"reference","man/pl__row_index.Rd",1,21,"df$group_by(""x"")","agg","polars_group_by",16,TRUE,"offered",TRUE,FALSE,FALSE,""
"reference","man/pl__row_index.Rd",1,21,"df","group_by","polars_data_frame",89,TRUE,"offered",TRUE,FALSE,FALSE,""
"reference","man/pl__row_index.Rd",1,21,"pl","row_index","pl",103,TRUE,"offered",TRUE,FALSE,FALSE,""
"reference","man/pl__row_index.Rd",1,21,"df","select","polars_data_frame",89,TRUE,"offered",TRUE,FALSE,FALSE,""
"reference","man/pl__row_index.Rd",1,21,"pl","row_index","pl",103,TRUE,"offered",TRUE,FALSE,FALSE,""
"reference","man/pl__scan_csv.Rd",1,179,"pl","scan_csv","pl",103,TRUE,"offered",TRUE,FALSE,FALSE,""
"reference","man/pl__scan_csv.Rd",1,179,"lazy_frame","collect","polars_lazy_frame",72,TRUE,"offered",TRUE,FALSE,FALSE,""
"reference","man/pl__scan_ipc.Rd",1,73,"pl$scan_ipc(temp_dir)","collect","polars_lazy_frame",72,TRUE,"offered",TRUE,FALSE,TRUE,""
"reference","man/pl__scan_ipc.Rd",1,73,"pl","scan_ipc","pl",103,TRUE,"offered",TRUE,FALSE,TRUE,""
"reference","man/pl__scan_ipc.Rd",1,73,"pl$scan_ipc(temp_dir, hive_schema = list(cyl = pl$String, gear = pl$Int32))","collect","polars_lazy_frame",72,TRUE,"offered",TRUE,FALSE,TRUE,""
"reference","man/pl__scan_ipc.Rd",1,73,"pl","scan_ipc","pl",103,TRUE,"offered",TRUE,FALSE,TRUE,""
"reference","man/pl__scan_ipc.Rd",1,73,"pl","String","pl",103,TRUE,"offered",TRUE,FALSE,TRUE,""
"reference","man/pl__scan_ipc.Rd",1,73,"pl","Int32","pl",103,TRUE,"offered",TRUE,FALSE,TRUE,""
"reference","man/pl__scan_lines.Rd",1,62,"pl$scan_lines(dest)","collect","polars_lazy_frame",72,TRUE,"offered",TRUE,FALSE,TRUE,""
"reference","man/pl__scan_lines.Rd",1,62,"pl","scan_lines","pl",103,TRUE,"offered",TRUE,FALSE,TRUE,""
"reference","man/pl__scan_ndjson.Rd",1,82,"pl$scan_ndjson(ndjson_filename)","collect","polars_lazy_frame",72,TRUE,"offered",TRUE,FALSE,TRUE,""
"reference","man/pl__scan_ndjson.Rd",1,82,"pl","scan_ndjson","pl",103,TRUE,"offered",TRUE,FALSE,TRUE,""
"reference","man/pl__scan_parquet.Rd",1,115,"as_polars_df(mtcars)","write_parquet","polars_data_frame",89,TRUE,"offered",TRUE,FALSE,TRUE,""
"reference","man/pl__scan_parquet.Rd",1,115,"pl$scan_parquet(temp_file)","collect","polars_lazy_frame",72,TRUE,"offered",TRUE,FALSE,TRUE,""
"reference","man/pl__scan_parquet.Rd",1,115,"pl","scan_parquet","pl",103,TRUE,"offered",TRUE,FALSE,TRUE,""
"reference","man/pl__scan_parquet.Rd",1,115,"as_polars_df(mtcars)","write_parquet","polars_data_frame",89,TRUE,"offered",TRUE,FALSE,TRUE,""
"reference","man/pl__scan_parquet.Rd",1,115,"pl$scan_parquet(temp_dir)","collect","polars_lazy_frame",72,TRUE,"offered",TRUE,FALSE,TRUE,""
"reference","man/pl__scan_parquet.Rd",1,115,"pl","scan_parquet","pl",103,TRUE,"offered",TRUE,FALSE,TRUE,""
"reference","man/pl__Series.Rd",1,36,"pl","Series","pl",103,TRUE,"offered",TRUE,FALSE,FALSE,""
"reference","man/pl__Series.Rd",1,36,"s","dtype","polars_series",226,TRUE,"offered",TRUE,FALSE,FALSE,""
"reference","man/pl__Series.Rd",1,36,"s","name","polars_series",226,TRUE,"offered",TRUE,FALSE,FALSE,""
"reference","man/pl__Series.Rd",1,36,"s","shape","polars_series",226,TRUE,"offered",TRUE,FALSE,FALSE,""
"reference","man/pl__show_versions.Rd",1,31,"pl","show_versions","pl",103,TRUE,"offered",TRUE,FALSE,FALSE,""
"reference","man/pl__SQLContext.Rd",1,22,"pl","SQLContext","pl",103,TRUE,"offered",TRUE,FALSE,FALSE,""
"reference","man/pl__SQLContext.Rd",1,22,"pl","SQLContext","pl",103,TRUE,"offered",TRUE,FALSE,FALSE,""
"reference","man/pl__struct.Rd",1,26,"pl","DataFrame","pl",103,TRUE,"offered",TRUE,FALSE,FALSE,""
"reference","man/pl__struct.Rd",1,26,"df","select","polars_data_frame",89,TRUE,"offered",TRUE,FALSE,FALSE,""
"reference","man/pl__struct.Rd",1,26,"pl$struct(pl$all())","alias","polars_expr",212,TRUE,"offered",TRUE,FALSE,FALSE,""
"reference","man/pl__struct.Rd",1,26,"pl","struct","pl",103,TRUE,"offered",TRUE,FALSE,FALSE,""
"reference","man/pl__struct.Rd",1,26,"pl","all","pl",103,TRUE,"offered",TRUE,FALSE,FALSE,""
"reference","man/pl__struct.Rd",1,26,"df","select","polars_data_frame",89,TRUE,"offered",TRUE,FALSE,FALSE,""
"reference","man/pl__struct.Rd",1,26,"pl$struct(""int"", FALSE)","alias","polars_expr",212,TRUE,"offered",TRUE,FALSE,FALSE,""
"reference","man/pl__struct.Rd",1,26,"pl","struct","pl",103,TRUE,"offered",TRUE,FALSE,FALSE,""
"reference","man/pl__struct.Rd",1,26,"df$select(pl$struct(p = ""int"", q = ""bool"")$alias(""my_struct""))","schema","polars_data_frame",89,TRUE,"offered",TRUE,FALSE,FALSE,""
"reference","man/pl__struct.Rd",1,26,"df","select","polars_data_frame",89,TRUE,"offered",TRUE,FALSE,FALSE,""
"reference","man/pl__struct.Rd",1,26,"pl$struct(p = ""int"", q = ""bool"")","alias","polars_expr",212,TRUE,"offered",TRUE,FALSE,FALSE,""
"reference","man/pl__struct.Rd",1,26,"pl","struct","pl",103,TRUE,"offered",TRUE,FALSE,FALSE,""
"reference","man/pl__struct.Rd",1,26,"pl","UInt32","pl",103,TRUE,"offered",TRUE,FALSE,FALSE,""
"reference","man/pl__struct.Rd",1,26,"pl","List","pl",103,TRUE,"offered",TRUE,FALSE,FALSE,""
"reference","man/pl__struct.Rd",1,26,"pl","Float32","pl",103,TRUE,"offered",TRUE,FALSE,FALSE,""
"reference","man/pl__struct.Rd",1,26,"df$select(new_struct = pl$struct(pl$col(c(""int"", ""list"")), .schema = struct_schema))","unnest","polars_data_frame",89,TRUE,"offered",TRUE,FALSE,FALSE,""
"reference","man/pl__struct.Rd",1,26,"df","select","polars_data_frame",89,TRUE,"offered",TRUE,FALSE,FALSE,""
"reference","man/pl__struct.Rd",1,26,"pl","struct","pl",103,TRUE,"offered",TRUE,FALSE,FALSE,""
"reference","man/pl__struct.Rd",1,26,"pl","col","pl",103,TRUE,"offered",TRUE,FALSE,FALSE,""
"reference","man/pl__sum_horizontal.Rd",1,24,"pl","DataFrame","pl",103,TRUE,"offered",TRUE,FALSE,FALSE,""
"reference","man/pl__sum_horizontal.Rd",1,24,"df","with_columns","polars_data_frame",89,TRUE,"offered",TRUE,FALSE,FALSE,""
"reference","man/pl__sum_horizontal.Rd",1,24,"pl","sum_horizontal","pl",103,TRUE,"offered",TRUE,FALSE,FALSE,""
"reference","man/pl__sum.Rd",1,22,"pl","DataFrame","pl",103,TRUE,"offered",TRUE,FALSE,FALSE,""
"reference","man/pl__sum.Rd",1,22,"df","select","polars_data_frame",89,TRUE,"offered",TRUE,FALSE,FALSE,""
"reference","man/pl__sum.Rd",1,22,"pl","sum","pl",103,TRUE,"offered",TRUE,FALSE,FALSE,""
"reference","man/pl__sum.Rd",1,22,"df","select","polars_data_frame",89,TRUE,"offered",TRUE,FALSE,FALSE,""
"reference","man/pl__sum.Rd",1,22,"pl","sum","pl",103,TRUE,"offered",TRUE,FALSE,FALSE,""
"reference","man/pl__thread_pool_size.Rd",1,22,"pl","thread_pool_size","pl",103,TRUE,"offered",TRUE,FALSE,FALSE,""
"reference","man/pl__time_range.Rd",1,62,"pl","select","pl",103,TRUE,"offered",TRUE,FALSE,TRUE,""
"reference","man/pl__time_range.Rd",1,62,"pl","time_range","pl",103,TRUE,"offered",TRUE,FALSE,TRUE,""
"reference","man/pl__time_ranges.Rd",1,62,"pl","DataFrame","pl",103,TRUE,"offered",TRUE,FALSE,TRUE,""
"reference","man/pl__time_ranges.Rd",1,62,"df","with_columns","polars_data_frame",89,TRUE,"offered",TRUE,FALSE,TRUE,""
"reference","man/pl__time_ranges.Rd",1,62,"pl","time_ranges","pl",103,TRUE,"offered",TRUE,FALSE,TRUE,""
"reference","man/pl__when.Rd",1,37,"pl","DataFrame","pl",103,TRUE,"offered",TRUE,FALSE,FALSE,""
"reference","man/pl__when.Rd",1,37,"df","with_columns","polars_data_frame",89,TRUE,"offered",TRUE,FALSE,FALSE,""
"reference","man/pl__when.Rd",1,37,"pl$when(pl$col(""foo"") > 2)$then(1)","otherwise","polars_then",215,TRUE,"offered",TRUE,FALSE,FALSE,""
"reference","man/pl__when.Rd",1,37,"pl$when(pl$col(""foo"") > 2)","then","polars_when",2,TRUE,"offered",TRUE,FALSE,FALSE,""
"reference","man/pl__when.Rd",1,37,"pl","when","pl",103,TRUE,"offered",TRUE,FALSE,FALSE,""
"reference","man/pl__when.Rd",1,37,"pl","col","pl",103,TRUE,"offered",TRUE,FALSE,FALSE,""
"reference","man/pl__when.Rd",1,37,"pl","col","pl",103,TRUE,"offered",TRUE,FALSE,FALSE,""
"reference","man/pl__when.Rd",1,37,"df$with_columns(when = pl$col(""foo"") > 2, then = 1, otherwise = 1 + pl$col(""bar""))","with_columns","polars_data_frame",89,TRUE,"offered",TRUE,FALSE,FALSE,""
"reference","man/pl__when.Rd",1,37,"df","with_columns","polars_data_frame",89,TRUE,"offered",TRUE,FALSE,FALSE,""
"reference","man/pl__when.Rd",1,37,"pl","col","pl",103,TRUE,"offered",TRUE,FALSE,FALSE,""
"reference","man/pl__when.Rd",1,37,"pl","col","pl",103,TRUE,"offered",TRUE,FALSE,FALSE,""
"reference","man/pl__when.Rd",1,37,"pl$when(""when"")$then(""then"")","otherwise","polars_then",215,TRUE,"offered",TRUE,FALSE,FALSE,""
"reference","man/pl__when.Rd",1,37,"pl$when(""when"")","then","polars_when",2,TRUE,"offered",TRUE,FALSE,FALSE,""
"reference","man/pl__when.Rd",1,37,"pl","when","pl",103,TRUE,"offered",TRUE,FALSE,FALSE,""
"reference","man/pl__when.Rd",1,37,"df","with_columns","polars_data_frame",89,TRUE,"offered",TRUE,FALSE,FALSE,""
"reference","man/pl__when.Rd",1,37,"pl$when(pl$col(""foo"") > 2)$then(""foo"")","otherwise","polars_then",215,TRUE,"offered",TRUE,FALSE,FALSE,""
"reference","man/pl__when.Rd",1,37,"pl$when(pl$col(""foo"") > 2)","then","polars_when",2,TRUE,"offered",TRUE,FALSE,FALSE,""
"reference","man/pl__when.Rd",1,37,"pl","when","pl",103,TRUE,"offered",TRUE,FALSE,FALSE,""
"reference","man/pl__when.Rd",1,37,"pl","col","pl",103,TRUE,"offered",TRUE,FALSE,FALSE,""
"reference","man/pl__when.Rd",1,37,"df","with_columns","polars_data_frame",89,TRUE,"offered",TRUE,FALSE,FALSE,""
"reference","man/pl__when.Rd",1,37,"pl$when(pl$col(""foo"") > 2)$then(pl$lit(""foo""))","otherwise","polars_then",215,TRUE,"offered",TRUE,FALSE,FALSE,""
"reference","man/pl__when.Rd",1,37,"pl$when(pl$col(""foo"") > 2)","then","polars_when",2,TRUE,"offered",TRUE,FALSE,FALSE,""
"reference","man/pl__when.Rd",1,37,"pl","when","pl",103,TRUE,"offered",TRUE,FALSE,FALSE,""
"reference","man/pl__when.Rd",1,37,"pl","col","pl",103,TRUE,"offered",TRUE,FALSE,FALSE,""
"reference","man/pl__when.Rd",1,37,"pl","lit","pl",103,TRUE,"offered",TRUE,FALSE,FALSE,""
"reference","man/pl__when.Rd",1,37,"pl","lit","pl",103,TRUE,"offered",TRUE,FALSE,FALSE,""
"reference","man/pl__when.Rd",1,37,"df","with_columns","polars_data_frame",89,TRUE,"offered",TRUE,FALSE,FALSE,""
"reference","man/pl__when.Rd",1,37,"pl$when(pl$col(""foo"") > 2)$then(1)$when(pl$col(""bar"") > 2)$then(4)","otherwise","polars_chained_then",215,TRUE,"offered",TRUE,FALSE,FALSE,""
"reference","man/pl__when.Rd",1,37,"pl$when(pl$col(""foo"") > 2)$then(1)$when(pl$col(""bar"") > 2)","then","polars_chained_when",2,TRUE,"offered",TRUE,FALSE,FALSE,""
"reference","man/pl__when.Rd",1,37,"pl$when(pl$col(""foo"") > 2)$then(1)","when","polars_then",215,TRUE,"offered",TRUE,FALSE,FALSE,""
"reference","man/pl__when.Rd",1,37,"pl$when(pl$col(""foo"") > 2)","then","polars_when",2,TRUE,"offered",TRUE,FALSE,FALSE,""
"reference","man/pl__when.Rd",1,37,"pl","when","pl",103,TRUE,"offered",TRUE,FALSE,FALSE,""
"reference","man/pl__when.Rd",1,37,"pl","col","pl",103,TRUE,"offered",TRUE,FALSE,FALSE,""
"reference","man/pl__when.Rd",1,37,"pl","col","pl",103,TRUE,"offered",TRUE,FALSE,FALSE,""
"reference","man/pl__when.Rd",1,37,"df","with_columns","polars_data_frame",89,TRUE,"offered",TRUE,FALSE,FALSE,""
"reference","man/pl__when.Rd",1,37,"pl$when(pl$col(""foo"") == 3)","then","polars_when",2,TRUE,"offered",TRUE,FALSE,FALSE,""
"reference","man/pl__when.Rd",1,37,"pl","when","pl",103,TRUE,"offered",TRUE,FALSE,FALSE,""
"reference","man/pl__when.Rd",1,37,"pl","col","pl",103,TRUE,"offered",TRUE,FALSE,FALSE,""
"reference","man/pl__when.Rd",1,37,"df","with_columns","polars_data_frame",89,TRUE,"offered",TRUE,FALSE,FALSE,""
"reference","man/pl__when.Rd",1,37,"pl$when(pl$col(""foo"") > 2, pl$col(""bar"") < 3)$then(pl$lit(""Yes""))","otherwise","polars_then",215,TRUE,"offered",TRUE,FALSE,FALSE,""
"reference","man/pl__when.Rd",1,37,"pl$when(pl$col(""foo"") > 2, pl$col(""bar"") < 3)","then","polars_when",2,TRUE,"offered",TRUE,FALSE,FALSE,""
"reference","man/pl__when.Rd",1,37,"pl","when","pl",103,TRUE,"offered",TRUE,FALSE,FALSE,""
"reference","man/pl__when.Rd",1,37,"pl","col","pl",103,TRUE,"offered",TRUE,FALSE,FALSE,""
"reference","man/pl__when.Rd",1,37,"pl","col","pl",103,TRUE,"offered",TRUE,FALSE,FALSE,""
"reference","man/pl__when.Rd",1,37,"pl","lit","pl",103,TRUE,"offered",TRUE,FALSE,FALSE,""
"reference","man/pl__when.Rd",1,37,"pl","lit","pl",103,TRUE,"offered",TRUE,FALSE,FALSE,""
"reference","man/pl__when.Rd",1,37,"df","with_columns","polars_data_frame",89,TRUE,"offered",TRUE,FALSE,FALSE,""
"reference","man/pl__when.Rd",1,37,"pl$when(pl$col(""foo"") > 2)$then(pl$struct(foo = ""bar"", bar = ""foo""))$otherwise(pl$struct(""foo"", ""bar""))$struct","unnest","polars_namespace_expr_struct",8,TRUE,"offered",TRUE,FALSE,FALSE,""
"reference","man/pl__when.Rd",1,37,"pl$when(pl$col(""foo"") > 2)$then(pl$struct(foo = ""bar"", bar = ""foo""))$otherwise(pl$struct(""foo"", ""bar""))","struct","polars_expr",212,TRUE,"offered",TRUE,FALSE,FALSE,""
"reference","man/pl__when.Rd",1,37,"pl$when(pl$col(""foo"") > 2)$then(pl$struct(foo = ""bar"", bar = ""foo""))","otherwise","polars_then",215,TRUE,"offered",TRUE,FALSE,FALSE,""
"reference","man/pl__when.Rd",1,37,"pl$when(pl$col(""foo"") > 2)","then","polars_when",2,TRUE,"offered",TRUE,FALSE,FALSE,""
"reference","man/pl__when.Rd",1,37,"pl","when","pl",103,TRUE,"offered",TRUE,FALSE,FALSE,""
"reference","man/pl__when.Rd",1,37,"pl","col","pl",103,TRUE,"offered",TRUE,FALSE,FALSE,""
"reference","man/pl__when.Rd",1,37,"pl","struct","pl",103,TRUE,"offered",TRUE,FALSE,FALSE,""
"reference","man/pl__when.Rd",1,37,"pl","struct","pl",103,TRUE,"offered",TRUE,FALSE,FALSE,""
"reference","man/pl__when.Rd",1,37,"df","with_columns","polars_data_frame",89,TRUE,"offered",TRUE,FALSE,FALSE,""
"reference","man/pl__when.Rd",1,37,"pl$when(pl$any_horizontal(pl$all() < 2))$then(0)","otherwise","polars_then",215,TRUE,"offered",TRUE,FALSE,FALSE,""
"reference","man/pl__when.Rd",1,37,"pl$when(pl$any_horizontal(pl$all() < 2))","then","polars_when",2,TRUE,"offered",TRUE,FALSE,FALSE,""
"reference","man/pl__when.Rd",1,37,"pl","when","pl",103,TRUE,"offered",TRUE,FALSE,FALSE,""
"reference","man/pl__when.Rd",1,37,"pl","any_horizontal","pl",103,TRUE,"offered",TRUE,FALSE,FALSE,""
"reference","man/pl__when.Rd",1,37,"pl","all","pl",103,TRUE,"offered",TRUE,FALSE,FALSE,""
"reference","man/pl__when.Rd",1,37,"pl","all","pl",103,TRUE,"offered",TRUE,FALSE,FALSE,""
"reference","man/pl__when.Rd",1,37,"df","with_columns","polars_data_frame",89,TRUE,"offered",TRUE,FALSE,FALSE,""
"reference","man/pl__when.Rd",1,37,"pl$when(pl$any_horizontal(pl$all() < 2))$then(0)$otherwise(pl$all())$name","keep","polars_namespace_expr_name",9,TRUE,"offered",TRUE,FALSE,FALSE,""
"reference","man/pl__when.Rd",1,37,"pl$when(pl$any_horizontal(pl$all() < 2))$then(0)$otherwise(pl$all())","name","polars_expr",212,TRUE,"offered",TRUE,FALSE,FALSE,""
"reference","man/pl__when.Rd",1,37,"pl$when(pl$any_horizontal(pl$all() < 2))$then(0)","otherwise","polars_then",215,TRUE,"offered",TRUE,FALSE,FALSE,""
"reference","man/pl__when.Rd",1,37,"pl$when(pl$any_horizontal(pl$all() < 2))","then","polars_when",2,TRUE,"offered",TRUE,FALSE,FALSE,""
"reference","man/pl__when.Rd",1,37,"pl","when","pl",103,TRUE,"offered",TRUE,FALSE,FALSE,""
"reference","man/pl__when.Rd",1,37,"pl","any_horizontal","pl",103,TRUE,"offered",TRUE,FALSE,FALSE,""
"reference","man/pl__when.Rd",1,37,"pl","all","pl",103,TRUE,"offered",TRUE,FALSE,FALSE,""
"reference","man/pl__when.Rd",1,37,"pl","all","pl",103,TRUE,"offered",TRUE,FALSE,FALSE,""
"reference","man/pl__when.Rd",1,37,"df","with_columns","polars_data_frame",89,TRUE,"offered",TRUE,FALSE,FALSE,""
"reference","man/pl__when.Rd",1,37,"pl$when(pl$any_horizontal(pl$all() < 2)$not())$then(pl$all())","otherwise","polars_then",215,TRUE,"offered",TRUE,FALSE,FALSE,""
"reference","man/pl__when.Rd",1,37,"pl$when(pl$any_horizontal(pl$all() < 2)$not())","then","polars_when",2,TRUE,"offered",TRUE,FALSE,FALSE,""
"reference","man/pl__when.Rd",1,37,"pl","when","pl",103,TRUE,"offered",TRUE,FALSE,FALSE,""
"reference","man/pl__when.Rd",1,37,"pl$any_horizontal(pl$all() < 2)","not","polars_expr",212,TRUE,"offered",TRUE,FALSE,FALSE,""
"reference","man/pl__when.Rd",1,37,"pl","any_horizontal","pl",103,TRUE,"offered",TRUE,FALSE,FALSE,""
"reference","man/pl__when.Rd",1,37,"pl","all","pl",103,TRUE,"offered",TRUE,FALSE,FALSE,""
"reference","man/pl__when.Rd",1,37,"pl","all","pl",103,TRUE,"offered",TRUE,FALSE,FALSE,""
"reference","man/pl_api_register_series_namespace.Rd",1,21,"self","_s","environment",0,FALSE,"no_member_metadata",FALSE,TRUE,FALSE,""
"reference","man/pl_api_register_series_namespace.Rd",1,21,"self","square","environment",0,FALSE,"no_member_metadata",FALSE,TRUE,FALSE,""
"reference","man/pl_api_register_series_namespace.Rd",1,21,"self","_s","environment",0,FALSE,"no_member_metadata",FALSE,TRUE,FALSE,""
"reference","man/pl_api_register_series_namespace.Rd",1,21,"self","_s","environment",0,FALSE,"no_member_metadata",FALSE,TRUE,FALSE,""
"reference","man/pl_api_register_series_namespace.Rd",1,21,"self","cube","environment",0,FALSE,"no_member_metadata",FALSE,TRUE,FALSE,""
"reference","man/pl_api_register_series_namespace.Rd",1,21,"self","_s","environment",0,FALSE,"no_member_metadata",FALSE,TRUE,FALSE,""
"reference","man/pl_api_register_series_namespace.Rd",1,21,"self","_s","environment",0,FALSE,"no_member_metadata",FALSE,TRUE,FALSE,""
"reference","man/pl_api_register_series_namespace.Rd",1,21,"self","_s","environment",0,FALSE,"no_member_metadata",FALSE,TRUE,FALSE,""
"reference","man/pl_api_register_series_namespace.Rd",1,21,"pl$api","register_series_namespace","pl__api",1,TRUE,"offered",TRUE,FALSE,FALSE,""
"reference","man/pl_api_register_series_namespace.Rd",1,21,"pl","api","pl",103,TRUE,"offered",TRUE,FALSE,FALSE,""
"reference","man/pl_api_register_series_namespace.Rd",1,21,"s$math$square()","rename","polars_series",227,TRUE,"offered",TRUE,FALSE,FALSE,""
"reference","man/pl_api_register_series_namespace.Rd",1,21,"s$math","square","polars_namespace_series",3,TRUE,"offered",TRUE,FALSE,FALSE,""
"reference","man/pl_api_register_series_namespace.Rd",1,21,"s","math","polars_series",227,TRUE,"offered",TRUE,FALSE,FALSE,""
"reference","man/pl_api_register_series_namespace.Rd",1,21,"s$math$cube()","rename","polars_series",227,TRUE,"offered",TRUE,FALSE,FALSE,""
"reference","man/pl_api_register_series_namespace.Rd",1,21,"s$math","cube","polars_namespace_series",3,TRUE,"offered",TRUE,FALSE,FALSE,""
"reference","man/pl_api_register_series_namespace.Rd",1,21,"s","math","polars_series",227,TRUE,"offered",TRUE,FALSE,FALSE,""
"reference","man/pl.Rd",1,16,"pl","DataFrame","pl",103,TRUE,"offered",TRUE,FALSE,FALSE,""
"reference","man/polars_code_completion_activate.Rd",1,28,"pl","LazyFrame","pl",103,TRUE,"offered",TRUE,FALSE,TRUE,""
"reference","man/polars_code_completion_activate.Rd",1,28,"pl$LazyFrame(x = 1)","select","polars_lazy_frame",72,TRUE,"offered",TRUE,FALSE,TRUE,""
"reference","man/polars_code_completion_activate.Rd",1,28,"pl","LazyFrame","pl",103,TRUE,"offered",TRUE,FALSE,TRUE,""
"reference","man/polars_code_completion_activate.Rd",1,28,"pl","col","pl",103,TRUE,"offered",TRUE,FALSE,TRUE,""
"reference","man/polars_code_completion_activate.Rd",1,28,"pl$LazyFrame(x = 1)","select","polars_lazy_frame",72,TRUE,"offered",TRUE,FALSE,TRUE,""
"reference","man/polars_code_completion_activate.Rd",1,28,"pl","LazyFrame","pl",103,TRUE,"offered",TRUE,FALSE,TRUE,""
"reference","man/polars_code_completion_activate.Rd",1,28,"pl$col(""x"")$str","count_matches","polars_namespace_expr_str",48,TRUE,"offered",TRUE,FALSE,TRUE,""
"reference","man/polars_code_completion_activate.Rd",1,28,"pl$col(""x"")","str","polars_expr",212,TRUE,"offered",TRUE,FALSE,TRUE,""
"reference","man/polars_code_completion_activate.Rd",1,28,"pl","col","pl",103,TRUE,"offered",TRUE,FALSE,TRUE,""
"reference","man/polars_dtype.Rd",1,107,"pl","Int8","pl",103,TRUE,"offered",TRUE,FALSE,FALSE,""
"reference","man/polars_dtype.Rd",1,107,"pl","Int16","pl",103,TRUE,"offered",TRUE,FALSE,FALSE,""
"reference","man/polars_dtype.Rd",1,107,"pl","Int32","pl",103,TRUE,"offered",TRUE,FALSE,FALSE,""
"reference","man/polars_dtype.Rd",1,107,"pl","Int64","pl",103,TRUE,"offered",TRUE,FALSE,FALSE,""
"reference","man/polars_dtype.Rd",1,107,"pl","UInt8","pl",103,TRUE,"offered",TRUE,FALSE,FALSE,""
"reference","man/polars_dtype.Rd",1,107,"pl","UInt16","pl",103,TRUE,"offered",TRUE,FALSE,FALSE,""
"reference","man/polars_dtype.Rd",1,107,"pl","UInt32","pl",103,TRUE,"offered",TRUE,FALSE,FALSE,""
"reference","man/polars_dtype.Rd",1,107,"pl","UInt64","pl",103,TRUE,"offered",TRUE,FALSE,FALSE,""
"reference","man/polars_dtype.Rd",1,107,"pl","Float32","pl",103,TRUE,"offered",TRUE,FALSE,FALSE,""
"reference","man/polars_dtype.Rd",1,107,"pl","Float64","pl",103,TRUE,"offered",TRUE,FALSE,FALSE,""
"reference","man/polars_dtype.Rd",1,107,"pl","Decimal","pl",103,TRUE,"offered",TRUE,FALSE,FALSE,""
"reference","man/polars_dtype.Rd",1,107,"pl","String","pl",103,TRUE,"offered",TRUE,FALSE,FALSE,""
"reference","man/polars_dtype.Rd",1,107,"pl","Binary","pl",103,TRUE,"offered",TRUE,FALSE,FALSE,""
"reference","man/polars_dtype.Rd",1,107,"pl","Date","pl",103,TRUE,"offered",TRUE,FALSE,FALSE,""
"reference","man/polars_dtype.Rd",1,107,"pl","Time","pl",103,TRUE,"offered",TRUE,FALSE,FALSE,""
"reference","man/polars_dtype.Rd",1,107,"pl","Datetime","pl",103,TRUE,"offered",TRUE,FALSE,FALSE,""
"reference","man/polars_dtype.Rd",1,107,"pl","Duration","pl",103,TRUE,"offered",TRUE,FALSE,FALSE,""
"reference","man/polars_dtype.Rd",1,107,"pl","Array","pl",103,TRUE,"offered",TRUE,FALSE,FALSE,""
"reference","man/polars_dtype.Rd",1,107,"pl","Int32","pl",103,TRUE,"offered",TRUE,FALSE,FALSE,""
"reference","man/polars_dtype.Rd",1,107,"pl","List","pl",103,TRUE,"offered",TRUE,FALSE,FALSE,""
"reference","man/polars_dtype.Rd",1,107,"pl","Int32","pl",103,TRUE,"offered",TRUE,FALSE,FALSE,""
"reference","man/polars_dtype.Rd",1,107,"pl","Map","pl",103,TRUE,"offered",TRUE,FALSE,FALSE,""
"reference","man/polars_dtype.Rd",1,107,"pl","String","pl",103,TRUE,"offered",TRUE,FALSE,FALSE,""
"reference","man/polars_dtype.Rd",1,107,"pl","Int64","pl",103,TRUE,"offered",TRUE,FALSE,FALSE,""
"reference","man/polars_dtype.Rd",1,107,"pl","Categorical","pl",103,TRUE,"offered",TRUE,FALSE,FALSE,""
"reference","man/polars_dtype.Rd",1,107,"pl","Enum","pl",103,TRUE,"offered",TRUE,FALSE,FALSE,""
"reference","man/polars_dtype.Rd",1,107,"pl","Struct","pl",103,TRUE,"offered",TRUE,FALSE,FALSE,""
"reference","man/polars_dtype.Rd",1,107,"pl","Int32","pl",103,TRUE,"offered",TRUE,FALSE,FALSE,""
"reference","man/polars_dtype.Rd",1,107,"pl","String","pl",103,TRUE,"offered",TRUE,FALSE,FALSE,""
"reference","man/polars_dtype.Rd",1,107,"pl","Null","pl",103,TRUE,"offered",TRUE,FALSE,FALSE,""
"reference","man/polars_dtype.Rd",1,107,"pl","Unknown","pl",103,TRUE,"offered",TRUE,FALSE,FALSE,""
"reference","man/polars_envvars.Rd",1,81,"pl","DataFrame","pl",103,TRUE,"offered",TRUE,FALSE,FALSE,""
"reference","man/polars_expr.Rd",1,14,"pl$col(""foo"")$sort()","head","polars_expr",212,TRUE,"offered",TRUE,FALSE,FALSE,""
"reference","man/polars_expr.Rd",1,14,"pl$col(""foo"")","sort","polars_expr",212,TRUE,"offered",TRUE,FALSE,FALSE,""
"reference","man/polars_expr.Rd",1,14,"pl","col","pl",103,TRUE,"offered",TRUE,FALSE,FALSE,""
"reference","man/polars_expr.Rd",1,14,"pl","DataFrame","pl",103,TRUE,"offered",TRUE,FALSE,FALSE,""
"reference","man/polars_expr.Rd",1,14,"df","select","polars_data_frame",89,TRUE,"offered",TRUE,FALSE,FALSE,""
"reference","man/polars_expr.Rd",1,14,"pl$col(""foo"")$sort()","head","polars_expr",212,TRUE,"offered",TRUE,FALSE,FALSE,""
"reference","man/polars_expr.Rd",1,14,"pl$col(""foo"")","sort","polars_expr",212,TRUE,"offered",TRUE,FALSE,FALSE,""
"reference","man/polars_expr.Rd",1,14,"pl","col","pl",103,TRUE,"offered",TRUE,FALSE,FALSE,""
"reference","man/polars_expr.Rd",1,14,"pl$col(""bar"")$filter(pl$col(""foo"") == 1)","sum","polars_expr",212,TRUE,"offered",TRUE,FALSE,FALSE,""
"reference","man/polars_expr.Rd",1,14,"pl$col(""bar"")","filter","polars_expr",212,TRUE,"offered",TRUE,FALSE,FALSE,""
"reference","man/polars_expr.Rd",1,14,"pl","col","pl",103,TRUE,"offered",TRUE,FALSE,FALSE,""
"reference","man/polars_expr.Rd",1,14,"pl","col","pl",103,TRUE,"offered",TRUE,FALSE,FALSE,""
"reference","man/polars_info.Rd",1,23,"polars_info()","versions","polars_info_list",4,TRUE,"offered",FALSE,FALSE,FALSE,""
"reference","man/polars_info.Rd",1,23,"polars_info()$features","nightly","list",1,TRUE,"offered",FALSE,FALSE,FALSE,""
"reference","man/polars_info.Rd",1,23,"polars_info()","features","polars_info_list",4,TRUE,"offered",FALSE,FALSE,FALSE,""
"reference","man/polars_partitioning_scheme.Rd",1,49,"as_polars_lf(mtcars)","sink_parquet","polars_lazy_frame",72,TRUE,"offered",TRUE,FALSE,TRUE,""
"reference","man/polars_partitioning_scheme.Rd",1,49,"pl","PartitionBy","pl",103,TRUE,"offered",TRUE,FALSE,TRUE,""
"reference","man/polars_partitioning_scheme.Rd",1,49,"as_polars_lf(mtcars)","sink_csv","polars_lazy_frame",72,TRUE,"offered",TRUE,FALSE,TRUE,""
"reference","man/polars_partitioning_scheme.Rd",1,49,"pl","PartitionBy","pl",103,TRUE,"offered",TRUE,FALSE,TRUE,""
"reference","man/polars_partitioning_scheme.Rd",1,49,"as_polars_lf(mtcars)","sink_parquet","polars_lazy_frame",72,TRUE,"offered",TRUE,FALSE,TRUE,""
"reference","man/polars_partitioning_scheme.Rd",1,49,"pl","PartitionBy","pl",103,TRUE,"offered",TRUE,FALSE,TRUE,""
"reference","man/QueryOptFlags.Rd",1,59,"pl","QueryOptFlags","pl",103,TRUE,"offered",TRUE,FALSE,FALSE,""
"reference","man/s3-arithmetic.Rd",1,42,"pl","lit","pl",103,TRUE,"offered",TRUE,FALSE,FALSE,""
"reference","man/s3-arithmetic.Rd",1,42,"pl","lit","pl",103,TRUE,"offered",TRUE,FALSE,FALSE,""
"reference","man/s3-arithmetic.Rd",1,42,"pl","lit","pl",103,TRUE,"offered",TRUE,FALSE,FALSE,""
"reference","man/s3-arithmetic.Rd",1,42,"pl","lit","pl",103,TRUE,"offered",TRUE,FALSE,FALSE,""
"reference","man/s3-arithmetic.Rd",1,42,"pl","lit","pl",103,TRUE,"offered",TRUE,FALSE,FALSE,""
"reference","man/s3-arithmetic.Rd",1,42,"pl","lit","pl",103,TRUE,"offered",TRUE,FALSE,FALSE,""
"reference","man/s3-arithmetic.Rd",1,42,"pl","select","pl",103,TRUE,"offered",TRUE,FALSE,FALSE,""
"reference","man/s3-arithmetic.Rd",1,42,"pl","select","pl",103,TRUE,"offered",TRUE,FALSE,FALSE,""
"reference","man/s3-arithmetic.Rd",1,42,"pl","lit","pl",103,TRUE,"offered",TRUE,FALSE,FALSE,""
"reference","man/s3-as_nanoarrow_array_stream.Rd",1,75,"pl","DataFrame","pl",103,TRUE,"offered",TRUE,FALSE,TRUE,""
"reference","man/s3-as_tibble.Rd",1,168,"pl","DataFrame","pl",103,TRUE,"offered",TRUE,FALSE,TRUE,""
"reference","man/s3-as_tibble.Rd",1,168,"df","lazy","polars_data_frame",89,TRUE,"offered",TRUE,FALSE,TRUE,""
"reference","man/s3-as_tibble.Rd",1,168,"df","lazy","polars_data_frame",89,TRUE,"offered",TRUE,FALSE,TRUE,""
"reference","man/s3-as.data.frame.Rd",1,131,"df","lazy","polars_data_frame",89,TRUE,"offered",TRUE,FALSE,FALSE,""
"reference","man/s3-as.list.Rd",1,153,"df","lazy","polars_data_frame",89,TRUE,"offered",TRUE,FALSE,FALSE,""
"reference","man/s3-as.list.Rd",1,153,"df","lazy","polars_data_frame",89,TRUE,"offered",TRUE,FALSE,FALSE,""
"reference","man/series__alias.Rd",1,21,"pl","Series","pl",103,TRUE,"offered",TRUE,FALSE,FALSE,""
"reference","man/series__alias.Rd",1,21,"series","alias","polars_series",226,TRUE,"offered",TRUE,FALSE,FALSE,""
"reference","man/series__alias.Rd",1,21,"series","rename","polars_series",226,TRUE,"offered",TRUE,FALSE,FALSE,""
"reference","man/series__chunk_lengths.Rd",1,15,"pl","Series","pl",103,TRUE,"offered",TRUE,FALSE,FALSE,""
"reference","man/series__chunk_lengths.Rd",1,15,"s","chunk_lengths","polars_series",226,TRUE,"offered",TRUE,FALSE,FALSE,""
"reference","man/series__chunk_lengths.Rd",1,15,"pl","Series","pl",103,TRUE,"offered",TRUE,FALSE,FALSE,""
"reference","man/series__chunk_lengths.Rd",1,15,"pl$concat(s, s2, rechunk = TRUE)","chunk_lengths","polars_series",226,TRUE,"offered",TRUE,FALSE,FALSE,""
"reference","man/series__chunk_lengths.Rd",1,15,"pl","concat","pl",103,TRUE,"offered",TRUE,FALSE,FALSE,""
"reference","man/series__chunk_lengths.Rd",1,15,"pl$concat(s, s2, rechunk = FALSE)","chunk_lengths","polars_series",226,TRUE,"offered",TRUE,FALSE,FALSE,""
"reference","man/series__chunk_lengths.Rd",1,15,"pl","concat","pl",103,TRUE,"offered",TRUE,FALSE,FALSE,""
"reference","man/series__is_empty.Rd",1,15,"pl","Series","pl",103,TRUE,"offered",TRUE,FALSE,FALSE,""
"reference","man/series__is_empty.Rd",1,15,"s","is_empty","polars_series",226,TRUE,"offered",TRUE,FALSE,FALSE,""
"reference","man/series__n_chunks.Rd",1,15,"pl","Series","pl",103,TRUE,"offered",TRUE,FALSE,FALSE,""
"reference","man/series__n_chunks.Rd",1,15,"s","n_chunks","polars_series",226,TRUE,"offered",TRUE,FALSE,FALSE,""
"reference","man/series__n_chunks.Rd",1,15,"pl","Series","pl",103,TRUE,"offered",TRUE,FALSE,FALSE,""
"reference","man/series__n_chunks.Rd",1,15,"pl$concat(s, s2, rechunk = TRUE)","n_chunks","polars_series",226,TRUE,"offered",TRUE,FALSE,FALSE,""
"reference","man/series__n_chunks.Rd",1,15,"pl","concat","pl",103,TRUE,"offered",TRUE,FALSE,FALSE,""
"reference","man/series__n_chunks.Rd",1,15,"pl$concat(s, s2, rechunk = FALSE)","n_chunks","polars_series",226,TRUE,"offered",TRUE,FALSE,FALSE,""
"reference","man/series__n_chunks.Rd",1,15,"pl","concat","pl",103,TRUE,"offered",TRUE,FALSE,FALSE,""
"reference","man/series__rechunk.Rd",1,20,"pl","Series","pl",103,TRUE,"offered",TRUE,FALSE,FALSE,""
"reference","man/series__rechunk.Rd",1,20,"s","n_chunks","polars_series",226,TRUE,"offered",TRUE,FALSE,FALSE,""
"reference","man/series__rechunk.Rd",1,20,"pl","Series","pl",103,TRUE,"offered",TRUE,FALSE,FALSE,""
"reference","man/series__rechunk.Rd",1,20,"pl","concat","pl",103,TRUE,"offered",TRUE,FALSE,FALSE,""
"reference","man/series__rechunk.Rd",1,20,"s","n_chunks","polars_series",226,TRUE,"offered",TRUE,FALSE,FALSE,""
"reference","man/series__rechunk.Rd",1,20,"s$rechunk()","n_chunks","polars_series",226,TRUE,"offered",TRUE,FALSE,FALSE,""
"reference","man/series__rechunk.Rd",1,20,"s","rechunk","polars_series",226,TRUE,"offered",TRUE,FALSE,FALSE,""
"reference","man/series__serialize.Rd",1,27,"as_polars_series(1:3)","serialize","polars_series",226,TRUE,"offered",TRUE,FALSE,FALSE,""
"reference","man/series__serialize.Rd",1,27,"pl","deserialize_series","pl",103,TRUE,"offered",TRUE,FALSE,FALSE,""
"reference","man/series__shrink_dtype.Rd",1,15,"s","shrink_dtype","polars_series",226,TRUE,"offered",TRUE,FALSE,FALSE,""
"reference","man/series__to_frame.Rd",1,20,"pl","Series","pl",103,TRUE,"offered",TRUE,FALSE,FALSE,""
"reference","man/series__to_frame.Rd",1,20,"s","to_frame","polars_series",226,TRUE,"offered",TRUE,FALSE,FALSE,""
"reference","man/series__to_frame.Rd",1,20,"s","to_frame","polars_series",226,TRUE,"offered",TRUE,FALSE,FALSE,""
"reference","man/series__to_r_vector.Rd",1,152,"series_struct","to_r_vector","polars_series",226,TRUE,"offered",TRUE,FALSE,FALSE,""
"reference","man/series__to_r_vector.Rd",1,152,"series_struct","to_r_vector","polars_series",226,TRUE,"offered",TRUE,FALSE,FALSE,""
"reference","man/series__to_r_vector.Rd",1,152,"as_polars_series(c(NA, 0, 255))","cast","polars_series",226,TRUE,"offered",TRUE,FALSE,FALSE,""
"reference","man/series__to_r_vector.Rd",1,152,"pl","UInt8","pl",103,TRUE,"offered",TRUE,FALSE,FALSE,""
"reference","man/series__to_r_vector.Rd",1,152,"series_uint8","to_r_vector","polars_series",226,TRUE,"offered",TRUE,FALSE,FALSE,""
"reference","man/series__to_r_vector.Rd",1,152,"series_uint8","to_r_vector","polars_series",226,TRUE,"offered",TRUE,FALSE,FALSE,""
"reference","man/series__to_r_vector.Rd",1,152,"as_polars_series(c(NA, ""0"", ""4294967295"", ""18446744073709551615""))","cast","polars_series",226,TRUE,"offered",TRUE,FALSE,FALSE,""
"reference","man/series__to_r_vector.Rd",1,152,"pl","UInt64","pl",103,TRUE,"offered",TRUE,FALSE,FALSE,""
"reference","man/series__to_r_vector.Rd",1,152,"series_uint64","to_r_vector","polars_series",226,TRUE,"offered",TRUE,FALSE,FALSE,""
"reference","man/series__to_r_vector.Rd",1,152,"series_uint64","to_r_vector","polars_series",226,TRUE,"offered",TRUE,FALSE,FALSE,""
"reference","man/series__to_r_vector.Rd",1,152,"series_uint64","to_r_vector","polars_series",226,TRUE,"offered",TRUE,FALSE,FALSE,""
"reference","man/series__to_r_vector.Rd",1,152,"series_uint64","to_r_vector","polars_series",226,TRUE,"offered",TRUE,FALSE,TRUE,""
"reference","man/series__to_r_vector.Rd",1,152,"as_polars_series(c(NA, -1e+09, -10, -1, 1e+09))","cast","polars_series",226,TRUE,"offered",TRUE,FALSE,FALSE,""
"reference","man/series__to_r_vector.Rd",1,152,"pl","Duration","pl",103,TRUE,"offered",TRUE,FALSE,FALSE,""
"reference","man/series__to_r_vector.Rd",1,152,"series_duration","to_r_vector","polars_series",226,TRUE,"offered",TRUE,FALSE,FALSE,""
"reference","man/series__to_r_vector.Rd",1,152,"series_duration","to_r_vector","polars_series",226,TRUE,"offered",TRUE,FALSE,TRUE,""
"reference","man/series__to_r_vector.Rd",1,152,"as_polars_series(as.POSIXct(c(NA, ""1920-01-01 00:00:00"", ""1970-01-01 00:00:00"", ""2020-01-01 00:00:00""), tz = ""UTC""))","cast","polars_series",226,TRUE,"offered",TRUE,FALSE,FALSE,""
"reference","man/series__to_r_vector.Rd",1,152,"pl","Datetime","pl",103,TRUE,"offered",TRUE,FALSE,FALSE,""
"reference","man/series__to_r_vector.Rd",1,152,"series_datetime","to_r_vector","polars_series",226,TRUE,"offered",TRUE,FALSE,FALSE,""
"reference","man/series__to_r_vector.Rd",1,152,"series_datetime","to_r_vector","polars_series",226,TRUE,"offered",TRUE,FALSE,TRUE,""
"reference","man/series_list_to_struct.Rd",1,18,"s1$list","to_struct","polars_namespace_series_list",42,TRUE,"offered",TRUE,FALSE,FALSE,""
"reference","man/series_list_to_struct.Rd",1,18,"s1","list","polars_series",226,TRUE,"offered",TRUE,FALSE,FALSE,""
"reference","man/series_list_to_struct.Rd",1,18,"s2$struct","fields","polars_namespace_series_struct",9,TRUE,"offered",TRUE,FALSE,FALSE,""
"reference","man/series_list_to_struct.Rd",1,18,"s2","struct","polars_series",226,TRUE,"offered",TRUE,FALSE,FALSE,""
"reference","man/series_list_to_struct.Rd",1,18,"s1$list$to_struct(fields = c(""one"", ""two"", ""three""))$struct","unnest","polars_namespace_series_struct",9,TRUE,"offered",TRUE,FALSE,FALSE,""
"reference","man/series_list_to_struct.Rd",1,18,"s1$list$to_struct(fields = c(""one"", ""two"", ""three""))","struct","polars_series",226,TRUE,"offered",TRUE,FALSE,FALSE,""
"reference","man/series_list_to_struct.Rd",1,18,"s1$list","to_struct","polars_namespace_series_list",42,TRUE,"offered",TRUE,FALSE,FALSE,""
"reference","man/series_list_to_struct.Rd",1,18,"s1","list","polars_series",226,TRUE,"offered",TRUE,FALSE,FALSE,""
"reference","man/series_str_json_decode.Rd",1,25,"s1$str","json_decode","polars_namespace_series_str",48,TRUE,"offered",TRUE,FALSE,FALSE,""
"reference","man/series_str_json_decode.Rd",1,25,"s1","str","polars_series",226,TRUE,"offered",TRUE,FALSE,FALSE,""
"reference","man/series_str_json_decode.Rd",1,25,"s2","dtype","polars_series",226,TRUE,"offered",TRUE,FALSE,FALSE,""
"reference","man/series_str_json_decode.Rd",1,25,"s1$str","json_decode","polars_namespace_series_str",48,TRUE,"offered",TRUE,FALSE,FALSE,""
"reference","man/series_str_json_decode.Rd",1,25,"s1","str","polars_series",226,TRUE,"offered",TRUE,FALSE,FALSE,""
"reference","man/series_str_json_decode.Rd",1,25,"pl","Struct","pl",103,TRUE,"offered",TRUE,FALSE,FALSE,""
"reference","man/series_str_json_decode.Rd",1,25,"pl","UInt8","pl",103,TRUE,"offered",TRUE,FALSE,FALSE,""
"reference","man/series_str_json_decode.Rd",1,25,"pl","Boolean","pl",103,TRUE,"offered",TRUE,FALSE,FALSE,""
"reference","man/series_str_json_decode.Rd",1,25,"s3","dtype","polars_series",226,TRUE,"offered",TRUE,FALSE,FALSE,""
"reference","man/series_str_strptime.Rd",1,61,"s1$str","strptime","polars_namespace_series_str",48,TRUE,"offered",TRUE,FALSE,FALSE,""
"reference","man/series_str_strptime.Rd",1,61,"s1","str","polars_series",226,TRUE,"offered",TRUE,FALSE,FALSE,""
"reference","man/series_str_strptime.Rd",1,61,"pl","Datetime","pl",103,TRUE,"offered",TRUE,FALSE,FALSE,""
"reference","man/series_str_strptime.Rd",1,61,"s1$str","strptime","polars_namespace_series_str",48,TRUE,"offered",TRUE,FALSE,FALSE,""
"reference","man/series_str_strptime.Rd",1,61,"s1","str","polars_series",226,TRUE,"offered",TRUE,FALSE,FALSE,""
"reference","man/series_str_strptime.Rd",1,61,"pl","Datetime","pl",103,TRUE,"offered",TRUE,FALSE,FALSE,""
"reference","man/series_str_strptime.Rd",1,61,"s2$str","strptime","polars_namespace_series_str",48,TRUE,"offered",TRUE,FALSE,FALSE,""
"reference","man/series_str_strptime.Rd",1,61,"s2","str","polars_series",226,TRUE,"offered",TRUE,FALSE,FALSE,""
"reference","man/series_str_strptime.Rd",1,61,"pl","Datetime","pl",103,TRUE,"offered",TRUE,FALSE,FALSE,""
"reference","man/series_str_strptime.Rd",1,61,"pl$select(pl$coalesce(s3$str$strptime(pl$Date, ""%F"", strict = FALSE), s3$str$strptime(pl$Date, ""%F %T"", strict = FALSE), s3$str$strptime(pl$Date, ""%D"", strict = FALSE), s3$str$strp","to_series","polars_data_frame",89,TRUE,"offered",TRUE,FALSE,FALSE,""
"reference","man/series_str_strptime.Rd",1,61,"pl","select","pl",103,TRUE,"offered",TRUE,FALSE,FALSE,""
"reference","man/series_str_strptime.Rd",1,61,"pl","coalesce","pl",103,TRUE,"offered",TRUE,FALSE,FALSE,""
"reference","man/series_str_strptime.Rd",1,61,"s3$str","strptime","polars_namespace_series_str",48,TRUE,"offered",TRUE,FALSE,FALSE,""
"reference","man/series_str_strptime.Rd",1,61,"s3","str","polars_series",226,TRUE,"offered",TRUE,FALSE,FALSE,""
"reference","man/series_str_strptime.Rd",1,61,"pl","Date","pl",103,TRUE,"offered",TRUE,FALSE,FALSE,""
"reference","man/series_str_strptime.Rd",1,61,"s3$str","strptime","polars_namespace_series_str",48,TRUE,"offered",TRUE,FALSE,FALSE,""
"reference","man/series_str_strptime.Rd",1,61,"s3","str","polars_series",226,TRUE,"offered",TRUE,FALSE,FALSE,""
"reference","man/series_str_strptime.Rd",1,61,"pl","Date","pl",103,TRUE,"offered",TRUE,FALSE,FALSE,""
"reference","man/series_str_strptime.Rd",1,61,"s3$str","strptime","polars_namespace_series_str",48,TRUE,"offered",TRUE,FALSE,FALSE,""
"reference","man/series_str_strptime.Rd",1,61,"s3","str","polars_series",226,TRUE,"offered",TRUE,FALSE,FALSE,""
"reference","man/series_str_strptime.Rd",1,61,"pl","Date","pl",103,TRUE,"offered",TRUE,FALSE,FALSE,""
"reference","man/series_str_strptime.Rd",1,61,"s3$str","strptime","polars_namespace_series_str",48,TRUE,"offered",TRUE,FALSE,FALSE,""
"reference","man/series_str_strptime.Rd",1,61,"s3","str","polars_series",226,TRUE,"offered",TRUE,FALSE,FALSE,""
"reference","man/series_str_strptime.Rd",1,61,"pl","Date","pl",103,TRUE,"offered",TRUE,FALSE,FALSE,""
"reference","man/series_str_to_datetime.Rd",1,61,"s$str","to_datetime","polars_namespace_series_str",48,TRUE,"offered",TRUE,FALSE,FALSE,""
"reference","man/series_str_to_datetime.Rd",1,61,"s","str","polars_series",226,TRUE,"offered",TRUE,FALSE,FALSE,""
"reference","man/series_str_to_datetime.Rd",1,61,"s$str","to_datetime","polars_namespace_series_str",48,TRUE,"offered",TRUE,FALSE,FALSE,""
"reference","man/series_str_to_datetime.Rd",1,61,"s","str","polars_series",226,TRUE,"offered",TRUE,FALSE,FALSE,""
"reference","man/series_str_to_decimal.Rd",1,24,"s$str","to_decimal","polars_namespace_series_str",48,TRUE,"offered",TRUE,FALSE,FALSE,""
"reference","man/series_str_to_decimal.Rd",1,24,"s","str","polars_series",226,TRUE,"offered",TRUE,FALSE,FALSE,""
"reference","man/series_str_to_decimal.Rd",1,24,"s$str","to_decimal","polars_namespace_series_str",48,TRUE,"offered",TRUE,FALSE,FALSE,""
"reference","man/series_str_to_decimal.Rd",1,24,"s","str","polars_series",226,TRUE,"offered",TRUE,FALSE,FALSE,""
"reference","man/series_struct_unnest.Rd",1,15,"s$struct","unnest","polars_namespace_series_struct",9,TRUE,"offered",TRUE,FALSE,FALSE,""
"reference","man/series_struct_unnest.Rd",1,15,"s","struct","polars_series",226,TRUE,"offered",TRUE,FALSE,FALSE,""
"reference","man/sql_context__execute.Rd",1,18,"pl","DataFrame","pl",103,TRUE,"offered",TRUE,FALSE,FALSE,""
"reference","man/sql_context__execute.Rd",1,18,"pl","SQLContext","pl",103,TRUE,"offered",TRUE,FALSE,FALSE,""
"reference","man/sql_context__execute.Rd",1,18,"ctx$execute(""\n     SELECT title, release_year, imdb_score\n     FROM films\n     WHERE release_year > 1990\n     ORDER BY imdb_score DESC\n     "")","collect","polars_lazy_frame",72,TRUE,"offered",TRUE,FALSE,FALSE,""
"reference","man/sql_context__execute.Rd",1,18,"ctx","execute","polars_sql_context",6,TRUE,"offered",TRUE,FALSE,FALSE,""
"reference","man/sql_context__execute.Rd",1,18,"ctx$execute(""\n  SELECT\n       MAX(release_year / 10) * 10 AS decade,\n       SUM(gross) AS total_gross,\n       COUNT(title) AS n_films,\n  FROM films\n  GROUP BY (release_year /","collect","polars_lazy_frame",72,TRUE,"offered",TRUE,FALSE,FALSE,""
"reference","man/sql_context__execute.Rd",1,18,"ctx","execute","polars_sql_context",6,TRUE,"offered",TRUE,FALSE,FALSE,""
"reference","man/sql_context__register_many.Rd",1,20,"pl","DataFrame","pl",103,TRUE,"offered",TRUE,FALSE,FALSE,""
"reference","man/sql_context__register_many.Rd",1,20,"pl","DataFrame","pl",103,TRUE,"offered",TRUE,FALSE,FALSE,""
"reference","man/sql_context__register_many.Rd",1,20,"pl","DataFrame","pl",103,TRUE,"offered",TRUE,FALSE,FALSE,""
"reference","man/sql_context__register_many.Rd",1,20,"pl","SQLContext","pl",103,TRUE,"offered",TRUE,FALSE,FALSE,""
"reference","man/sql_context__register_many.Rd",1,20,"ctx","register_many","polars_sql_context",6,TRUE,"offered",TRUE,FALSE,FALSE,""
"reference","man/sql_context__register.Rd",1,20,"pl","DataFrame","pl",103,TRUE,"offered",TRUE,FALSE,FALSE,""
"reference","man/sql_context__register.Rd",1,20,"pl","SQLContext","pl",103,TRUE,"offered",TRUE,FALSE,FALSE,""
"reference","man/sql_context__register.Rd",1,20,"ctx$register(""frame_data"", df)$execute(""SELECT * FROM frame_data"")","collect","polars_lazy_frame",72,TRUE,"offered",TRUE,FALSE,FALSE,""
"reference","man/sql_context__register.Rd",1,20,"ctx$register(""frame_data"", df)","execute","polars_sql_context",6,TRUE,"offered",TRUE,FALSE,FALSE,""
"reference","man/sql_context__register.Rd",1,20,"ctx","register","polars_sql_context",6,TRUE,"offered",TRUE,FALSE,FALSE,""
"reference","man/sql_context__tables.Rd",1,19,"pl","DataFrame","pl",103,TRUE,"offered",TRUE,FALSE,FALSE,""
"reference","man/sql_context__tables.Rd",1,19,"pl","SQLContext","pl",103,TRUE,"offered",TRUE,FALSE,FALSE,""
"reference","man/sql_context__tables.Rd",1,19,"ctx$execute(""SHOW TABLES"")","collect","polars_lazy_frame",72,TRUE,"offered",TRUE,FALSE,FALSE,""
"reference","man/sql_context__tables.Rd",1,19,"ctx","execute","polars_sql_context",6,TRUE,"offered",TRUE,FALSE,FALSE,""
"reference","man/sql_context__tables.Rd",1,19,"ctx","tables","polars_sql_context",6,TRUE,"offered",TRUE,FALSE,FALSE,""
"reference","man/sql_context__unregister.Rd",1,18,"pl","DataFrame","pl",103,TRUE,"offered",TRUE,FALSE,FALSE,""
"reference","man/sql_context__unregister.Rd",1,18,"pl","LazyFrame","pl",103,TRUE,"offered",TRUE,FALSE,FALSE,""
"reference","man/sql_context__unregister.Rd",1,18,"pl","LazyFrame","pl",103,TRUE,"offered",TRUE,FALSE,FALSE,""
"reference","man/sql_context__unregister.Rd",1,18,"pl","SQLContext","pl",103,TRUE,"offered",TRUE,FALSE,FALSE,""
"reference","man/sql_context__unregister.Rd",1,18,"ctx","tables","polars_sql_context",6,TRUE,"offered",TRUE,FALSE,FALSE,""
"reference","man/sql_context__unregister.Rd",1,18,"ctx$unregister(c(""test1"", ""test3""))","tables","polars_sql_context",6,TRUE,"offered",TRUE,FALSE,FALSE,""
"reference","man/sql_context__unregister.Rd",1,18,"ctx","unregister","polars_sql_context",6,TRUE,"offered",TRUE,FALSE,FALSE,""
"reference","man/sql_context__unregister.Rd",1,18,"ctx$unregister(""test2"")","tables","polars_sql_context",6,TRUE,"offered",TRUE,FALSE,FALSE,""
"reference","man/sql_context__unregister.Rd",1,18,"ctx","unregister","polars_sql_context",6,TRUE,"offered",TRUE,FALSE,FALSE,""
"supplemental","DEVELOPMENT.md",1,118,"self","_rexpr","environment",0,FALSE,"no_member_metadata",FALSE,TRUE,FALSE,""
"supplemental","DEVELOPMENT.md",1,118,"self$`_rexpr`","sum","",0,FALSE,"unknown_result",FALSE,TRUE,FALSE,""
"supplemental","DEVELOPMENT.md",1,118,"self","_rexpr","",0,FALSE,"unbound_receiver",FALSE,TRUE,FALSE,""
"supplemental","DEVELOPMENT.md",2,149,"pl$lit(1)","sum","polars_expr",212,TRUE,"offered",TRUE,FALSE,FALSE,""
"supplemental","DEVELOPMENT.md",2,149,"pl","lit","pl",103,TRUE,"offered",TRUE,FALSE,FALSE,""
"supplemental","DEVELOPMENT.md",2,149,"pl$lit(1)","sum","polars_expr",212,TRUE,"offered",TRUE,FALSE,FALSE,""
"supplemental","DEVELOPMENT.md",2,149,"pl","lit","pl",103,TRUE,"offered",TRUE,FALSE,FALSE,""
"supplemental","DEVELOPMENT.md",3,263,"self$`_rexpr`","any","",0,FALSE,"unknown_result",FALSE,TRUE,FALSE,""
"supplemental","DEVELOPMENT.md",3,263,"self","_rexpr","",0,FALSE,"unbound_receiver",FALSE,TRUE,FALSE,""
"supplemental","DEVELOPMENT.md",4,276,"pl$lit(1)","any","polars_expr",212,TRUE,"offered",TRUE,FALSE,FALSE,""
"supplemental","DEVELOPMENT.md",4,276,"pl","lit","pl",103,TRUE,"offered",TRUE,FALSE,FALSE,""
"supplemental","DEVELOPMENT.md",5,320,"as_polars_expr(x, structify = `__structify`)","_rexpr","",0,FALSE,"unknown_result",TRUE,TRUE,FALSE,""
"supplemental","DEVELOPMENT.md",6,332,"self$`_ldf`","select","",0,FALSE,"unknown_result",FALSE,TRUE,FALSE,""
"supplemental","DEVELOPMENT.md",6,332,"self","_ldf","",0,FALSE,"unbound_receiver",FALSE,TRUE,FALSE,""
"supplemental","DEVELOPMENT.md",7,358,"PlRSeries","new_f64","",0,FALSE,"unbound_receiver",FALSE,TRUE,FALSE,""
"supplemental","DEVELOPMENT.md",8,398,"pl","lit","pl",103,TRUE,"offered",TRUE,FALSE,FALSE,""
"supplemental","DEVELOPMENT.md",11,479,"series_named","name","",0,FALSE,"unknown_result",TRUE,FALSE,FALSE,""
"supplemental","DEVELOPMENT.md",12,514,"pl","DataFrame","pl",103,TRUE,"offered",TRUE,FALSE,FALSE,""
"supplemental","DEVELOPMENT.md",12,514,"as_polars_series(1:5)","cast","polars_series",226,TRUE,"offered",TRUE,FALSE,FALSE,""
"supplemental","DEVELOPMENT.md",12,514,"pl","Int64","pl",103,TRUE,"offered",TRUE,FALSE,FALSE,""
"supplemental","DEVELOPMENT.md",12,514,".input","select","",0,FALSE,"unbound_receiver",FALSE,FALSE,FALSE,""
"supplemental","DEVELOPMENT.md",12,514,"pl","DataFrame","pl",103,TRUE,"offered",TRUE,FALSE,FALSE,""
"supplemental","NEWS.md",1,781,"pl","DataFrame","pl",103,TRUE,"offered",TRUE,FALSE,FALSE,""
"supplemental","NEWS.md",1,781,"df","map_columns","polars_data_frame",89,TRUE,"offered",TRUE,FALSE,FALSE,""
"supplemental","NEWS.md",1,781,"s$list","to_struct","",0,FALSE,"unknown_result",FALSE,TRUE,FALSE,""
"supplemental","NEWS.md",1,781,"s","list","",0,FALSE,"unknown_result",FALSE,TRUE,FALSE,""
"supplemental","NEWS.md",2,876,"cs","all","cs",35,TRUE,"offered",TRUE,FALSE,FALSE,""
"supplemental","NEWS.md",2,876,"lf","unique","",0,FALSE,"unbound_receiver",FALSE,FALSE,FALSE,""
"supplemental","NEWS.md",3,883,"lf","unique","",0,FALSE,"unbound_receiver",FALSE,FALSE,FALSE,""
"supplemental","NEWS.md",4,919,"pl","DataFrame","pl",103,TRUE,"offered",TRUE,FALSE,FALSE,""
"supplemental","NEWS.md",4,919,"df","drop_nulls","polars_data_frame",89,TRUE,"offered",TRUE,FALSE,FALSE,""
"supplemental","NEWS.md",4,919,"df","drop_nulls","polars_data_frame",89,TRUE,"offered",TRUE,FALSE,FALSE,""
"supplemental","NEWS.md",5,945,"pl","DataFrame","pl",103,TRUE,"offered",TRUE,FALSE,FALSE,""
"supplemental","NEWS.md",5,945,"df","drop_nulls","polars_data_frame",89,TRUE,"offered",TRUE,FALSE,FALSE,""
"supplemental","NEWS.md",5,945,"df","drop_nulls","polars_data_frame",89,TRUE,"offered",TRUE,FALSE,FALSE,""
"supplemental","NEWS.md",8,1044,"as_polars_series(c(""00:00"", ""12:00""))$str","to_time","polars_namespace_series_str",48,TRUE,"offered",TRUE,FALSE,FALSE,""
"supplemental","NEWS.md",8,1044,"as_polars_series(c(""00:00"", ""12:00""))","str","polars_series",226,TRUE,"offered",TRUE,FALSE,FALSE,""
"supplemental","NEWS.md",8,1044,"s_time","to_r_vector","polars_series",226,TRUE,"offered",TRUE,FALSE,FALSE,""
"supplemental","NEWS.md",9,1064,"pl","col","pl",103,TRUE,"offered",TRUE,FALSE,FALSE,""
"supplemental","NEWS.md",9,1064,"dat","select","polars_data_frame",89,TRUE,"offered",TRUE,FALSE,FALSE,""
"supplemental","NEWS.md",10,1081,"pl","col","pl",103,TRUE,"offered",TRUE,FALSE,FALSE,""
"supplemental","NEWS.md",10,1081,"dat","select","polars_data_frame",89,TRUE,"offered",TRUE,FALSE,FALSE,""
"supplemental","NEWS.md",11,1100,"pl","col","pl",103,TRUE,"offered",TRUE,FALSE,FALSE,""
"supplemental","NEWS.md",12,1106,"pl","col","pl",103,TRUE,"offered",TRUE,FALSE,FALSE,""
"supplemental","NEWS.md",12,1106,"pl","col","pl",103,TRUE,"offered",TRUE,FALSE,FALSE,""
"supplemental","NEWS.md",13,1128,"pl","DataFrame","pl",103,TRUE,"offered",TRUE,FALSE,FALSE,""
"supplemental","NEWS.md",13,1128,"df","with_columns","polars_data_frame",89,TRUE,"offered",TRUE,FALSE,FALSE,""
"supplemental","NEWS.md",13,1128,"pl$col(""a"")","shift","polars_expr",212,TRUE,"offered",TRUE,FALSE,FALSE,""
"supplemental","NEWS.md",13,1128,"pl","col","pl",103,TRUE,"offered",TRUE,FALSE,FALSE,""
"supplemental","NEWS.md",13,1128,"df","with_columns","polars_data_frame",89,TRUE,"offered",TRUE,FALSE,FALSE,""
"supplemental","NEWS.md",13,1128,"pl$col(""a"")","shift","polars_expr",212,TRUE,"offered",TRUE,FALSE,FALSE,""
"supplemental","NEWS.md",13,1128,"pl","col","pl",103,TRUE,"offered",TRUE,FALSE,FALSE,""
"supplemental","NEWS.md",14,1161,"pl","DataFrame","pl",103,TRUE,"offered",TRUE,FALSE,FALSE,""
"supplemental","NEWS.md",15,1174,"pl","DataFrame","pl",103,TRUE,"offered",TRUE,FALSE,FALSE,""
"supplemental","NEWS.md",15,1174,"pl","DataFrame","pl",103,TRUE,"offered",TRUE,FALSE,FALSE,""
"supplemental","NEWS.md",18,1271,"pl","Series","pl",103,TRUE,"offered",TRUE,FALSE,FALSE,""
"supplemental","NEWS.md",18,1271,"pl$DataFrame(bar = 1:2)","with_columns","polars_data_frame",89,TRUE,"offered",TRUE,FALSE,FALSE,""
"supplemental","NEWS.md",18,1271,"pl","DataFrame","pl",103,TRUE,"offered",TRUE,FALSE,FALSE,""
"supplemental","NEWS.md",19,1283,"pl","Series","pl",103,TRUE,"offered",TRUE,FALSE,FALSE,""
"supplemental","NEWS.md",19,1283,"pl$DataFrame(bar = 1:2)","with_columns","polars_data_frame",89,TRUE,"offered",TRUE,FALSE,FALSE,""
"supplemental","NEWS.md",19,1283,"pl","DataFrame","pl",103,TRUE,"offered",TRUE,FALSE,FALSE,""
