"type","member","function_key","result","known"
"polars_data_frame","set_column_names","dataframe__set_column_names","polars_data_frame",TRUE
"polars_data_frame","serialize","dataframe__serialize","",FALSE
"polars_data_frame","collect_schema","dataframe__collect_schema","list",TRUE
"polars_data_frame","to_struct","dataframe__to_struct","polars_series",TRUE
"polars_data_frame","lazy","dataframe__lazy","polars_lazy_frame",TRUE
"polars_data_frame","clone","dataframe__clone","polars_data_frame",TRUE
"polars_data_frame","get_columns","dataframe__get_columns","list",TRUE
"polars_data_frame","get_column","dataframe__get_column","polars_series",TRUE
"polars_data_frame","get_column_index","dataframe__get_column_index","",FALSE
"polars_data_frame","group_by","dataframe__group_by","polars_group_by",TRUE
"polars_data_frame","select","dataframe__select","polars_data_frame",TRUE
"polars_data_frame","select_seq","dataframe__select_seq","polars_data_frame",TRUE
"polars_data_frame","with_columns","dataframe__with_columns","polars_data_frame",TRUE
"polars_data_frame","with_columns_seq","dataframe__with_columns_seq","polars_data_frame",TRUE
"polars_data_frame","to_series","dataframe__to_series","polars_series",TRUE
"polars_data_frame","equals","dataframe__equals","",FALSE
"polars_data_frame","slice","dataframe__slice","polars_data_frame",TRUE
"polars_data_frame","head","dataframe__head","polars_data_frame",TRUE
"polars_data_frame","tail","dataframe__tail","polars_data_frame",TRUE
"polars_data_frame","drop","dataframe__drop","polars_data_frame",TRUE
"polars_data_frame","cast","dataframe__cast","polars_data_frame",TRUE
"polars_data_frame","filter","dataframe__filter","polars_data_frame",TRUE
"polars_data_frame","remove","dataframe__remove","polars_data_frame",TRUE
"polars_data_frame","sort","dataframe__sort","polars_data_frame",TRUE
"polars_data_frame","n_chunks","dataframe__n_chunks","",FALSE
"polars_data_frame","rechunk","dataframe__rechunk","polars_data_frame",TRUE
"polars_data_frame","bottom_k","dataframe__bottom_k","polars_data_frame",TRUE
"polars_data_frame","top_k","dataframe__top_k","polars_data_frame",TRUE
"polars_data_frame","merge_sorted","dataframe__merge_sorted","polars_data_frame",TRUE
"polars_data_frame","set_sorted","dataframe__set_sorted","polars_data_frame",TRUE
"polars_data_frame","unique","dataframe__unique","polars_data_frame",TRUE
"polars_data_frame","join","dataframe__join","polars_data_frame",TRUE
"polars_data_frame","drop_nans","dataframe__drop_nans","polars_data_frame",TRUE
"polars_data_frame","drop_nulls","dataframe__drop_nulls","polars_data_frame",TRUE
"polars_data_frame","map_columns","dataframe__map_columns","polars_data_frame",TRUE
"polars_data_frame","gather_every","dataframe__gather_every","polars_data_frame",TRUE
"polars_data_frame","rename","dataframe__rename","polars_data_frame",TRUE
"polars_data_frame","fill_null","dataframe__fill_null","polars_data_frame",TRUE
"polars_data_frame","explode","dataframe__explode","polars_data_frame",TRUE
"polars_data_frame","unnest","dataframe__unnest","polars_data_frame",TRUE
"polars_data_frame","join_asof","dataframe__join_asof","polars_data_frame",TRUE
"polars_data_frame","fill_nan","dataframe__fill_nan","polars_data_frame",TRUE
"polars_data_frame","clear","dataframe__clear","polars_data_frame",TRUE
"polars_data_frame","shift","dataframe__shift","polars_data_frame",TRUE
"polars_data_frame","join_where","dataframe__join_where","polars_data_frame",TRUE
"polars_data_frame","unpivot","dataframe__unpivot","polars_data_frame",TRUE
"polars_data_frame","to_dummies","dataframe__to_dummies","polars_data_frame",TRUE
"polars_data_frame","partition_by","dataframe__partition_by","list",TRUE
"polars_data_frame","pivot","dataframe__pivot","",FALSE
"polars_data_frame","max_horizontal","dataframe__max_horizontal","polars_series",TRUE
"polars_data_frame","mean_horizontal","dataframe__mean_horizontal","polars_series",TRUE
"polars_data_frame","min_horizontal","dataframe__min_horizontal","polars_series",TRUE
"polars_data_frame","sum_horizontal","dataframe__sum_horizontal","polars_series",TRUE
"polars_data_frame","max","dataframe__max","polars_data_frame",TRUE
"polars_data_frame","min","dataframe__min","polars_data_frame",TRUE
"polars_data_frame","mean","dataframe__mean","polars_data_frame",TRUE
"polars_data_frame","median","dataframe__median","polars_data_frame",TRUE
"polars_data_frame","sum","dataframe__sum","polars_data_frame",TRUE
"polars_data_frame","var","dataframe__var","polars_data_frame",TRUE
"polars_data_frame","std","dataframe__std","polars_data_frame",TRUE
"polars_data_frame","quantile","dataframe__quantile","polars_data_frame",TRUE
"polars_data_frame","is_unique","dataframe__is_unique","polars_series",TRUE
"polars_data_frame","is_duplicated","dataframe__is_duplicated","polars_series",TRUE
"polars_data_frame","is_empty","dataframe__is_empty","",FALSE
"polars_data_frame","rolling","dataframe__rolling","polars_rolling_group_by",TRUE
"polars_data_frame","transpose","dataframe__transpose","polars_data_frame",TRUE
"polars_data_frame","with_row_index","dataframe__with_row_index","polars_data_frame",TRUE
"polars_data_frame","sample","dataframe__sample","polars_data_frame",TRUE
"polars_data_frame","group_by_dynamic","dataframe__group_by_dynamic","polars_group_by_dynamic",TRUE
"polars_data_frame","hash_rows","dataframe__hash_rows","polars_series",TRUE
"polars_data_frame","unstack","dataframe__unstack","polars_data_frame",TRUE
"polars_data_frame","describe","dataframe__describe","",FALSE
"polars_data_frame","reverse","dataframe__reverse","polars_data_frame",TRUE
"polars_data_frame","count","dataframe__count","polars_data_frame",TRUE
"polars_data_frame","glimpse","dataframe__glimpse","",FALSE
"polars_data_frame","write_csv","dataframe__write_csv","NULL",TRUE
"polars_data_frame","write_ipc","dataframe__write_ipc","NULL",TRUE
"polars_data_frame","write_ipc_stream","dataframe__write_ipc_stream","NULL",TRUE
"polars_data_frame","write_json","dataframe__write_json","NULL",TRUE
"polars_data_frame","write_ndjson","dataframe__write_ndjson","NULL",TRUE
"polars_data_frame","write_parquet","dataframe__write_parquet","NULL",TRUE
"polars_group_by","agg","groupby__agg","",FALSE
"polars_group_by","head","groupby__head","",FALSE
"polars_group_by","tail","groupby__tail","",FALSE
"polars_group_by","max","groupby__max","",FALSE
"polars_group_by","min","groupby__min","",FALSE
"polars_group_by","median","groupby__median","",FALSE
"polars_group_by","mean","groupby__mean","",FALSE
"polars_group_by","sum","groupby__sum","",FALSE
"polars_group_by","quantile","groupby__quantile","",FALSE
"polars_group_by","n_unique","groupby__n_unique","",FALSE
"polars_group_by","len","groupby__len","",FALSE
"polars_group_by","having","groupby__having","polars_group_by",TRUE
"polars_group_by_dynamic","agg","group_by_dynamic__agg","",FALSE
"polars_group_by_dynamic","having","group_by_dynamic__having","polars_group_by_dynamic",TRUE
"polars_rolling_group_by","agg","rolling_groupby__agg","",FALSE
"polars_rolling_group_by","having","rolling_groupby__having","polars_rolling_group_by",TRUE
"polars_dtype","eq","datatype__eq","",FALSE
"polars_dtype","ne","datatype__ne","",FALSE
"polars_dtype","is_numeric","datatype__is_numeric","logical",TRUE
"polars_dtype","is_decimal","datatype__is_decimal","logical",TRUE
"polars_dtype","is_integer","datatype__is_integer","logical",TRUE
"polars_dtype","is_signed_integer","datatype__is_signed_integer","logical",TRUE
"polars_dtype","is_unsigned_integer","datatype__is_unsigned_integer","logical",TRUE
"polars_dtype","is_float","datatype__is_float","logical",TRUE
"polars_dtype","is_temporal","datatype__is_temporal","logical",TRUE
"polars_dtype","is_nested","datatype__is_nested","logical",TRUE
"polars_dtype","max","datatype__max","polars_expr",TRUE
"polars_dtype","min","datatype__min","polars_expr",TRUE
"polars_dtype","to_dtype_expr","datatype__to_dtype_expr","polars_datatype_expr",TRUE
"polars_datatype_expr","matches","datatype_expr__matches","polars_expr",TRUE
"polars_datatype_expr","display","datatype_expr__display","polars_expr",TRUE
"polars_datatype_expr","inner_dtype","datatype_expr__inner_dtype","polars_datatype_expr",TRUE
"polars_datatype_expr","default_value","datatype_expr__default_value","polars_expr",TRUE
"polars_datatype_expr","wrap_in_list","datatype_expr__wrap_in_list","polars_datatype_expr",TRUE
"polars_datatype_expr","wrap_in_array","datatype_expr__wrap_in_array","polars_datatype_expr",TRUE
"polars_expr","add","expr__add","polars_expr",TRUE
"polars_expr","sub","expr__sub","polars_expr",TRUE
"polars_expr","mul","expr__mul","polars_expr",TRUE
"polars_expr","true_div","expr__true_div","polars_expr",TRUE
"polars_expr","truediv","expr__truediv","polars_expr",TRUE
"polars_expr","pow","expr__pow","polars_expr",TRUE
"polars_expr","mod","expr__mod","polars_expr",TRUE
"polars_expr","floor_div","expr__floor_div","polars_expr",TRUE
"polars_expr","floordiv","expr__floordiv","polars_expr",TRUE
"polars_expr","neg","expr__neg","polars_expr",TRUE
"polars_expr","eq","expr__eq","polars_expr",TRUE
"polars_expr","eq_missing","expr__eq_missing","polars_expr",TRUE
"polars_expr","ne","expr__ne","polars_expr",TRUE
"polars_expr","ne_missing","expr__ne_missing","polars_expr",TRUE
"polars_expr","gt","expr__gt","polars_expr",TRUE
"polars_expr","ge","expr__ge","polars_expr",TRUE
"polars_expr","le","expr__le","polars_expr",TRUE
"polars_expr","lt","expr__lt","polars_expr",TRUE
"polars_expr","alias","expr__alias","polars_expr",TRUE
"polars_expr","exclude","expr__exclude","polars_expr",TRUE
"polars_expr","not","expr__not","polars_expr",TRUE
"polars_expr","invert","expr__invert","polars_expr",TRUE
"polars_expr","is_null","expr__is_null","polars_expr",TRUE
"polars_expr","is_not_null","expr__is_not_null","polars_expr",TRUE
"polars_expr","is_infinite","expr__is_infinite","polars_expr",TRUE
"polars_expr","is_finite","expr__is_finite","polars_expr",TRUE
"polars_expr","is_nan","expr__is_nan","polars_expr",TRUE
"polars_expr","is_not_nan","expr__is_not_nan","polars_expr",TRUE
"polars_expr","min","expr__min","polars_expr",TRUE
"polars_expr","max","expr__max","polars_expr",TRUE
"polars_expr","nan_max","expr__nan_max","polars_expr",TRUE
"polars_expr","nan_min","expr__nan_min","polars_expr",TRUE
"polars_expr","mean","expr__mean","polars_expr",TRUE
"polars_expr","median","expr__median","polars_expr",TRUE
"polars_expr","sum","expr__sum","polars_expr",TRUE
"polars_expr","cast","expr__cast","polars_expr",TRUE
"polars_expr","sort","expr__sort","polars_expr",TRUE
"polars_expr","arg_sort","expr__arg_sort","polars_expr",TRUE
"polars_expr","sort_by","expr__sort_by","polars_expr",TRUE
"polars_expr","reverse","expr__reverse","polars_expr",TRUE
"polars_expr","slice","expr__slice","polars_expr",TRUE
"polars_expr","head","expr__head","polars_expr",TRUE
"polars_expr","tail","expr__tail","polars_expr",TRUE
"polars_expr","first","expr__first","polars_expr",TRUE
"polars_expr","last","expr__last","polars_expr",TRUE
"polars_expr","over","expr__over","polars_expr",TRUE
"polars_expr","filter","expr__filter","polars_expr",TRUE
"polars_expr","map_batches","expr__map_batches","polars_expr",TRUE
"polars_expr","and","expr__and","polars_expr",TRUE
"polars_expr","or","expr__or","polars_expr",TRUE
"polars_expr","xor","expr__xor","polars_expr",TRUE
"polars_expr","diff","expr__diff","polars_expr",TRUE
"polars_expr","dot","expr__dot","polars_expr",TRUE
"polars_expr","reshape","expr__reshape","polars_expr",TRUE
"polars_expr","any","expr__any","polars_expr",TRUE
"polars_expr","all","expr__all","polars_expr",TRUE
"polars_expr","cum_sum","expr__cum_sum","polars_expr",TRUE
"polars_expr","cum_prod","expr__cum_prod","polars_expr",TRUE
"polars_expr","cum_min","expr__cum_min","polars_expr",TRUE
"polars_expr","cum_max","expr__cum_max","polars_expr",TRUE
"polars_expr","cum_count","expr__cum_count","polars_expr",TRUE
"polars_expr","cumulative_eval","expr__cumulative_eval","polars_expr",TRUE
"polars_expr","arg_max","expr__arg_max","polars_expr",TRUE
"polars_expr","arg_min","expr__arg_min","polars_expr",TRUE
"polars_expr","arg_unique","expr__arg_unique","polars_expr",TRUE
"polars_expr","arg_true","expr__arg_true","polars_expr",TRUE
"polars_expr","count","expr__count","polars_expr",TRUE
"polars_expr","implode","expr__implode","polars_expr",TRUE
"polars_expr","len","expr__len","polars_expr",TRUE
"polars_expr","product","expr__product","polars_expr",TRUE
"polars_expr","quantile","expr__quantile","polars_expr",TRUE
"polars_expr","std","expr__std","polars_expr",TRUE
"polars_expr","var","expr__var","polars_expr",TRUE
"polars_expr","has_nulls","expr__has_nulls","polars_expr",TRUE
"polars_expr","is_between","expr__is_between","polars_expr",TRUE
"polars_expr","is_duplicated","expr__is_duplicated","polars_expr",TRUE
"polars_expr","is_first_distinct","expr__is_first_distinct","polars_expr",TRUE
"polars_expr","is_last_distinct","expr__is_last_distinct","polars_expr",TRUE
"polars_expr","is_in","expr__is_in","polars_expr",TRUE
"polars_expr","is_unique","expr__is_unique","polars_expr",TRUE
"polars_expr","abs","expr__abs","polars_expr",TRUE
"polars_expr","approx_n_unique","expr__approx_n_unique","polars_expr",TRUE
"polars_expr","n_unique","expr__n_unique","polars_expr",TRUE
"polars_expr","sin","expr__sin","polars_expr",TRUE
"polars_expr","cos","expr__cos","polars_expr",TRUE
"polars_expr","cot","expr__cot","polars_expr",TRUE
"polars_expr","tan","expr__tan","polars_expr",TRUE
"polars_expr","arcsin","expr__arcsin","polars_expr",TRUE
"polars_expr","arccos","expr__arccos","polars_expr",TRUE
"polars_expr","arctan","expr__arctan","polars_expr",TRUE
"polars_expr","sinh","expr__sinh","polars_expr",TRUE
"polars_expr","cosh","expr__cosh","polars_expr",TRUE
"polars_expr","tanh","expr__tanh","polars_expr",TRUE
"polars_expr","arcsinh","expr__arcsinh","polars_expr",TRUE
"polars_expr","arccosh","expr__arccosh","polars_expr",TRUE
"polars_expr","arctanh","expr__arctanh","polars_expr",TRUE
"polars_expr","sqrt","expr__sqrt","polars_expr",TRUE
"polars_expr","cbrt","expr__cbrt","polars_expr",TRUE
"polars_expr","degrees","expr__degrees","polars_expr",TRUE
"polars_expr","radians","expr__radians","polars_expr",TRUE
"polars_expr","entropy","expr__entropy","polars_expr",TRUE
"polars_expr","exp","expr__exp","polars_expr",TRUE
"polars_expr","log","expr__log","polars_expr",TRUE
"polars_expr","log10","expr__log10","polars_expr",TRUE
"polars_expr","log1p","expr__log1p","polars_expr",TRUE
"polars_expr","hash","expr__hash","polars_expr",TRUE
"polars_expr","mode","expr__mode","polars_expr",TRUE
"polars_expr","null_count","expr__null_count","polars_expr",TRUE
"polars_expr","pct_change","expr__pct_change","polars_expr",TRUE
"polars_expr","peak_max","expr__peak_max","polars_expr",TRUE
"polars_expr","peak_min","expr__peak_min","polars_expr",TRUE
"polars_expr","rank","expr__rank","polars_expr",TRUE
"polars_expr","kurtosis","expr__kurtosis","polars_expr",TRUE
"polars_expr","skew","expr__skew","polars_expr",TRUE
"polars_expr","hist","expr__hist","polars_expr",TRUE
"polars_expr","value_counts","expr__value_counts","polars_expr",TRUE
"polars_expr","unique_counts","expr__unique_counts","polars_expr",TRUE
"polars_expr","unique","expr__unique","polars_expr",TRUE
"polars_expr","sign","expr__sign","polars_expr",TRUE
"polars_expr","search_sorted","expr__search_sorted","polars_expr",TRUE
"polars_expr","rolling_max","expr__rolling_max","polars_expr",TRUE
"polars_expr","rolling_min","expr__rolling_min","polars_expr",TRUE
"polars_expr","rolling_mean","expr__rolling_mean","polars_expr",TRUE
"polars_expr","rolling_median","expr__rolling_median","polars_expr",TRUE
"polars_expr","rolling_sum","expr__rolling_sum","polars_expr",TRUE
"polars_expr","rolling_quantile","expr__rolling_quantile","polars_expr",TRUE
"polars_expr","rolling_skew","expr__rolling_skew","polars_expr",TRUE
"polars_expr","rolling_std","expr__rolling_std","polars_expr",TRUE
"polars_expr","rolling_var","expr__rolling_var","polars_expr",TRUE
"polars_expr","rolling_rank","expr__rolling_rank","polars_expr",TRUE
"polars_expr","rolling_kurtosis","expr__rolling_kurtosis","polars_expr",TRUE
"polars_expr","rolling","expr__rolling","polars_expr",TRUE
"polars_expr","rolling_max_by","expr__rolling_max_by","polars_expr",TRUE
"polars_expr","rolling_min_by","expr__rolling_min_by","polars_expr",TRUE
"polars_expr","rolling_mean_by","expr__rolling_mean_by","polars_expr",TRUE
"polars_expr","rolling_median_by","expr__rolling_median_by","polars_expr",TRUE
"polars_expr","rolling_sum_by","expr__rolling_sum_by","polars_expr",TRUE
"polars_expr","rolling_quantile_by","expr__rolling_quantile_by","polars_expr",TRUE
"polars_expr","rolling_std_by","expr__rolling_std_by","polars_expr",TRUE
"polars_expr","rolling_var_by","expr__rolling_var_by","polars_expr",TRUE
"polars_expr","rolling_rank_by","expr__rolling_rank_by","polars_expr",TRUE
"polars_expr","ewm_var","expr__ewm_var","polars_expr",TRUE
"polars_expr","ewm_std","expr__ewm_std","polars_expr",TRUE
"polars_expr","ewm_mean","expr__ewm_mean","polars_expr",TRUE
"polars_expr","ewm_mean_by","expr__ewm_mean_by","polars_expr",TRUE
"polars_expr","append","expr__append","polars_expr",TRUE
"polars_expr","backward_fill","expr__backward_fill","polars_expr",TRUE
"polars_expr","forward_fill","expr__forward_fill","polars_expr",TRUE
"polars_expr","bottom_k","expr__bottom_k","polars_expr",TRUE
"polars_expr","top_k","expr__top_k","polars_expr",TRUE
"polars_expr","bottom_k_by","expr__bottom_k_by","polars_expr",TRUE
"polars_expr","top_k_by","expr__top_k_by","polars_expr",TRUE
"polars_expr","ceil","expr__ceil","polars_expr",TRUE
"polars_expr","floor","expr__floor","polars_expr",TRUE
"polars_expr","clip","expr__clip","polars_expr",TRUE
"polars_expr","drop_nans","expr__drop_nans","polars_expr",TRUE
"polars_expr","drop_nulls","expr__drop_nulls","polars_expr",TRUE
"polars_expr","explode","expr__explode","polars_expr",TRUE
"polars_expr","extend_constant","expr__extend_constant","polars_expr",TRUE
"polars_expr","fill_nan","expr__fill_nan","polars_expr",TRUE
"polars_expr","fill_null","expr__fill_null","polars_expr",TRUE
"polars_expr","gather","expr__gather","polars_expr",TRUE
"polars_expr","get","expr__get","polars_expr",TRUE
"polars_expr","gather_every","expr__gather_every","polars_expr",TRUE
"polars_expr","interpolate","expr__interpolate","polars_expr",TRUE
"polars_expr","interpolate_by","expr__interpolate_by","polars_expr",TRUE
"polars_expr","limit","expr__limit","polars_expr",TRUE
"polars_expr","lower_bound","expr__lower_bound","polars_expr",TRUE
"polars_expr","upper_bound","expr__upper_bound","polars_expr",TRUE
"polars_expr","cut","expr__cut","polars_expr",TRUE
"polars_expr","qcut","expr__qcut","polars_expr",TRUE
"polars_expr","bin_intervals","expr__bin_intervals","polars_expr",TRUE
"polars_expr","bin_quantiles","expr__bin_quantiles","polars_expr",TRUE
"polars_expr","bin_ranks","expr__bin_ranks","polars_expr",TRUE
"polars_expr","reinterpret","expr__reinterpret","polars_expr",TRUE
"polars_expr","repeat_by","expr__repeat_by","polars_expr",TRUE
"polars_expr","replace","expr__replace",".never",TRUE
"polars_expr","replace_strict","expr__replace_strict",".never",TRUE
"polars_expr","rle","expr__rle","polars_expr",TRUE
"polars_expr","rle_id","expr__rle_id","polars_expr",TRUE
"polars_expr","sample","expr__sample","polars_expr",TRUE
"polars_expr","round","expr__round","polars_expr",TRUE
"polars_expr","round_sig_figs","expr__round_sig_figs","polars_expr",TRUE
"polars_expr","truncate","expr__truncate","polars_expr",TRUE
"polars_expr","shift","expr__shift","polars_expr",TRUE
"polars_expr","shuffle","expr__shuffle","polars_expr",TRUE
"polars_expr","set_sorted","expr__set_sorted","polars_expr",TRUE
"polars_expr","to_physical","expr__to_physical","polars_expr",TRUE
"polars_expr","bitwise_count_ones","expr__bitwise_count_ones","polars_expr",TRUE
"polars_expr","bitwise_count_zeros","expr__bitwise_count_zeros","polars_expr",TRUE
"polars_expr","bitwise_leading_ones","expr__bitwise_leading_ones","polars_expr",TRUE
"polars_expr","bitwise_leading_zeros","expr__bitwise_leading_zeros","polars_expr",TRUE
"polars_expr","bitwise_trailing_ones","expr__bitwise_trailing_ones","polars_expr",TRUE
"polars_expr","bitwise_trailing_zeros","expr__bitwise_trailing_zeros","polars_expr",TRUE
"polars_expr","bitwise_and","expr__bitwise_and","polars_expr",TRUE
"polars_expr","bitwise_or","expr__bitwise_or","polars_expr",TRUE
"polars_expr","bitwise_xor","expr__bitwise_xor","polars_expr",TRUE
"polars_expr","index_of","expr__index_of","polars_expr",TRUE
"polars_expr","is_close","expr__is_close","polars_expr",TRUE
"polars_expr","item","expr__item","polars_expr",TRUE
"polars_expr","max_by","expr__max_by","polars_expr",TRUE
"polars_expr","min_by","expr__min_by","polars_expr",TRUE
"polars_lazy_frame","serialize","lazyframe__serialize","",FALSE
"polars_lazy_frame","select","lazyframe__select","polars_lazy_frame",TRUE
"polars_lazy_frame","select_seq","lazyframe__select_seq","polars_lazy_frame",TRUE
"polars_lazy_frame","group_by","lazyframe__group_by","polars_lazy_group_by",TRUE
"polars_lazy_frame","collect","lazyframe__collect","polars_data_frame",TRUE
"polars_lazy_frame","explain","lazyframe__explain","",FALSE
"polars_lazy_frame","collect_schema","lazyframe__collect_schema","list",TRUE
"polars_lazy_frame","cast","lazyframe__cast","polars_lazy_frame",TRUE
"polars_lazy_frame","filter","lazyframe__filter","polars_lazy_frame",TRUE
"polars_lazy_frame","remove","lazyframe__remove","polars_lazy_frame",TRUE
"polars_lazy_frame","sort","lazyframe__sort","polars_lazy_frame",TRUE
"polars_lazy_frame","with_columns","lazyframe__with_columns","polars_lazy_frame",TRUE
"polars_lazy_frame","with_columns_seq","lazyframe__with_columns_seq","polars_lazy_frame",TRUE
"polars_lazy_frame","drop","lazyframe__drop","polars_lazy_frame",TRUE
"polars_lazy_frame","slice","lazyframe__slice","polars_lazy_frame",TRUE
"polars_lazy_frame","head","lazyframe__head","polars_lazy_frame",TRUE
"polars_lazy_frame","limit","lazyframe__limit","polars_lazy_frame",TRUE
"polars_lazy_frame","tail","lazyframe__tail","polars_lazy_frame",TRUE
"polars_lazy_frame","first","lazyframe__first","polars_lazy_frame",TRUE
"polars_lazy_frame","last","lazyframe__last","polars_lazy_frame",TRUE
"polars_lazy_frame","max","lazyframe__max","polars_lazy_frame",TRUE
"polars_lazy_frame","mean","lazyframe__mean","polars_lazy_frame",TRUE
"polars_lazy_frame","median","lazyframe__median","polars_lazy_frame",TRUE
"polars_lazy_frame","min","lazyframe__min","polars_lazy_frame",TRUE
"polars_lazy_frame","sum","lazyframe__sum","polars_lazy_frame",TRUE
"polars_lazy_frame","var","lazyframe__var","polars_lazy_frame",TRUE
"polars_lazy_frame","std","lazyframe__std","polars_lazy_frame",TRUE
"polars_lazy_frame","quantile","lazyframe__quantile","polars_lazy_frame",TRUE
"polars_lazy_frame","fill_nan","lazyframe__fill_nan","polars_lazy_frame",TRUE
"polars_lazy_frame","fill_null","lazyframe__fill_null","polars_lazy_frame",TRUE
"polars_lazy_frame","shift","lazyframe__shift","polars_lazy_frame",TRUE
"polars_lazy_frame","reverse","lazyframe__reverse","polars_lazy_frame",TRUE
"polars_lazy_frame","drop_nulls","lazyframe__drop_nulls","polars_lazy_frame",TRUE
"polars_lazy_frame","drop_nans","lazyframe__drop_nans","polars_lazy_frame",TRUE
"polars_lazy_frame","unique","lazyframe__unique","polars_lazy_frame",TRUE
"polars_lazy_frame","join","lazyframe__join","polars_lazy_frame",TRUE
"polars_lazy_frame","join_where","lazyframe__join_where","polars_lazy_frame",TRUE
"polars_lazy_frame","pivot","lazyframe__pivot",".never",TRUE
"polars_lazy_frame","unpivot","lazyframe__unpivot","polars_lazy_frame",TRUE
"polars_lazy_frame","rename","lazyframe__rename","polars_lazy_frame",TRUE
"polars_lazy_frame","explode","lazyframe__explode","polars_lazy_frame",TRUE
"polars_lazy_frame","clone","lazyframe__clone","polars_lazy_frame",TRUE
"polars_lazy_frame","unnest","lazyframe__unnest","polars_lazy_frame",TRUE
"polars_lazy_frame","rolling","lazyframe__rolling","polars_lazy_group_by",TRUE
"polars_lazy_frame","group_by_dynamic","lazyframe__group_by_dynamic","polars_lazy_group_by",TRUE
"polars_lazy_frame","to_dot","lazyframe__to_dot","",FALSE
"polars_lazy_frame","clear","lazyframe__clear","polars_lazy_frame",TRUE
"polars_lazy_frame","gather_every","lazyframe__gather_every","polars_lazy_frame",TRUE
"polars_lazy_frame","count","lazyframe__count","polars_lazy_frame",TRUE
"polars_lazy_frame","null_count","lazyframe__null_count","polars_lazy_frame",TRUE
"polars_lazy_frame","bottom_k","lazyframe__bottom_k","polars_lazy_frame",TRUE
"polars_lazy_frame","top_k","lazyframe__top_k","polars_lazy_frame",TRUE
"polars_lazy_frame","interpolate","lazyframe__interpolate","polars_lazy_frame",TRUE
"polars_lazy_frame","merge_sorted","lazyframe__merge_sorted","polars_lazy_frame",TRUE
"polars_lazy_frame","set_sorted","lazyframe__set_sorted","polars_lazy_frame",TRUE
"polars_lazy_frame","with_row_index","lazyframe__with_row_index","polars_lazy_frame",TRUE
"polars_lazy_frame","join_asof","lazyframe__join_asof","polars_lazy_frame",TRUE
"polars_lazy_frame","describe","lazyframe__describe","",FALSE
"polars_lazy_frame","sql","lazyframe__sql","polars_lazy_frame",TRUE
"polars_lazy_frame","sink_batches","lazyframe__sink_batches","",FALSE
"polars_lazy_frame","lazy_sink_batches","lazyframe__lazy_sink_batches","polars_lazy_frame",TRUE
"polars_lazy_frame","sink_csv","lazyframe__sink_csv","NULL",TRUE
"polars_lazy_frame","lazy_sink_csv","lazyframe__lazy_sink_csv","polars_lazy_frame",TRUE
"polars_lazy_frame","sink_ipc","lazyframe__sink_ipc","NULL",TRUE
"polars_lazy_frame","lazy_sink_ipc","lazyframe__lazy_sink_ipc","polars_lazy_frame",TRUE
"polars_lazy_frame","sink_ndjson","lazyframe__sink_ndjson","NULL",TRUE
"polars_lazy_frame","lazy_sink_ndjson","lazyframe__lazy_sink_ndjson","polars_lazy_frame",TRUE
"polars_lazy_frame","sink_parquet","lazyframe__sink_parquet","NULL",TRUE
"polars_lazy_frame","lazy_sink_parquet","lazyframe__lazy_sink_parquet","polars_lazy_frame",TRUE
"polars_lazy_group_by","agg","lazygroupby__agg","polars_lazy_frame",TRUE
"polars_lazy_group_by","head","lazygroupby__head","polars_lazy_frame",TRUE
"polars_lazy_group_by","tail","lazygroupby__tail","polars_lazy_frame",TRUE
"polars_lazy_group_by","max","lazygroupby__max","polars_lazy_frame",TRUE
"polars_lazy_group_by","min","lazygroupby__min","polars_lazy_frame",TRUE
"polars_lazy_group_by","median","lazygroupby__median","polars_lazy_frame",TRUE
"polars_lazy_group_by","mean","lazygroupby__mean","polars_lazy_frame",TRUE
"polars_lazy_group_by","sum","lazygroupby__sum","polars_lazy_frame",TRUE
"polars_lazy_group_by","quantile","lazygroupby__quantile","polars_lazy_frame",TRUE
"polars_lazy_group_by","n_unique","lazygroupby__n_unique","polars_lazy_frame",TRUE
"polars_lazy_group_by","len","lazygroupby__len","polars_lazy_frame",TRUE
"polars_lazy_group_by","having","lazygroupby__having","polars_lazy_group_by",TRUE
"polars_sql_context","register","sql_context__register","polars_sql_context",TRUE
"polars_sql_context","register_many","sql_context__register_many","polars_sql_context",TRUE
"polars_sql_context","unregister","sql_context__unregister","polars_sql_context",TRUE
"polars_sql_context","tables","sql_context__tables","",FALSE
"polars_sql_context","execute","sql_context__execute","polars_lazy_frame",TRUE
"polars_namespace_expr_arr","sum","expr_arr_sum","polars_expr",TRUE
"polars_namespace_expr_arr","max","expr_arr_max","polars_expr",TRUE
"polars_namespace_expr_arr","min","expr_arr_min","polars_expr",TRUE
"polars_namespace_expr_arr","median","expr_arr_median","polars_expr",TRUE
"polars_namespace_expr_arr","std","expr_arr_std","polars_expr",TRUE
"polars_namespace_expr_arr","var","expr_arr_var","polars_expr",TRUE
"polars_namespace_expr_arr","sort","expr_arr_sort","polars_expr",TRUE
"polars_namespace_expr_arr","dot","expr_arr_dot","polars_expr",TRUE
"polars_namespace_expr_arr","reverse","expr_arr_reverse","polars_expr",TRUE
"polars_namespace_expr_arr","unique","expr_arr_unique","polars_expr",TRUE
"polars_namespace_expr_arr","get","expr_arr_get","polars_expr",TRUE
"polars_namespace_expr_arr","contains","expr_arr_contains","polars_expr",TRUE
"polars_namespace_expr_arr","join","expr_arr_join","polars_expr",TRUE
"polars_namespace_expr_arr","arg_min","expr_arr_arg_min","polars_expr",TRUE
"polars_namespace_expr_arr","arg_max","expr_arr_arg_max","polars_expr",TRUE
"polars_namespace_expr_arr","all","expr_arr_all","polars_expr",TRUE
"polars_namespace_expr_arr","any","expr_arr_any","polars_expr",TRUE
"polars_namespace_expr_arr","shift","expr_arr_shift","polars_expr",TRUE
"polars_namespace_expr_arr","to_list","expr_arr_to_list","polars_expr",TRUE
"polars_namespace_expr_arr","to_struct","expr_arr_to_struct","polars_expr",TRUE
"polars_namespace_expr_arr","count_matches","expr_arr_count_matches","polars_expr",TRUE
"polars_namespace_expr_arr","first","expr_arr_first","polars_expr",TRUE
"polars_namespace_expr_arr","last","expr_arr_last","polars_expr",TRUE
"polars_namespace_expr_arr","n_unique","expr_arr_n_unique","polars_expr",TRUE
"polars_namespace_expr_arr","len","expr_arr_len","polars_expr",TRUE
"polars_namespace_expr_arr","eval","expr_arr_eval","polars_expr",TRUE
"polars_namespace_expr_arr","agg","expr_arr_agg","polars_expr",TRUE
"polars_namespace_expr_arr","explode","expr_arr_explode","polars_expr",TRUE
"polars_namespace_expr_bin","contains","expr_bin_contains","polars_expr",TRUE
"polars_namespace_expr_bin","ends_with","expr_bin_ends_with","polars_expr",TRUE
"polars_namespace_expr_bin","starts_with","expr_bin_starts_with","polars_expr",TRUE
"polars_namespace_expr_bin","decode","expr_bin_decode","polars_expr",TRUE
"polars_namespace_expr_bin","encode","expr_bin_encode","polars_expr",TRUE
"polars_namespace_expr_bin","size","expr_bin_size","polars_expr",TRUE
"polars_namespace_expr_bin","reinterpret","expr_bin_reinterpret","polars_expr",TRUE
"polars_namespace_expr_bin","get","expr_bin_get","polars_expr",TRUE
"polars_namespace_expr_cat","to","expr_cat_to","polars_expr",TRUE
"polars_namespace_expr_cat","physical","expr_cat_physical","polars_expr",TRUE
"polars_namespace_expr_dt","convert_time_zone","expr_dt_convert_time_zone","polars_expr",TRUE
"polars_namespace_expr_dt","replace_time_zone","expr_dt_replace_time_zone","polars_expr",TRUE
"polars_namespace_expr_dt","truncate","expr_dt_truncate","polars_expr",TRUE
"polars_namespace_expr_dt","round","expr_dt_round","polars_expr",TRUE
"polars_namespace_expr_dt","combine","expr_dt_combine","polars_expr",TRUE
"polars_namespace_expr_dt","to_string","expr_dt_to_string","polars_expr",TRUE
"polars_namespace_expr_dt","strftime","expr_dt_strftime","polars_expr",TRUE
"polars_namespace_expr_dt","millennium","expr_dt_millennium","polars_expr",TRUE
"polars_namespace_expr_dt","year","expr_dt_year","polars_expr",TRUE
"polars_namespace_expr_dt","iso_year","expr_dt_iso_year","polars_expr",TRUE
"polars_namespace_expr_dt","quarter","expr_dt_quarter","polars_expr",TRUE
"polars_namespace_expr_dt","month","expr_dt_month","polars_expr",TRUE
"polars_namespace_expr_dt","week","expr_dt_week","polars_expr",TRUE
"polars_namespace_expr_dt","weekday","expr_dt_weekday","polars_expr",TRUE
"polars_namespace_expr_dt","day","expr_dt_day","polars_expr",TRUE
"polars_namespace_expr_dt","ordinal_day","expr_dt_ordinal_day","polars_expr",TRUE
"polars_namespace_expr_dt","hour","expr_dt_hour","polars_expr",TRUE
"polars_namespace_expr_dt","minute","expr_dt_minute","polars_expr",TRUE
"polars_namespace_expr_dt","second","expr_dt_second","polars_expr",TRUE
"polars_namespace_expr_dt","millisecond","expr_dt_millisecond","polars_expr",TRUE
"polars_namespace_expr_dt","microsecond","expr_dt_microsecond","polars_expr",TRUE
"polars_namespace_expr_dt","nanosecond","expr_dt_nanosecond","polars_expr",TRUE
"polars_namespace_expr_dt","epoch","expr_dt_epoch","polars_expr",TRUE
"polars_namespace_expr_dt","timestamp","expr_dt_timestamp","polars_expr",TRUE
"polars_namespace_expr_dt","cast_time_unit","expr_dt_cast_time_unit","polars_expr",TRUE
"polars_namespace_expr_dt","total_days","expr_dt_total_days","polars_expr",TRUE
"polars_namespace_expr_dt","total_hours","expr_dt_total_hours","polars_expr",TRUE
"polars_namespace_expr_dt","total_minutes","expr_dt_total_minutes","polars_expr",TRUE
"polars_namespace_expr_dt","total_seconds","expr_dt_total_seconds","polars_expr",TRUE
"polars_namespace_expr_dt","total_milliseconds","expr_dt_total_milliseconds","polars_expr",TRUE
"polars_namespace_expr_dt","total_microseconds","expr_dt_total_microseconds","polars_expr",TRUE
"polars_namespace_expr_dt","total_nanoseconds","expr_dt_total_nanoseconds","polars_expr",TRUE
"polars_namespace_expr_dt","offset_by","expr_dt_offset_by","polars_expr",TRUE
"polars_namespace_expr_dt","time","expr_dt_time","polars_expr",TRUE
"polars_namespace_expr_dt","is_leap_year","expr_dt_is_leap_year","polars_expr",TRUE
"polars_namespace_expr_dt","dst_offset","expr_dt_dst_offset","polars_expr",TRUE
"polars_namespace_expr_dt","base_utc_offset","expr_dt_base_utc_offset","polars_expr",TRUE
"polars_namespace_expr_dt","month_start","expr_dt_month_start","polars_expr",TRUE
"polars_namespace_expr_dt","month_end","expr_dt_month_end","polars_expr",TRUE
"polars_namespace_expr_dt","century","expr_dt_century","polars_expr",TRUE
"polars_namespace_expr_dt","date","expr_dt_date","polars_expr",TRUE
"polars_namespace_expr_dt","add_business_days","expr_dt_add_business_days","polars_expr",TRUE
"polars_namespace_expr_dt","replace","expr_dt_replace","polars_expr",TRUE
"polars_namespace_expr_dt","days_in_month","expr_dt_days_in_month","polars_expr",TRUE
"polars_namespace_expr_list","len","expr_list_len","polars_expr",TRUE
"polars_namespace_expr_list","sum","expr_list_sum","polars_expr",TRUE
"polars_namespace_expr_list","max","expr_list_max","polars_expr",TRUE
"polars_namespace_expr_list","min","expr_list_min","polars_expr",TRUE
"polars_namespace_expr_list","mean","expr_list_mean","polars_expr",TRUE
"polars_namespace_expr_list","sort","expr_list_sort","polars_expr",TRUE
"polars_namespace_expr_list","reverse","expr_list_reverse","polars_expr",TRUE
"polars_namespace_expr_list","unique","expr_list_unique","polars_expr",TRUE
"polars_namespace_expr_list","n_unique","expr_list_n_unique","polars_expr",TRUE
"polars_namespace_expr_list","concat","expr_list_concat","polars_expr",TRUE
"polars_namespace_expr_list","get","expr_list_get","polars_expr",TRUE
"polars_namespace_expr_list","gather","expr_list_gather","polars_expr",TRUE
"polars_namespace_expr_list","gather_every","expr_list_gather_every","polars_expr",TRUE
"polars_namespace_expr_list","first","expr_list_first","polars_expr",TRUE
"polars_namespace_expr_list","last","expr_list_last","polars_expr",TRUE
"polars_namespace_expr_list","contains","expr_list_contains","polars_expr",TRUE
"polars_namespace_expr_list","join","expr_list_join","polars_expr",TRUE
"polars_namespace_expr_list","arg_min","expr_list_arg_min","polars_expr",TRUE
"polars_namespace_expr_list","arg_max","expr_list_arg_max","polars_expr",TRUE
"polars_namespace_expr_list","diff","expr_list_diff","polars_expr",TRUE
"polars_namespace_expr_list","shift","expr_list_shift","polars_expr",TRUE
"polars_namespace_expr_list","slice","expr_list_slice","polars_expr",TRUE
"polars_namespace_expr_list","head","expr_list_head","polars_expr",TRUE
"polars_namespace_expr_list","tail","expr_list_tail","polars_expr",TRUE
"polars_namespace_expr_list","eval","expr_list_eval","polars_expr",TRUE
"polars_namespace_expr_list","all","expr_list_all","polars_expr",TRUE
"polars_namespace_expr_list","any","expr_list_any","polars_expr",TRUE
"polars_namespace_expr_list","set_union","expr_list_set_union","polars_expr",TRUE
"polars_namespace_expr_list","set_intersection","expr_list_set_intersection","polars_expr",TRUE
"polars_namespace_expr_list","set_difference","expr_list_set_difference","polars_expr",TRUE
"polars_namespace_expr_list","set_symmetric_difference","expr_list_set_symmetric_difference","polars_expr",TRUE
"polars_namespace_expr_list","explode","expr_list_explode","polars_expr",TRUE
"polars_namespace_expr_list","sample","expr_list_sample","polars_expr",TRUE
"polars_namespace_expr_list","std","expr_list_std","polars_expr",TRUE
"polars_namespace_expr_list","var","expr_list_var","polars_expr",TRUE
"polars_namespace_expr_list","median","expr_list_median","polars_expr",TRUE
"polars_namespace_expr_list","to_array","expr_list_to_array","polars_expr",TRUE
"polars_namespace_expr_list","to_struct","expr_list_to_struct","polars_expr",TRUE
"polars_namespace_expr_list","drop_nulls","expr_list_drop_nulls","polars_expr",TRUE
"polars_namespace_expr_list","count_matches","expr_list_count_matches","polars_expr",TRUE
"polars_namespace_expr_list","agg","expr_list_agg","polars_expr",TRUE
"polars_namespace_expr_meta","has_multiple_outputs","expr_meta_has_multiple_outputs","",FALSE
"polars_namespace_expr_meta","output_name","expr_meta_output_name","",FALSE
"polars_namespace_expr_meta","undo_aliases","expr_meta_undo_aliases","polars_expr",TRUE
"polars_namespace_expr_meta","as_selector","expr_meta_as_selector","polars_selector",TRUE
"polars_namespace_expr_meta","serialize","expr_meta_serialize","",FALSE
"polars_namespace_expr_meta","eq","expr_meta_eq","",FALSE
"polars_namespace_expr_meta","ne","expr_meta_ne","",FALSE
"polars_namespace_expr_meta","root_names","expr_meta_root_names","",FALSE
"polars_namespace_expr_meta","tree_format","expr_meta_tree_format","",FALSE
"polars_namespace_expr_meta","is_column_selection","expr_meta_is_column_selection","",FALSE
"polars_namespace_expr_meta","is_column","expr_meta_is_column","",FALSE
"polars_namespace_expr_meta","is_regex_projection","expr_meta_is_regex_projection","",FALSE
"polars_namespace_expr_meta","pop","expr_meta_pop","list",TRUE
"polars_namespace_expr_meta","is_literal","expr_meta_is_literal","",FALSE
"polars_namespace_expr_name","keep","expr_name_keep","polars_expr",TRUE
"polars_namespace_expr_name","prefix","expr_name_prefix","polars_expr",TRUE
"polars_namespace_expr_name","suffix","expr_name_suffix","polars_expr",TRUE
"polars_namespace_expr_name","to_lowercase","expr_name_to_lowercase","polars_expr",TRUE
"polars_namespace_expr_name","to_uppercase","expr_name_to_uppercase","polars_expr",TRUE
"polars_namespace_expr_name","prefix_fields","expr_name_prefix_fields","polars_expr",TRUE
"polars_namespace_expr_name","suffix_fields","expr_name_suffix_fields","polars_expr",TRUE
"polars_namespace_expr_name","replace","expr_name_replace","polars_expr",TRUE
"polars_namespace_expr_str","strptime","expr_str_strptime","polars_expr",TRUE
"polars_namespace_expr_str","to_date","expr_str_to_date","polars_expr",TRUE
"polars_namespace_expr_str","to_time","expr_str_to_time","polars_expr",TRUE
"polars_namespace_expr_str","to_datetime","expr_str_to_datetime","polars_expr",TRUE
"polars_namespace_expr_str","len_bytes","expr_str_len_bytes","polars_expr",TRUE
"polars_namespace_expr_str","len_chars","expr_str_len_chars","polars_expr",TRUE
"polars_namespace_expr_str","join","expr_str_join","polars_expr",TRUE
"polars_namespace_expr_str","to_uppercase","expr_str_to_uppercase","polars_expr",TRUE
"polars_namespace_expr_str","to_lowercase","expr_str_to_lowercase","polars_expr",TRUE
"polars_namespace_expr_str","to_titlecase","expr_str_to_titlecase","polars_expr",TRUE
"polars_namespace_expr_str","strip_chars","expr_str_strip_chars","polars_expr",TRUE
"polars_namespace_expr_str","strip_chars_start","expr_str_strip_chars_start","polars_expr",TRUE
"polars_namespace_expr_str","strip_chars_end","expr_str_strip_chars_end","polars_expr",TRUE
"polars_namespace_expr_str","strip_prefix","expr_str_strip_prefix","polars_expr",TRUE
"polars_namespace_expr_str","strip_suffix","expr_str_strip_suffix","polars_expr",TRUE
"polars_namespace_expr_str","zfill","expr_str_zfill","polars_expr",TRUE
"polars_namespace_expr_str","to_decimal","expr_str_to_decimal","polars_expr",TRUE
"polars_namespace_expr_str","pad_end","expr_str_pad_end","polars_expr",TRUE
"polars_namespace_expr_str","pad_start","expr_str_pad_start","polars_expr",TRUE
"polars_namespace_expr_str","contains","expr_str_contains","polars_expr",TRUE
"polars_namespace_expr_str","ends_with","expr_str_ends_with","polars_expr",TRUE
"polars_namespace_expr_str","starts_with","expr_str_starts_with","polars_expr",TRUE
"polars_namespace_expr_str","json_decode","expr_str_json_decode","polars_expr",TRUE
"polars_namespace_expr_str","json_path_match","expr_str_json_path_match","polars_expr",TRUE
"polars_namespace_expr_str","decode","expr_str_decode","polars_expr",TRUE
"polars_namespace_expr_str","encode","expr_str_encode","polars_expr",TRUE
"polars_namespace_expr_str","extract","expr_str_extract","polars_expr",TRUE
"polars_namespace_expr_str","extract_all","expr_str_extract_all","polars_expr",TRUE
"polars_namespace_expr_str","count_matches","expr_str_count_matches","polars_expr",TRUE
"polars_namespace_expr_str","split","expr_str_split","polars_expr",TRUE
"polars_namespace_expr_str","split_exact","expr_str_split_exact","polars_expr",TRUE
"polars_namespace_expr_str","splitn","expr_str_splitn","polars_expr",TRUE
"polars_namespace_expr_str","replace","expr_str_replace","polars_expr",TRUE
"polars_namespace_expr_str","replace_all","expr_str_replace_all","polars_expr",TRUE
"polars_namespace_expr_str","slice","expr_str_slice","polars_expr",TRUE
"polars_namespace_expr_str","to_integer","expr_str_to_integer","polars_expr",TRUE
"polars_namespace_expr_str","reverse","expr_str_reverse","polars_expr",TRUE
"polars_namespace_expr_str","contains_any","expr_str_contains_any","polars_expr",TRUE
"polars_namespace_expr_str","replace_many","expr_str_replace_many","polars_expr",TRUE
"polars_namespace_expr_str","extract_groups","expr_str_extract_groups","polars_expr",TRUE
"polars_namespace_expr_str","find","expr_str_find","polars_expr",TRUE
"polars_namespace_expr_str","find_many","expr_str_find_many","polars_expr",TRUE
"polars_namespace_expr_str","head","expr_str_head","polars_expr",TRUE
"polars_namespace_expr_str","tail","expr_str_tail","polars_expr",TRUE
"polars_namespace_expr_str","extract_many","expr_str_extract_many","polars_expr",TRUE
"polars_namespace_expr_str","normalize","expr_str_normalize","polars_expr",TRUE
"polars_namespace_expr_str","escape_regex","expr_str_escape_regex","polars_expr",TRUE
"polars_namespace_expr_struct","field_by_index","expr_struct_field_by_index","polars_expr",TRUE
"polars_namespace_expr_struct","field","expr_struct_field","polars_expr",TRUE
"polars_namespace_expr_struct","rename_fields","expr_struct_rename_fields","polars_expr",TRUE
"polars_namespace_expr_struct","drop","expr_struct_drop","polars_expr",TRUE
"polars_namespace_expr_struct","json_encode","expr_struct_json_encode","polars_expr",TRUE
"polars_namespace_expr_struct","with_fields","expr_struct_with_fields","polars_expr",TRUE
"polars_namespace_expr_struct","unnest","expr_struct_unnest","polars_expr",TRUE
"polars_selector","invert","selector__invert","polars_selector",TRUE
"polars_selector","sub","selector__sub","polars_expr",TRUE
"polars_selector","or","selector__or","polars_expr",TRUE
"polars_selector","and","selector__and","polars_expr",TRUE
"polars_selector","xor","selector__xor","polars_expr",TRUE
"polars_selector","exclude","selector__exclude","polars_selector",TRUE
"polars_selector","as_expr","selector__as_expr","polars_expr",TRUE
"polars_selector","add","expr__add","polars_expr",TRUE
"polars_selector","mul","expr__mul","polars_expr",TRUE
"polars_selector","true_div","expr__true_div","polars_expr",TRUE
"polars_selector","truediv","expr__truediv","polars_expr",TRUE
"polars_selector","pow","expr__pow","polars_expr",TRUE
"polars_selector","mod","expr__mod","polars_expr",TRUE
"polars_selector","floor_div","expr__floor_div","polars_expr",TRUE
"polars_selector","floordiv","expr__floordiv","polars_expr",TRUE
"polars_selector","neg","expr__neg","polars_expr",TRUE
"polars_selector","eq","expr__eq","polars_expr",TRUE
"polars_selector","eq_missing","expr__eq_missing","polars_expr",TRUE
"polars_selector","ne","expr__ne","polars_expr",TRUE
"polars_selector","ne_missing","expr__ne_missing","polars_expr",TRUE
"polars_selector","gt","expr__gt","polars_expr",TRUE
"polars_selector","ge","expr__ge","polars_expr",TRUE
"polars_selector","le","expr__le","polars_expr",TRUE
"polars_selector","lt","expr__lt","polars_expr",TRUE
"polars_selector","alias","expr__alias","polars_expr",TRUE
"polars_selector","not","expr__not","polars_expr",TRUE
"polars_selector","is_null","expr__is_null","polars_expr",TRUE
"polars_selector","is_not_null","expr__is_not_null","polars_expr",TRUE
"polars_selector","is_infinite","expr__is_infinite","polars_expr",TRUE
"polars_selector","is_finite","expr__is_finite","polars_expr",TRUE
"polars_selector","is_nan","expr__is_nan","polars_expr",TRUE
"polars_selector","is_not_nan","expr__is_not_nan","polars_expr",TRUE
"polars_selector","min","expr__min","polars_expr",TRUE
"polars_selector","max","expr__max","polars_expr",TRUE
"polars_selector","nan_max","expr__nan_max","polars_expr",TRUE
"polars_selector","nan_min","expr__nan_min","polars_expr",TRUE
"polars_selector","mean","expr__mean","polars_expr",TRUE
"polars_selector","median","expr__median","polars_expr",TRUE
"polars_selector","sum","expr__sum","polars_expr",TRUE
"polars_selector","cast","expr__cast","polars_expr",TRUE
"polars_selector","sort","expr__sort","polars_expr",TRUE
"polars_selector","arg_sort","expr__arg_sort","polars_expr",TRUE
"polars_selector","sort_by","expr__sort_by","polars_expr",TRUE
"polars_selector","reverse","expr__reverse","polars_expr",TRUE
"polars_selector","slice","expr__slice","polars_expr",TRUE
"polars_selector","head","expr__head","polars_expr",TRUE
"polars_selector","tail","expr__tail","polars_expr",TRUE
"polars_selector","first","expr__first","polars_expr",TRUE
"polars_selector","last","expr__last","polars_expr",TRUE
"polars_selector","over","expr__over","polars_expr",TRUE
"polars_selector","filter","expr__filter","polars_expr",TRUE
"polars_selector","map_batches","expr__map_batches","polars_expr",TRUE
"polars_selector","diff","expr__diff","polars_expr",TRUE
"polars_selector","dot","expr__dot","polars_expr",TRUE
"polars_selector","reshape","expr__reshape","polars_expr",TRUE
"polars_selector","any","expr__any","polars_expr",TRUE
"polars_selector","all","expr__all","polars_expr",TRUE
"polars_selector","cum_sum","expr__cum_sum","polars_expr",TRUE
"polars_selector","cum_prod","expr__cum_prod","polars_expr",TRUE
"polars_selector","cum_min","expr__cum_min","polars_expr",TRUE
"polars_selector","cum_max","expr__cum_max","polars_expr",TRUE
"polars_selector","cum_count","expr__cum_count","polars_expr",TRUE
"polars_selector","cumulative_eval","expr__cumulative_eval","polars_expr",TRUE
"polars_selector","arg_max","expr__arg_max","polars_expr",TRUE
"polars_selector","arg_min","expr__arg_min","polars_expr",TRUE
"polars_selector","arg_unique","expr__arg_unique","polars_expr",TRUE
"polars_selector","arg_true","expr__arg_true","polars_expr",TRUE
"polars_selector","count","expr__count","polars_expr",TRUE
"polars_selector","implode","expr__implode","polars_expr",TRUE
"polars_selector","len","expr__len","polars_expr",TRUE
"polars_selector","product","expr__product","polars_expr",TRUE
"polars_selector","quantile","expr__quantile","polars_expr",TRUE
"polars_selector","std","expr__std","polars_expr",TRUE
"polars_selector","var","expr__var","polars_expr",TRUE
"polars_selector","has_nulls","expr__has_nulls","polars_expr",TRUE
"polars_selector","is_between","expr__is_between","polars_expr",TRUE
"polars_selector","is_duplicated","expr__is_duplicated","polars_expr",TRUE
"polars_selector","is_first_distinct","expr__is_first_distinct","polars_expr",TRUE
"polars_selector","is_last_distinct","expr__is_last_distinct","polars_expr",TRUE
"polars_selector","is_in","expr__is_in","polars_expr",TRUE
"polars_selector","is_unique","expr__is_unique","polars_expr",TRUE
"polars_selector","abs","expr__abs","polars_expr",TRUE
"polars_selector","approx_n_unique","expr__approx_n_unique","polars_expr",TRUE
"polars_selector","n_unique","expr__n_unique","polars_expr",TRUE
"polars_selector","sin","expr__sin","polars_expr",TRUE
"polars_selector","cos","expr__cos","polars_expr",TRUE
"polars_selector","cot","expr__cot","polars_expr",TRUE
"polars_selector","tan","expr__tan","polars_expr",TRUE
"polars_selector","arcsin","expr__arcsin","polars_expr",TRUE
"polars_selector","arccos","expr__arccos","polars_expr",TRUE
"polars_selector","arctan","expr__arctan","polars_expr",TRUE
"polars_selector","sinh","expr__sinh","polars_expr",TRUE
"polars_selector","cosh","expr__cosh","polars_expr",TRUE
"polars_selector","tanh","expr__tanh","polars_expr",TRUE
"polars_selector","arcsinh","expr__arcsinh","polars_expr",TRUE
"polars_selector","arccosh","expr__arccosh","polars_expr",TRUE
"polars_selector","arctanh","expr__arctanh","polars_expr",TRUE
"polars_selector","sqrt","expr__sqrt","polars_expr",TRUE
"polars_selector","cbrt","expr__cbrt","polars_expr",TRUE
"polars_selector","degrees","expr__degrees","polars_expr",TRUE
"polars_selector","radians","expr__radians","polars_expr",TRUE
"polars_selector","entropy","expr__entropy","polars_expr",TRUE
"polars_selector","exp","expr__exp","polars_expr",TRUE
"polars_selector","log","expr__log","polars_expr",TRUE
"polars_selector","log10","expr__log10","polars_expr",TRUE
"polars_selector","log1p","expr__log1p","polars_expr",TRUE
"polars_selector","hash","expr__hash","polars_expr",TRUE
"polars_selector","mode","expr__mode","polars_expr",TRUE
"polars_selector","null_count","expr__null_count","polars_expr",TRUE
"polars_selector","pct_change","expr__pct_change","polars_expr",TRUE
"polars_selector","peak_max","expr__peak_max","polars_expr",TRUE
"polars_selector","peak_min","expr__peak_min","polars_expr",TRUE
"polars_selector","rank","expr__rank","polars_expr",TRUE
"polars_selector","kurtosis","expr__kurtosis","polars_expr",TRUE
"polars_selector","skew","expr__skew","polars_expr",TRUE
"polars_selector","hist","expr__hist","polars_expr",TRUE
"polars_selector","value_counts","expr__value_counts","polars_expr",TRUE
"polars_selector","unique_counts","expr__unique_counts","polars_expr",TRUE
"polars_selector","unique","expr__unique","polars_expr",TRUE
"polars_selector","sign","expr__sign","polars_expr",TRUE
"polars_selector","search_sorted","expr__search_sorted","polars_expr",TRUE
"polars_selector","rolling_max","expr__rolling_max","polars_expr",TRUE
"polars_selector","rolling_min","expr__rolling_min","polars_expr",TRUE
"polars_selector","rolling_mean","expr__rolling_mean","polars_expr",TRUE
"polars_selector","rolling_median","expr__rolling_median","polars_expr",TRUE
"polars_selector","rolling_sum","expr__rolling_sum","polars_expr",TRUE
"polars_selector","rolling_quantile","expr__rolling_quantile","polars_expr",TRUE
"polars_selector","rolling_skew","expr__rolling_skew","polars_expr",TRUE
"polars_selector","rolling_std","expr__rolling_std","polars_expr",TRUE
"polars_selector","rolling_var","expr__rolling_var","polars_expr",TRUE
"polars_selector","rolling_rank","expr__rolling_rank","polars_expr",TRUE
"polars_selector","rolling_kurtosis","expr__rolling_kurtosis","polars_expr",TRUE
"polars_selector","rolling","expr__rolling","polars_expr",TRUE
"polars_selector","rolling_max_by","expr__rolling_max_by","polars_expr",TRUE
"polars_selector","rolling_min_by","expr__rolling_min_by","polars_expr",TRUE
"polars_selector","rolling_mean_by","expr__rolling_mean_by","polars_expr",TRUE
"polars_selector","rolling_median_by","expr__rolling_median_by","polars_expr",TRUE
"polars_selector","rolling_sum_by","expr__rolling_sum_by","polars_expr",TRUE
"polars_selector","rolling_quantile_by","expr__rolling_quantile_by","polars_expr",TRUE
"polars_selector","rolling_std_by","expr__rolling_std_by","polars_expr",TRUE
"polars_selector","rolling_var_by","expr__rolling_var_by","polars_expr",TRUE
"polars_selector","rolling_rank_by","expr__rolling_rank_by","polars_expr",TRUE
"polars_selector","ewm_var","expr__ewm_var","polars_expr",TRUE
"polars_selector","ewm_std","expr__ewm_std","polars_expr",TRUE
"polars_selector","ewm_mean","expr__ewm_mean","polars_expr",TRUE
"polars_selector","ewm_mean_by","expr__ewm_mean_by","polars_expr",TRUE
"polars_selector","append","expr__append","polars_expr",TRUE
"polars_selector","backward_fill","expr__backward_fill","polars_expr",TRUE
"polars_selector","forward_fill","expr__forward_fill","polars_expr",TRUE
"polars_selector","bottom_k","expr__bottom_k","polars_expr",TRUE
"polars_selector","top_k","expr__top_k","polars_expr",TRUE
"polars_selector","bottom_k_by","expr__bottom_k_by","polars_expr",TRUE
"polars_selector","top_k_by","expr__top_k_by","polars_expr",TRUE
"polars_selector","ceil","expr__ceil","polars_expr",TRUE
"polars_selector","floor","expr__floor","polars_expr",TRUE
"polars_selector","clip","expr__clip","polars_expr",TRUE
"polars_selector","drop_nans","expr__drop_nans","polars_expr",TRUE
"polars_selector","drop_nulls","expr__drop_nulls","polars_expr",TRUE
"polars_selector","explode","expr__explode","polars_expr",TRUE
"polars_selector","extend_constant","expr__extend_constant","polars_expr",TRUE
"polars_selector","fill_nan","expr__fill_nan","polars_expr",TRUE
"polars_selector","fill_null","expr__fill_null","polars_expr",TRUE
"polars_selector","gather","expr__gather","polars_expr",TRUE
"polars_selector","get","expr__get","polars_expr",TRUE
"polars_selector","gather_every","expr__gather_every","polars_expr",TRUE
"polars_selector","interpolate","expr__interpolate","polars_expr",TRUE
"polars_selector","interpolate_by","expr__interpolate_by","polars_expr",TRUE
"polars_selector","limit","expr__limit","polars_expr",TRUE
"polars_selector","lower_bound","expr__lower_bound","polars_expr",TRUE
"polars_selector","upper_bound","expr__upper_bound","polars_expr",TRUE
"polars_selector","cut","expr__cut","polars_expr",TRUE
"polars_selector","qcut","expr__qcut","polars_expr",TRUE
"polars_selector","bin_intervals","expr__bin_intervals","polars_expr",TRUE
"polars_selector","bin_quantiles","expr__bin_quantiles","polars_expr",TRUE
"polars_selector","bin_ranks","expr__bin_ranks","polars_expr",TRUE
"polars_selector","reinterpret","expr__reinterpret","polars_expr",TRUE
"polars_selector","repeat_by","expr__repeat_by","polars_expr",TRUE
"polars_selector","replace","expr__replace",".never",TRUE
"polars_selector","replace_strict","expr__replace_strict",".never",TRUE
"polars_selector","rle","expr__rle","polars_expr",TRUE
"polars_selector","rle_id","expr__rle_id","polars_expr",TRUE
"polars_selector","sample","expr__sample","polars_expr",TRUE
"polars_selector","round","expr__round","polars_expr",TRUE
"polars_selector","round_sig_figs","expr__round_sig_figs","polars_expr",TRUE
"polars_selector","truncate","expr__truncate","polars_expr",TRUE
"polars_selector","shift","expr__shift","polars_expr",TRUE
"polars_selector","shuffle","expr__shuffle","polars_expr",TRUE
"polars_selector","set_sorted","expr__set_sorted","polars_expr",TRUE
"polars_selector","to_physical","expr__to_physical","polars_expr",TRUE
"polars_selector","bitwise_count_ones","expr__bitwise_count_ones","polars_expr",TRUE
"polars_selector","bitwise_count_zeros","expr__bitwise_count_zeros","polars_expr",TRUE
"polars_selector","bitwise_leading_ones","expr__bitwise_leading_ones","polars_expr",TRUE
"polars_selector","bitwise_leading_zeros","expr__bitwise_leading_zeros","polars_expr",TRUE
"polars_selector","bitwise_trailing_ones","expr__bitwise_trailing_ones","polars_expr",TRUE
"polars_selector","bitwise_trailing_zeros","expr__bitwise_trailing_zeros","polars_expr",TRUE
"polars_selector","bitwise_and","expr__bitwise_and","polars_expr",TRUE
"polars_selector","bitwise_or","expr__bitwise_or","polars_expr",TRUE
"polars_selector","bitwise_xor","expr__bitwise_xor","polars_expr",TRUE
"polars_selector","index_of","expr__index_of","polars_expr",TRUE
"polars_selector","is_close","expr__is_close","polars_expr",TRUE
"polars_selector","item","expr__item","polars_expr",TRUE
"polars_selector","max_by","expr__max_by","polars_expr",TRUE
"polars_selector","min_by","expr__min_by","polars_expr",TRUE
"polars_then","when","then__when","polars_chained_when",TRUE
"polars_then","otherwise","then__otherwise","polars_expr",TRUE
"polars_then","add","expr__add","polars_expr",TRUE
"polars_then","sub","expr__sub","polars_expr",TRUE
"polars_then","mul","expr__mul","polars_expr",TRUE
"polars_then","true_div","expr__true_div","polars_expr",TRUE
"polars_then","truediv","expr__truediv","polars_expr",TRUE
"polars_then","pow","expr__pow","polars_expr",TRUE
"polars_then","mod","expr__mod","polars_expr",TRUE
"polars_then","floor_div","expr__floor_div","polars_expr",TRUE
"polars_then","floordiv","expr__floordiv","polars_expr",TRUE
"polars_then","neg","expr__neg","polars_expr",TRUE
"polars_then","eq","expr__eq","polars_expr",TRUE
"polars_then","eq_missing","expr__eq_missing","polars_expr",TRUE
"polars_then","ne","expr__ne","polars_expr",TRUE
"polars_then","ne_missing","expr__ne_missing","polars_expr",TRUE
"polars_then","gt","expr__gt","polars_expr",TRUE
"polars_then","ge","expr__ge","polars_expr",TRUE
"polars_then","le","expr__le","polars_expr",TRUE
"polars_then","lt","expr__lt","polars_expr",TRUE
"polars_then","alias","expr__alias","polars_expr",TRUE
"polars_then","exclude","expr__exclude","polars_expr",TRUE
"polars_then","not","expr__not","polars_expr",TRUE
"polars_then","invert","expr__invert","polars_expr",TRUE
"polars_then","is_null","expr__is_null","polars_expr",TRUE
"polars_then","is_not_null","expr__is_not_null","polars_expr",TRUE
"polars_then","is_infinite","expr__is_infinite","polars_expr",TRUE
"polars_then","is_finite","expr__is_finite","polars_expr",TRUE
"polars_then","is_nan","expr__is_nan","polars_expr",TRUE
"polars_then","is_not_nan","expr__is_not_nan","polars_expr",TRUE
"polars_then","min","expr__min","polars_expr",TRUE
"polars_then","max","expr__max","polars_expr",TRUE
"polars_then","nan_max","expr__nan_max","polars_expr",TRUE
"polars_then","nan_min","expr__nan_min","polars_expr",TRUE
"polars_then","mean","expr__mean","polars_expr",TRUE
"polars_then","median","expr__median","polars_expr",TRUE
"polars_then","sum","expr__sum","polars_expr",TRUE
"polars_then","cast","expr__cast","polars_expr",TRUE
"polars_then","sort","expr__sort","polars_expr",TRUE
"polars_then","arg_sort","expr__arg_sort","polars_expr",TRUE
"polars_then","sort_by","expr__sort_by","polars_expr",TRUE
"polars_then","reverse","expr__reverse","polars_expr",TRUE
"polars_then","slice","expr__slice","polars_expr",TRUE
"polars_then","head","expr__head","polars_expr",TRUE
"polars_then","tail","expr__tail","polars_expr",TRUE
"polars_then","first","expr__first","polars_expr",TRUE
"polars_then","last","expr__last","polars_expr",TRUE
"polars_then","over","expr__over","polars_expr",TRUE
"polars_then","filter","expr__filter","polars_expr",TRUE
"polars_then","map_batches","expr__map_batches","polars_expr",TRUE
"polars_then","and","expr__and","polars_expr",TRUE
"polars_then","or","expr__or","polars_expr",TRUE
"polars_then","xor","expr__xor","polars_expr",TRUE
"polars_then","diff","expr__diff","polars_expr",TRUE
"polars_then","dot","expr__dot","polars_expr",TRUE
"polars_then","reshape","expr__reshape","polars_expr",TRUE
"polars_then","any","expr__any","polars_expr",TRUE
"polars_then","all","expr__all","polars_expr",TRUE
"polars_then","cum_sum","expr__cum_sum","polars_expr",TRUE
"polars_then","cum_prod","expr__cum_prod","polars_expr",TRUE
"polars_then","cum_min","expr__cum_min","polars_expr",TRUE
"polars_then","cum_max","expr__cum_max","polars_expr",TRUE
"polars_then","cum_count","expr__cum_count","polars_expr",TRUE
"polars_then","cumulative_eval","expr__cumulative_eval","polars_expr",TRUE
"polars_then","arg_max","expr__arg_max","polars_expr",TRUE
"polars_then","arg_min","expr__arg_min","polars_expr",TRUE
"polars_then","arg_unique","expr__arg_unique","polars_expr",TRUE
"polars_then","arg_true","expr__arg_true","polars_expr",TRUE
"polars_then","count","expr__count","polars_expr",TRUE
"polars_then","implode","expr__implode","polars_expr",TRUE
"polars_then","len","expr__len","polars_expr",TRUE
"polars_then","product","expr__product","polars_expr",TRUE
"polars_then","quantile","expr__quantile","polars_expr",TRUE
"polars_then","std","expr__std","polars_expr",TRUE
"polars_then","var","expr__var","polars_expr",TRUE
"polars_then","has_nulls","expr__has_nulls","polars_expr",TRUE
"polars_then","is_between","expr__is_between","polars_expr",TRUE
"polars_then","is_duplicated","expr__is_duplicated","polars_expr",TRUE
"polars_then","is_first_distinct","expr__is_first_distinct","polars_expr",TRUE
"polars_then","is_last_distinct","expr__is_last_distinct","polars_expr",TRUE
"polars_then","is_in","expr__is_in","polars_expr",TRUE
"polars_then","is_unique","expr__is_unique","polars_expr",TRUE
"polars_then","abs","expr__abs","polars_expr",TRUE
"polars_then","approx_n_unique","expr__approx_n_unique","polars_expr",TRUE
"polars_then","n_unique","expr__n_unique","polars_expr",TRUE
"polars_then","sin","expr__sin","polars_expr",TRUE
"polars_then","cos","expr__cos","polars_expr",TRUE
"polars_then","cot","expr__cot","polars_expr",TRUE
"polars_then","tan","expr__tan","polars_expr",TRUE
"polars_then","arcsin","expr__arcsin","polars_expr",TRUE
"polars_then","arccos","expr__arccos","polars_expr",TRUE
"polars_then","arctan","expr__arctan","polars_expr",TRUE
"polars_then","sinh","expr__sinh","polars_expr",TRUE
"polars_then","cosh","expr__cosh","polars_expr",TRUE
"polars_then","tanh","expr__tanh","polars_expr",TRUE
"polars_then","arcsinh","expr__arcsinh","polars_expr",TRUE
"polars_then","arccosh","expr__arccosh","polars_expr",TRUE
"polars_then","arctanh","expr__arctanh","polars_expr",TRUE
"polars_then","sqrt","expr__sqrt","polars_expr",TRUE
"polars_then","cbrt","expr__cbrt","polars_expr",TRUE
"polars_then","degrees","expr__degrees","polars_expr",TRUE
"polars_then","radians","expr__radians","polars_expr",TRUE
"polars_then","entropy","expr__entropy","polars_expr",TRUE
"polars_then","exp","expr__exp","polars_expr",TRUE
"polars_then","log","expr__log","polars_expr",TRUE
"polars_then","log10","expr__log10","polars_expr",TRUE
"polars_then","log1p","expr__log1p","polars_expr",TRUE
"polars_then","hash","expr__hash","polars_expr",TRUE
"polars_then","mode","expr__mode","polars_expr",TRUE
"polars_then","null_count","expr__null_count","polars_expr",TRUE
"polars_then","pct_change","expr__pct_change","polars_expr",TRUE
"polars_then","peak_max","expr__peak_max","polars_expr",TRUE
"polars_then","peak_min","expr__peak_min","polars_expr",TRUE
"polars_then","rank","expr__rank","polars_expr",TRUE
"polars_then","kurtosis","expr__kurtosis","polars_expr",TRUE
"polars_then","skew","expr__skew","polars_expr",TRUE
"polars_then","hist","expr__hist","polars_expr",TRUE
"polars_then","value_counts","expr__value_counts","polars_expr",TRUE
"polars_then","unique_counts","expr__unique_counts","polars_expr",TRUE
"polars_then","unique","expr__unique","polars_expr",TRUE
"polars_then","sign","expr__sign","polars_expr",TRUE
"polars_then","search_sorted","expr__search_sorted","polars_expr",TRUE
"polars_then","rolling_max","expr__rolling_max","polars_expr",TRUE
"polars_then","rolling_min","expr__rolling_min","polars_expr",TRUE
"polars_then","rolling_mean","expr__rolling_mean","polars_expr",TRUE
"polars_then","rolling_median","expr__rolling_median","polars_expr",TRUE
"polars_then","rolling_sum","expr__rolling_sum","polars_expr",TRUE
"polars_then","rolling_quantile","expr__rolling_quantile","polars_expr",TRUE
"polars_then","rolling_skew","expr__rolling_skew","polars_expr",TRUE
"polars_then","rolling_std","expr__rolling_std","polars_expr",TRUE
"polars_then","rolling_var","expr__rolling_var","polars_expr",TRUE
"polars_then","rolling_rank","expr__rolling_rank","polars_expr",TRUE
"polars_then","rolling_kurtosis","expr__rolling_kurtosis","polars_expr",TRUE
"polars_then","rolling","expr__rolling","polars_expr",TRUE
"polars_then","rolling_max_by","expr__rolling_max_by","polars_expr",TRUE
"polars_then","rolling_min_by","expr__rolling_min_by","polars_expr",TRUE
"polars_then","rolling_mean_by","expr__rolling_mean_by","polars_expr",TRUE
"polars_then","rolling_median_by","expr__rolling_median_by","polars_expr",TRUE
"polars_then","rolling_sum_by","expr__rolling_sum_by","polars_expr",TRUE
"polars_then","rolling_quantile_by","expr__rolling_quantile_by","polars_expr",TRUE
"polars_then","rolling_std_by","expr__rolling_std_by","polars_expr",TRUE
"polars_then","rolling_var_by","expr__rolling_var_by","polars_expr",TRUE
"polars_then","rolling_rank_by","expr__rolling_rank_by","polars_expr",TRUE
"polars_then","ewm_var","expr__ewm_var","polars_expr",TRUE
"polars_then","ewm_std","expr__ewm_std","polars_expr",TRUE
"polars_then","ewm_mean","expr__ewm_mean","polars_expr",TRUE
"polars_then","ewm_mean_by","expr__ewm_mean_by","polars_expr",TRUE
"polars_then","append","expr__append","polars_expr",TRUE
"polars_then","backward_fill","expr__backward_fill","polars_expr",TRUE
"polars_then","forward_fill","expr__forward_fill","polars_expr",TRUE
"polars_then","bottom_k","expr__bottom_k","polars_expr",TRUE
"polars_then","top_k","expr__top_k","polars_expr",TRUE
"polars_then","bottom_k_by","expr__bottom_k_by","polars_expr",TRUE
"polars_then","top_k_by","expr__top_k_by","polars_expr",TRUE
"polars_then","ceil","expr__ceil","polars_expr",TRUE
"polars_then","floor","expr__floor","polars_expr",TRUE
"polars_then","clip","expr__clip","polars_expr",TRUE
"polars_then","drop_nans","expr__drop_nans","polars_expr",TRUE
"polars_then","drop_nulls","expr__drop_nulls","polars_expr",TRUE
"polars_then","explode","expr__explode","polars_expr",TRUE
"polars_then","extend_constant","expr__extend_constant","polars_expr",TRUE
"polars_then","fill_nan","expr__fill_nan","polars_expr",TRUE
"polars_then","fill_null","expr__fill_null","polars_expr",TRUE
"polars_then","gather","expr__gather","polars_expr",TRUE
"polars_then","get","expr__get","polars_expr",TRUE
"polars_then","gather_every","expr__gather_every","polars_expr",TRUE
"polars_then","interpolate","expr__interpolate","polars_expr",TRUE
"polars_then","interpolate_by","expr__interpolate_by","polars_expr",TRUE
"polars_then","limit","expr__limit","polars_expr",TRUE
"polars_then","lower_bound","expr__lower_bound","polars_expr",TRUE
"polars_then","upper_bound","expr__upper_bound","polars_expr",TRUE
"polars_then","cut","expr__cut","polars_expr",TRUE
"polars_then","qcut","expr__qcut","polars_expr",TRUE
"polars_then","bin_intervals","expr__bin_intervals","polars_expr",TRUE
"polars_then","bin_quantiles","expr__bin_quantiles","polars_expr",TRUE
"polars_then","bin_ranks","expr__bin_ranks","polars_expr",TRUE
"polars_then","reinterpret","expr__reinterpret","polars_expr",TRUE
"polars_then","repeat_by","expr__repeat_by","polars_expr",TRUE
"polars_then","replace","expr__replace",".never",TRUE
"polars_then","replace_strict","expr__replace_strict",".never",TRUE
"polars_then","rle","expr__rle","polars_expr",TRUE
"polars_then","rle_id","expr__rle_id","polars_expr",TRUE
"polars_then","sample","expr__sample","polars_expr",TRUE
"polars_then","round","expr__round","polars_expr",TRUE
"polars_then","round_sig_figs","expr__round_sig_figs","polars_expr",TRUE
"polars_then","truncate","expr__truncate","polars_expr",TRUE
"polars_then","shift","expr__shift","polars_expr",TRUE
"polars_then","shuffle","expr__shuffle","polars_expr",TRUE
"polars_then","set_sorted","expr__set_sorted","polars_expr",TRUE
"polars_then","to_physical","expr__to_physical","polars_expr",TRUE
"polars_then","bitwise_count_ones","expr__bitwise_count_ones","polars_expr",TRUE
"polars_then","bitwise_count_zeros","expr__bitwise_count_zeros","polars_expr",TRUE
"polars_then","bitwise_leading_ones","expr__bitwise_leading_ones","polars_expr",TRUE
"polars_then","bitwise_leading_zeros","expr__bitwise_leading_zeros","polars_expr",TRUE
"polars_then","bitwise_trailing_ones","expr__bitwise_trailing_ones","polars_expr",TRUE
"polars_then","bitwise_trailing_zeros","expr__bitwise_trailing_zeros","polars_expr",TRUE
"polars_then","bitwise_and","expr__bitwise_and","polars_expr",TRUE
"polars_then","bitwise_or","expr__bitwise_or","polars_expr",TRUE
"polars_then","bitwise_xor","expr__bitwise_xor","polars_expr",TRUE
"polars_then","index_of","expr__index_of","polars_expr",TRUE
"polars_then","is_close","expr__is_close","polars_expr",TRUE
"polars_then","item","expr__item","polars_expr",TRUE
"polars_then","max_by","expr__max_by","polars_expr",TRUE
"polars_then","min_by","expr__min_by","polars_expr",TRUE
"polars_chained_then","when","chainedthen__when","polars_chained_when",TRUE
"polars_chained_then","otherwise","chainedthen__otherwise","polars_expr",TRUE
"polars_chained_then","add","expr__add","polars_expr",TRUE
"polars_chained_then","sub","expr__sub","polars_expr",TRUE
"polars_chained_then","mul","expr__mul","polars_expr",TRUE
"polars_chained_then","true_div","expr__true_div","polars_expr",TRUE
"polars_chained_then","truediv","expr__truediv","polars_expr",TRUE
"polars_chained_then","pow","expr__pow","polars_expr",TRUE
"polars_chained_then","mod","expr__mod","polars_expr",TRUE
"polars_chained_then","floor_div","expr__floor_div","polars_expr",TRUE
"polars_chained_then","floordiv","expr__floordiv","polars_expr",TRUE
"polars_chained_then","neg","expr__neg","polars_expr",TRUE
"polars_chained_then","eq","expr__eq","polars_expr",TRUE
"polars_chained_then","eq_missing","expr__eq_missing","polars_expr",TRUE
"polars_chained_then","ne","expr__ne","polars_expr",TRUE
"polars_chained_then","ne_missing","expr__ne_missing","polars_expr",TRUE
"polars_chained_then","gt","expr__gt","polars_expr",TRUE
"polars_chained_then","ge","expr__ge","polars_expr",TRUE
"polars_chained_then","le","expr__le","polars_expr",TRUE
"polars_chained_then","lt","expr__lt","polars_expr",TRUE
"polars_chained_then","alias","expr__alias","polars_expr",TRUE
"polars_chained_then","exclude","expr__exclude","polars_expr",TRUE
"polars_chained_then","not","expr__not","polars_expr",TRUE
"polars_chained_then","invert","expr__invert","polars_expr",TRUE
"polars_chained_then","is_null","expr__is_null","polars_expr",TRUE
"polars_chained_then","is_not_null","expr__is_not_null","polars_expr",TRUE
"polars_chained_then","is_infinite","expr__is_infinite","polars_expr",TRUE
"polars_chained_then","is_finite","expr__is_finite","polars_expr",TRUE
"polars_chained_then","is_nan","expr__is_nan","polars_expr",TRUE
"polars_chained_then","is_not_nan","expr__is_not_nan","polars_expr",TRUE
"polars_chained_then","min","expr__min","polars_expr",TRUE
"polars_chained_then","max","expr__max","polars_expr",TRUE
"polars_chained_then","nan_max","expr__nan_max","polars_expr",TRUE
"polars_chained_then","nan_min","expr__nan_min","polars_expr",TRUE
"polars_chained_then","mean","expr__mean","polars_expr",TRUE
"polars_chained_then","median","expr__median","polars_expr",TRUE
"polars_chained_then","sum","expr__sum","polars_expr",TRUE
"polars_chained_then","cast","expr__cast","polars_expr",TRUE
"polars_chained_then","sort","expr__sort","polars_expr",TRUE
"polars_chained_then","arg_sort","expr__arg_sort","polars_expr",TRUE
"polars_chained_then","sort_by","expr__sort_by","polars_expr",TRUE
"polars_chained_then","reverse","expr__reverse","polars_expr",TRUE
"polars_chained_then","slice","expr__slice","polars_expr",TRUE
"polars_chained_then","head","expr__head","polars_expr",TRUE
"polars_chained_then","tail","expr__tail","polars_expr",TRUE
"polars_chained_then","first","expr__first","polars_expr",TRUE
"polars_chained_then","last","expr__last","polars_expr",TRUE
"polars_chained_then","over","expr__over","polars_expr",TRUE
"polars_chained_then","filter","expr__filter","polars_expr",TRUE
"polars_chained_then","map_batches","expr__map_batches","polars_expr",TRUE
"polars_chained_then","and","expr__and","polars_expr",TRUE
"polars_chained_then","or","expr__or","polars_expr",TRUE
"polars_chained_then","xor","expr__xor","polars_expr",TRUE
"polars_chained_then","diff","expr__diff","polars_expr",TRUE
"polars_chained_then","dot","expr__dot","polars_expr",TRUE
"polars_chained_then","reshape","expr__reshape","polars_expr",TRUE
"polars_chained_then","any","expr__any","polars_expr",TRUE
"polars_chained_then","all","expr__all","polars_expr",TRUE
"polars_chained_then","cum_sum","expr__cum_sum","polars_expr",TRUE
"polars_chained_then","cum_prod","expr__cum_prod","polars_expr",TRUE
"polars_chained_then","cum_min","expr__cum_min","polars_expr",TRUE
"polars_chained_then","cum_max","expr__cum_max","polars_expr",TRUE
"polars_chained_then","cum_count","expr__cum_count","polars_expr",TRUE
"polars_chained_then","cumulative_eval","expr__cumulative_eval","polars_expr",TRUE
"polars_chained_then","arg_max","expr__arg_max","polars_expr",TRUE
"polars_chained_then","arg_min","expr__arg_min","polars_expr",TRUE
"polars_chained_then","arg_unique","expr__arg_unique","polars_expr",TRUE
"polars_chained_then","arg_true","expr__arg_true","polars_expr",TRUE
"polars_chained_then","count","expr__count","polars_expr",TRUE
"polars_chained_then","implode","expr__implode","polars_expr",TRUE
"polars_chained_then","len","expr__len","polars_expr",TRUE
"polars_chained_then","product","expr__product","polars_expr",TRUE
"polars_chained_then","quantile","expr__quantile","polars_expr",TRUE
"polars_chained_then","std","expr__std","polars_expr",TRUE
"polars_chained_then","var","expr__var","polars_expr",TRUE
"polars_chained_then","has_nulls","expr__has_nulls","polars_expr",TRUE
"polars_chained_then","is_between","expr__is_between","polars_expr",TRUE
"polars_chained_then","is_duplicated","expr__is_duplicated","polars_expr",TRUE
"polars_chained_then","is_first_distinct","expr__is_first_distinct","polars_expr",TRUE
"polars_chained_then","is_last_distinct","expr__is_last_distinct","polars_expr",TRUE
"polars_chained_then","is_in","expr__is_in","polars_expr",TRUE
"polars_chained_then","is_unique","expr__is_unique","polars_expr",TRUE
"polars_chained_then","abs","expr__abs","polars_expr",TRUE
"polars_chained_then","approx_n_unique","expr__approx_n_unique","polars_expr",TRUE
"polars_chained_then","n_unique","expr__n_unique","polars_expr",TRUE
"polars_chained_then","sin","expr__sin","polars_expr",TRUE
"polars_chained_then","cos","expr__cos","polars_expr",TRUE
"polars_chained_then","cot","expr__cot","polars_expr",TRUE
"polars_chained_then","tan","expr__tan","polars_expr",TRUE
"polars_chained_then","arcsin","expr__arcsin","polars_expr",TRUE
"polars_chained_then","arccos","expr__arccos","polars_expr",TRUE
"polars_chained_then","arctan","expr__arctan","polars_expr",TRUE
"polars_chained_then","sinh","expr__sinh","polars_expr",TRUE
"polars_chained_then","cosh","expr__cosh","polars_expr",TRUE
"polars_chained_then","tanh","expr__tanh","polars_expr",TRUE
"polars_chained_then","arcsinh","expr__arcsinh","polars_expr",TRUE
"polars_chained_then","arccosh","expr__arccosh","polars_expr",TRUE
"polars_chained_then","arctanh","expr__arctanh","polars_expr",TRUE
"polars_chained_then","sqrt","expr__sqrt","polars_expr",TRUE
"polars_chained_then","cbrt","expr__cbrt","polars_expr",TRUE
"polars_chained_then","degrees","expr__degrees","polars_expr",TRUE
"polars_chained_then","radians","expr__radians","polars_expr",TRUE
"polars_chained_then","entropy","expr__entropy","polars_expr",TRUE
"polars_chained_then","exp","expr__exp","polars_expr",TRUE
"polars_chained_then","log","expr__log","polars_expr",TRUE
"polars_chained_then","log10","expr__log10","polars_expr",TRUE
"polars_chained_then","log1p","expr__log1p","polars_expr",TRUE
"polars_chained_then","hash","expr__hash","polars_expr",TRUE
"polars_chained_then","mode","expr__mode","polars_expr",TRUE
"polars_chained_then","null_count","expr__null_count","polars_expr",TRUE
"polars_chained_then","pct_change","expr__pct_change","polars_expr",TRUE
"polars_chained_then","peak_max","expr__peak_max","polars_expr",TRUE
"polars_chained_then","peak_min","expr__peak_min","polars_expr",TRUE
"polars_chained_then","rank","expr__rank","polars_expr",TRUE
"polars_chained_then","kurtosis","expr__kurtosis","polars_expr",TRUE
"polars_chained_then","skew","expr__skew","polars_expr",TRUE
"polars_chained_then","hist","expr__hist","polars_expr",TRUE
"polars_chained_then","value_counts","expr__value_counts","polars_expr",TRUE
"polars_chained_then","unique_counts","expr__unique_counts","polars_expr",TRUE
"polars_chained_then","unique","expr__unique","polars_expr",TRUE
"polars_chained_then","sign","expr__sign","polars_expr",TRUE
"polars_chained_then","search_sorted","expr__search_sorted","polars_expr",TRUE
"polars_chained_then","rolling_max","expr__rolling_max","polars_expr",TRUE
"polars_chained_then","rolling_min","expr__rolling_min","polars_expr",TRUE
"polars_chained_then","rolling_mean","expr__rolling_mean","polars_expr",TRUE
"polars_chained_then","rolling_median","expr__rolling_median","polars_expr",TRUE
"polars_chained_then","rolling_sum","expr__rolling_sum","polars_expr",TRUE
"polars_chained_then","rolling_quantile","expr__rolling_quantile","polars_expr",TRUE
"polars_chained_then","rolling_skew","expr__rolling_skew","polars_expr",TRUE
"polars_chained_then","rolling_std","expr__rolling_std","polars_expr",TRUE
"polars_chained_then","rolling_var","expr__rolling_var","polars_expr",TRUE
"polars_chained_then","rolling_rank","expr__rolling_rank","polars_expr",TRUE
"polars_chained_then","rolling_kurtosis","expr__rolling_kurtosis","polars_expr",TRUE
"polars_chained_then","rolling","expr__rolling","polars_expr",TRUE
"polars_chained_then","rolling_max_by","expr__rolling_max_by","polars_expr",TRUE
"polars_chained_then","rolling_min_by","expr__rolling_min_by","polars_expr",TRUE
"polars_chained_then","rolling_mean_by","expr__rolling_mean_by","polars_expr",TRUE
"polars_chained_then","rolling_median_by","expr__rolling_median_by","polars_expr",TRUE
"polars_chained_then","rolling_sum_by","expr__rolling_sum_by","polars_expr",TRUE
"polars_chained_then","rolling_quantile_by","expr__rolling_quantile_by","polars_expr",TRUE
"polars_chained_then","rolling_std_by","expr__rolling_std_by","polars_expr",TRUE
"polars_chained_then","rolling_var_by","expr__rolling_var_by","polars_expr",TRUE
"polars_chained_then","rolling_rank_by","expr__rolling_rank_by","polars_expr",TRUE
"polars_chained_then","ewm_var","expr__ewm_var","polars_expr",TRUE
"polars_chained_then","ewm_std","expr__ewm_std","polars_expr",TRUE
"polars_chained_then","ewm_mean","expr__ewm_mean","polars_expr",TRUE
"polars_chained_then","ewm_mean_by","expr__ewm_mean_by","polars_expr",TRUE
"polars_chained_then","append","expr__append","polars_expr",TRUE
"polars_chained_then","backward_fill","expr__backward_fill","polars_expr",TRUE
"polars_chained_then","forward_fill","expr__forward_fill","polars_expr",TRUE
"polars_chained_then","bottom_k","expr__bottom_k","polars_expr",TRUE
"polars_chained_then","top_k","expr__top_k","polars_expr",TRUE
"polars_chained_then","bottom_k_by","expr__bottom_k_by","polars_expr",TRUE
"polars_chained_then","top_k_by","expr__top_k_by","polars_expr",TRUE
"polars_chained_then","ceil","expr__ceil","polars_expr",TRUE
"polars_chained_then","floor","expr__floor","polars_expr",TRUE
"polars_chained_then","clip","expr__clip","polars_expr",TRUE
"polars_chained_then","drop_nans","expr__drop_nans","polars_expr",TRUE
"polars_chained_then","drop_nulls","expr__drop_nulls","polars_expr",TRUE
"polars_chained_then","explode","expr__explode","polars_expr",TRUE
"polars_chained_then","extend_constant","expr__extend_constant","polars_expr",TRUE
"polars_chained_then","fill_nan","expr__fill_nan","polars_expr",TRUE
"polars_chained_then","fill_null","expr__fill_null","polars_expr",TRUE
"polars_chained_then","gather","expr__gather","polars_expr",TRUE
"polars_chained_then","get","expr__get","polars_expr",TRUE
"polars_chained_then","gather_every","expr__gather_every","polars_expr",TRUE
"polars_chained_then","interpolate","expr__interpolate","polars_expr",TRUE
"polars_chained_then","interpolate_by","expr__interpolate_by","polars_expr",TRUE
"polars_chained_then","limit","expr__limit","polars_expr",TRUE
"polars_chained_then","lower_bound","expr__lower_bound","polars_expr",TRUE
"polars_chained_then","upper_bound","expr__upper_bound","polars_expr",TRUE
"polars_chained_then","cut","expr__cut","polars_expr",TRUE
"polars_chained_then","qcut","expr__qcut","polars_expr",TRUE
"polars_chained_then","bin_intervals","expr__bin_intervals","polars_expr",TRUE
"polars_chained_then","bin_quantiles","expr__bin_quantiles","polars_expr",TRUE
"polars_chained_then","bin_ranks","expr__bin_ranks","polars_expr",TRUE
"polars_chained_then","reinterpret","expr__reinterpret","polars_expr",TRUE
"polars_chained_then","repeat_by","expr__repeat_by","polars_expr",TRUE
"polars_chained_then","replace","expr__replace",".never",TRUE
"polars_chained_then","replace_strict","expr__replace_strict",".never",TRUE
"polars_chained_then","rle","expr__rle","polars_expr",TRUE
"polars_chained_then","rle_id","expr__rle_id","polars_expr",TRUE
"polars_chained_then","sample","expr__sample","polars_expr",TRUE
"polars_chained_then","round","expr__round","polars_expr",TRUE
"polars_chained_then","round_sig_figs","expr__round_sig_figs","polars_expr",TRUE
"polars_chained_then","truncate","expr__truncate","polars_expr",TRUE
"polars_chained_then","shift","expr__shift","polars_expr",TRUE
"polars_chained_then","shuffle","expr__shuffle","polars_expr",TRUE
"polars_chained_then","set_sorted","expr__set_sorted","polars_expr",TRUE
"polars_chained_then","to_physical","expr__to_physical","polars_expr",TRUE
"polars_chained_then","bitwise_count_ones","expr__bitwise_count_ones","polars_expr",TRUE
"polars_chained_then","bitwise_count_zeros","expr__bitwise_count_zeros","polars_expr",TRUE
"polars_chained_then","bitwise_leading_ones","expr__bitwise_leading_ones","polars_expr",TRUE
"polars_chained_then","bitwise_leading_zeros","expr__bitwise_leading_zeros","polars_expr",TRUE
"polars_chained_then","bitwise_trailing_ones","expr__bitwise_trailing_ones","polars_expr",TRUE
"polars_chained_then","bitwise_trailing_zeros","expr__bitwise_trailing_zeros","polars_expr",TRUE
"polars_chained_then","bitwise_and","expr__bitwise_and","polars_expr",TRUE
"polars_chained_then","bitwise_or","expr__bitwise_or","polars_expr",TRUE
"polars_chained_then","bitwise_xor","expr__bitwise_xor","polars_expr",TRUE
"polars_chained_then","index_of","expr__index_of","polars_expr",TRUE
"polars_chained_then","is_close","expr__is_close","polars_expr",TRUE
"polars_chained_then","item","expr__item","polars_expr",TRUE
"polars_chained_then","max_by","expr__max_by","polars_expr",TRUE
"polars_chained_then","min_by","expr__min_by","polars_expr",TRUE
"polars_namespace_series_arr","sum",".delegated:polars_namespace_series_arr:sum","polars_series",TRUE
"polars_namespace_series_arr","max",".delegated:polars_namespace_series_arr:max","polars_series",TRUE
"polars_namespace_series_arr","min",".delegated:polars_namespace_series_arr:min","polars_series",TRUE
"polars_namespace_series_arr","median",".delegated:polars_namespace_series_arr:median","polars_series",TRUE
"polars_namespace_series_arr","std",".delegated:polars_namespace_series_arr:std","polars_series",TRUE
"polars_namespace_series_arr","var",".delegated:polars_namespace_series_arr:var","polars_series",TRUE
"polars_namespace_series_arr","sort",".delegated:polars_namespace_series_arr:sort","polars_series",TRUE
"polars_namespace_series_arr","dot",".delegated:polars_namespace_series_arr:dot","polars_series",TRUE
"polars_namespace_series_arr","reverse",".delegated:polars_namespace_series_arr:reverse","polars_series",TRUE
"polars_namespace_series_arr","unique",".delegated:polars_namespace_series_arr:unique","polars_series",TRUE
"polars_namespace_series_arr","get",".delegated:polars_namespace_series_arr:get","polars_series",TRUE
"polars_namespace_series_arr","contains",".delegated:polars_namespace_series_arr:contains","polars_series",TRUE
"polars_namespace_series_arr","join",".delegated:polars_namespace_series_arr:join","polars_series",TRUE
"polars_namespace_series_arr","arg_min",".delegated:polars_namespace_series_arr:arg_min","polars_series",TRUE
"polars_namespace_series_arr","arg_max",".delegated:polars_namespace_series_arr:arg_max","polars_series",TRUE
"polars_namespace_series_arr","all",".delegated:polars_namespace_series_arr:all","polars_series",TRUE
"polars_namespace_series_arr","any",".delegated:polars_namespace_series_arr:any","polars_series",TRUE
"polars_namespace_series_arr","shift",".delegated:polars_namespace_series_arr:shift","polars_series",TRUE
"polars_namespace_series_arr","to_list",".delegated:polars_namespace_series_arr:to_list","polars_series",TRUE
"polars_namespace_series_arr","to_struct",".delegated:polars_namespace_series_arr:to_struct","polars_series",TRUE
"polars_namespace_series_arr","count_matches",".delegated:polars_namespace_series_arr:count_matches","polars_series",TRUE
"polars_namespace_series_arr","first",".delegated:polars_namespace_series_arr:first","polars_series",TRUE
"polars_namespace_series_arr","last",".delegated:polars_namespace_series_arr:last","polars_series",TRUE
"polars_namespace_series_arr","n_unique",".delegated:polars_namespace_series_arr:n_unique","polars_series",TRUE
"polars_namespace_series_arr","len",".delegated:polars_namespace_series_arr:len","polars_series",TRUE
"polars_namespace_series_arr","eval",".delegated:polars_namespace_series_arr:eval","polars_series",TRUE
"polars_namespace_series_arr","agg",".delegated:polars_namespace_series_arr:agg","polars_series",TRUE
"polars_namespace_series_arr","explode",".delegated:polars_namespace_series_arr:explode","polars_series",TRUE
"polars_namespace_series_bin","contains",".delegated:polars_namespace_series_bin:contains","polars_series",TRUE
"polars_namespace_series_bin","ends_with",".delegated:polars_namespace_series_bin:ends_with","polars_series",TRUE
"polars_namespace_series_bin","starts_with",".delegated:polars_namespace_series_bin:starts_with","polars_series",TRUE
"polars_namespace_series_bin","decode",".delegated:polars_namespace_series_bin:decode","polars_series",TRUE
"polars_namespace_series_bin","encode",".delegated:polars_namespace_series_bin:encode","polars_series",TRUE
"polars_namespace_series_bin","size",".delegated:polars_namespace_series_bin:size","polars_series",TRUE
"polars_namespace_series_bin","reinterpret",".delegated:polars_namespace_series_bin:reinterpret","polars_series",TRUE
"polars_namespace_series_bin","get",".delegated:polars_namespace_series_bin:get","polars_series",TRUE
"polars_namespace_series_cat","to",".delegated:polars_namespace_series_cat:to","polars_series",TRUE
"polars_namespace_series_cat","physical",".delegated:polars_namespace_series_cat:physical","polars_series",TRUE
"polars_namespace_series_dt","convert_time_zone",".delegated:polars_namespace_series_dt:convert_time_zone","polars_series",TRUE
"polars_namespace_series_dt","replace_time_zone",".delegated:polars_namespace_series_dt:replace_time_zone","polars_series",TRUE
"polars_namespace_series_dt","truncate",".delegated:polars_namespace_series_dt:truncate","polars_series",TRUE
"polars_namespace_series_dt","round",".delegated:polars_namespace_series_dt:round","polars_series",TRUE
"polars_namespace_series_dt","combine",".delegated:polars_namespace_series_dt:combine","polars_series",TRUE
"polars_namespace_series_dt","to_string",".delegated:polars_namespace_series_dt:to_string","polars_series",TRUE
"polars_namespace_series_dt","strftime",".delegated:polars_namespace_series_dt:strftime","polars_series",TRUE
"polars_namespace_series_dt","millennium",".delegated:polars_namespace_series_dt:millennium","polars_series",TRUE
"polars_namespace_series_dt","year",".delegated:polars_namespace_series_dt:year","polars_series",TRUE
"polars_namespace_series_dt","iso_year",".delegated:polars_namespace_series_dt:iso_year","polars_series",TRUE
"polars_namespace_series_dt","quarter",".delegated:polars_namespace_series_dt:quarter","polars_series",TRUE
"polars_namespace_series_dt","month",".delegated:polars_namespace_series_dt:month","polars_series",TRUE
"polars_namespace_series_dt","week",".delegated:polars_namespace_series_dt:week","polars_series",TRUE
"polars_namespace_series_dt","weekday",".delegated:polars_namespace_series_dt:weekday","polars_series",TRUE
"polars_namespace_series_dt","day",".delegated:polars_namespace_series_dt:day","polars_series",TRUE
"polars_namespace_series_dt","ordinal_day",".delegated:polars_namespace_series_dt:ordinal_day","polars_series",TRUE
"polars_namespace_series_dt","hour",".delegated:polars_namespace_series_dt:hour","polars_series",TRUE
"polars_namespace_series_dt","minute",".delegated:polars_namespace_series_dt:minute","polars_series",TRUE
"polars_namespace_series_dt","second",".delegated:polars_namespace_series_dt:second","polars_series",TRUE
"polars_namespace_series_dt","millisecond",".delegated:polars_namespace_series_dt:millisecond","polars_series",TRUE
"polars_namespace_series_dt","microsecond",".delegated:polars_namespace_series_dt:microsecond","polars_series",TRUE
"polars_namespace_series_dt","nanosecond",".delegated:polars_namespace_series_dt:nanosecond","polars_series",TRUE
"polars_namespace_series_dt","epoch",".delegated:polars_namespace_series_dt:epoch","polars_series",TRUE
"polars_namespace_series_dt","timestamp",".delegated:polars_namespace_series_dt:timestamp","polars_series",TRUE
"polars_namespace_series_dt","cast_time_unit",".delegated:polars_namespace_series_dt:cast_time_unit","polars_series",TRUE
"polars_namespace_series_dt","total_days",".delegated:polars_namespace_series_dt:total_days","polars_series",TRUE
"polars_namespace_series_dt","total_hours",".delegated:polars_namespace_series_dt:total_hours","polars_series",TRUE
"polars_namespace_series_dt","total_minutes",".delegated:polars_namespace_series_dt:total_minutes","polars_series",TRUE
"polars_namespace_series_dt","total_seconds",".delegated:polars_namespace_series_dt:total_seconds","polars_series",TRUE
"polars_namespace_series_dt","total_milliseconds",".delegated:polars_namespace_series_dt:total_milliseconds","polars_series",TRUE
"polars_namespace_series_dt","total_microseconds",".delegated:polars_namespace_series_dt:total_microseconds","polars_series",TRUE
"polars_namespace_series_dt","total_nanoseconds",".delegated:polars_namespace_series_dt:total_nanoseconds","polars_series",TRUE
"polars_namespace_series_dt","offset_by",".delegated:polars_namespace_series_dt:offset_by","polars_series",TRUE
"polars_namespace_series_dt","time",".delegated:polars_namespace_series_dt:time","polars_series",TRUE
"polars_namespace_series_dt","is_leap_year",".delegated:polars_namespace_series_dt:is_leap_year","polars_series",TRUE
"polars_namespace_series_dt","dst_offset",".delegated:polars_namespace_series_dt:dst_offset","polars_series",TRUE
"polars_namespace_series_dt","base_utc_offset",".delegated:polars_namespace_series_dt:base_utc_offset","polars_series",TRUE
"polars_namespace_series_dt","month_start",".delegated:polars_namespace_series_dt:month_start","polars_series",TRUE
"polars_namespace_series_dt","month_end",".delegated:polars_namespace_series_dt:month_end","polars_series",TRUE
"polars_namespace_series_dt","century",".delegated:polars_namespace_series_dt:century","polars_series",TRUE
"polars_namespace_series_dt","date",".delegated:polars_namespace_series_dt:date","polars_series",TRUE
"polars_namespace_series_dt","add_business_days",".delegated:polars_namespace_series_dt:add_business_days","polars_series",TRUE
"polars_namespace_series_dt","replace",".delegated:polars_namespace_series_dt:replace","polars_series",TRUE
"polars_namespace_series_dt","days_in_month",".delegated:polars_namespace_series_dt:days_in_month","polars_series",TRUE
"polars_namespace_series_list","to_struct","series_list_to_struct","polars_series",TRUE
"polars_namespace_series_list","len",".delegated:polars_namespace_series_list:len","polars_series",TRUE
"polars_namespace_series_list","sum",".delegated:polars_namespace_series_list:sum","polars_series",TRUE
"polars_namespace_series_list","max",".delegated:polars_namespace_series_list:max","polars_series",TRUE
"polars_namespace_series_list","min",".delegated:polars_namespace_series_list:min","polars_series",TRUE
"polars_namespace_series_list","mean",".delegated:polars_namespace_series_list:mean","polars_series",TRUE
"polars_namespace_series_list","sort",".delegated:polars_namespace_series_list:sort","polars_series",TRUE
"polars_namespace_series_list","reverse",".delegated:polars_namespace_series_list:reverse","polars_series",TRUE
"polars_namespace_series_list","unique",".delegated:polars_namespace_series_list:unique","polars_series",TRUE
"polars_namespace_series_list","n_unique",".delegated:polars_namespace_series_list:n_unique","polars_series",TRUE
"polars_namespace_series_list","concat",".delegated:polars_namespace_series_list:concat","polars_series",TRUE
"polars_namespace_series_list","get",".delegated:polars_namespace_series_list:get","polars_series",TRUE
"polars_namespace_series_list","gather",".delegated:polars_namespace_series_list:gather","polars_series",TRUE
"polars_namespace_series_list","gather_every",".delegated:polars_namespace_series_list:gather_every","polars_series",TRUE
"polars_namespace_series_list","first",".delegated:polars_namespace_series_list:first","polars_series",TRUE
"polars_namespace_series_list","last",".delegated:polars_namespace_series_list:last","polars_series",TRUE
"polars_namespace_series_list","contains",".delegated:polars_namespace_series_list:contains","polars_series",TRUE
"polars_namespace_series_list","join",".delegated:polars_namespace_series_list:join","polars_series",TRUE
"polars_namespace_series_list","arg_min",".delegated:polars_namespace_series_list:arg_min","polars_series",TRUE
"polars_namespace_series_list","arg_max",".delegated:polars_namespace_series_list:arg_max","polars_series",TRUE
"polars_namespace_series_list","diff",".delegated:polars_namespace_series_list:diff","polars_series",TRUE
"polars_namespace_series_list","shift",".delegated:polars_namespace_series_list:shift","polars_series",TRUE
"polars_namespace_series_list","slice",".delegated:polars_namespace_series_list:slice","polars_series",TRUE
"polars_namespace_series_list","head",".delegated:polars_namespace_series_list:head","polars_series",TRUE
"polars_namespace_series_list","tail",".delegated:polars_namespace_series_list:tail","polars_series",TRUE
"polars_namespace_series_list","eval",".delegated:polars_namespace_series_list:eval","polars_series",TRUE
"polars_namespace_series_list","all",".delegated:polars_namespace_series_list:all","polars_series",TRUE
"polars_namespace_series_list","any",".delegated:polars_namespace_series_list:any","polars_series",TRUE
"polars_namespace_series_list","set_union",".delegated:polars_namespace_series_list:set_union","polars_series",TRUE
"polars_namespace_series_list","set_intersection",".delegated:polars_namespace_series_list:set_intersection","polars_series",TRUE
"polars_namespace_series_list","set_difference",".delegated:polars_namespace_series_list:set_difference","polars_series",TRUE
"polars_namespace_series_list","set_symmetric_difference",".delegated:polars_namespace_series_list:set_symmetric_difference","polars_series",TRUE
"polars_namespace_series_list","explode",".delegated:polars_namespace_series_list:explode","polars_series",TRUE
"polars_namespace_series_list","sample",".delegated:polars_namespace_series_list:sample","polars_series",TRUE
"polars_namespace_series_list","std",".delegated:polars_namespace_series_list:std","polars_series",TRUE
"polars_namespace_series_list","var",".delegated:polars_namespace_series_list:var","polars_series",TRUE
"polars_namespace_series_list","median",".delegated:polars_namespace_series_list:median","polars_series",TRUE
"polars_namespace_series_list","to_array",".delegated:polars_namespace_series_list:to_array","polars_series",TRUE
"polars_namespace_series_list","drop_nulls",".delegated:polars_namespace_series_list:drop_nulls","polars_series",TRUE
"polars_namespace_series_list","count_matches",".delegated:polars_namespace_series_list:count_matches","polars_series",TRUE
"polars_namespace_series_list","agg",".delegated:polars_namespace_series_list:agg","polars_series",TRUE
"polars_namespace_series_str","to_datetime","series_str_to_datetime","polars_series",TRUE
"polars_namespace_series_str","strptime","series_str_strptime","polars_series",TRUE
"polars_namespace_series_str","to_decimal","series_str_to_decimal","polars_series",TRUE
"polars_namespace_series_str","json_decode","series_str_json_decode","polars_series",TRUE
"polars_namespace_series_str","to_date",".delegated:polars_namespace_series_str:to_date","polars_series",TRUE
"polars_namespace_series_str","to_time",".delegated:polars_namespace_series_str:to_time","polars_series",TRUE
"polars_namespace_series_str","len_bytes",".delegated:polars_namespace_series_str:len_bytes","polars_series",TRUE
"polars_namespace_series_str","len_chars",".delegated:polars_namespace_series_str:len_chars","polars_series",TRUE
"polars_namespace_series_str","join",".delegated:polars_namespace_series_str:join","polars_series",TRUE
"polars_namespace_series_str","to_uppercase",".delegated:polars_namespace_series_str:to_uppercase","polars_series",TRUE
"polars_namespace_series_str","to_lowercase",".delegated:polars_namespace_series_str:to_lowercase","polars_series",TRUE
"polars_namespace_series_str","to_titlecase",".delegated:polars_namespace_series_str:to_titlecase","polars_series",TRUE
"polars_namespace_series_str","strip_chars",".delegated:polars_namespace_series_str:strip_chars","polars_series",TRUE
"polars_namespace_series_str","strip_chars_start",".delegated:polars_namespace_series_str:strip_chars_start","polars_series",TRUE
"polars_namespace_series_str","strip_chars_end",".delegated:polars_namespace_series_str:strip_chars_end","polars_series",TRUE
"polars_namespace_series_str","strip_prefix",".delegated:polars_namespace_series_str:strip_prefix","polars_series",TRUE
"polars_namespace_series_str","strip_suffix",".delegated:polars_namespace_series_str:strip_suffix","polars_series",TRUE
"polars_namespace_series_str","zfill",".delegated:polars_namespace_series_str:zfill","polars_series",TRUE
"polars_namespace_series_str","pad_end",".delegated:polars_namespace_series_str:pad_end","polars_series",TRUE
"polars_namespace_series_str","pad_start",".delegated:polars_namespace_series_str:pad_start","polars_series",TRUE
"polars_namespace_series_str","contains",".delegated:polars_namespace_series_str:contains","polars_series",TRUE
"polars_namespace_series_str","ends_with",".delegated:polars_namespace_series_str:ends_with","polars_series",TRUE
"polars_namespace_series_str","starts_with",".delegated:polars_namespace_series_str:starts_with","polars_series",TRUE
"polars_namespace_series_str","json_path_match",".delegated:polars_namespace_series_str:json_path_match","polars_series",TRUE
"polars_namespace_series_str","decode",".delegated:polars_namespace_series_str:decode","polars_series",TRUE
"polars_namespace_series_str","encode",".delegated:polars_namespace_series_str:encode","polars_series",TRUE
"polars_namespace_series_str","extract",".delegated:polars_namespace_series_str:extract","polars_series",TRUE
"polars_namespace_series_str","extract_all",".delegated:polars_namespace_series_str:extract_all","polars_series",TRUE
"polars_namespace_series_str","count_matches",".delegated:polars_namespace_series_str:count_matches","polars_series",TRUE
"polars_namespace_series_str","split",".delegated:polars_namespace_series_str:split","polars_series",TRUE
"polars_namespace_series_str","split_exact",".delegated:polars_namespace_series_str:split_exact","polars_series",TRUE
"polars_namespace_series_str","splitn",".delegated:polars_namespace_series_str:splitn","polars_series",TRUE
"polars_namespace_series_str","replace",".delegated:polars_namespace_series_str:replace","polars_series",TRUE
"polars_namespace_series_str","replace_all",".delegated:polars_namespace_series_str:replace_all","polars_series",TRUE
"polars_namespace_series_str","slice",".delegated:polars_namespace_series_str:slice","polars_series",TRUE
"polars_namespace_series_str","to_integer",".delegated:polars_namespace_series_str:to_integer","polars_series",TRUE
"polars_namespace_series_str","reverse",".delegated:polars_namespace_series_str:reverse","polars_series",TRUE
"polars_namespace_series_str","contains_any",".delegated:polars_namespace_series_str:contains_any","polars_series",TRUE
"polars_namespace_series_str","replace_many",".delegated:polars_namespace_series_str:replace_many","polars_series",TRUE
"polars_namespace_series_str","extract_groups",".delegated:polars_namespace_series_str:extract_groups","polars_series",TRUE
"polars_namespace_series_str","find",".delegated:polars_namespace_series_str:find","polars_series",TRUE
"polars_namespace_series_str","find_many",".delegated:polars_namespace_series_str:find_many","polars_series",TRUE
"polars_namespace_series_str","head",".delegated:polars_namespace_series_str:head","polars_series",TRUE
"polars_namespace_series_str","tail",".delegated:polars_namespace_series_str:tail","polars_series",TRUE
"polars_namespace_series_str","extract_many",".delegated:polars_namespace_series_str:extract_many","polars_series",TRUE
"polars_namespace_series_str","normalize",".delegated:polars_namespace_series_str:normalize","polars_series",TRUE
"polars_namespace_series_str","escape_regex",".delegated:polars_namespace_series_str:escape_regex","polars_series",TRUE
"polars_namespace_series_struct","unnest","series_struct_unnest","polars_data_frame",TRUE
"polars_namespace_series_struct","field_by_index",".delegated:polars_namespace_series_struct:field_by_index","polars_series",TRUE
"polars_namespace_series_struct","field",".delegated:polars_namespace_series_struct:field","polars_series",TRUE
"polars_namespace_series_struct","rename_fields",".delegated:polars_namespace_series_struct:rename_fields","polars_series",TRUE
"polars_namespace_series_struct","drop",".delegated:polars_namespace_series_struct:drop","polars_series",TRUE
"polars_namespace_series_struct","json_encode",".delegated:polars_namespace_series_struct:json_encode","polars_series",TRUE
"polars_namespace_series_struct","with_fields",".delegated:polars_namespace_series_struct:with_fields","polars_series",TRUE
"polars_series","eq","series__eq","polars_series",TRUE
"polars_series","eq_missing","series__eq_missing","polars_series",TRUE
"polars_series","neq","series__neq","polars_series",TRUE
"polars_series","neq_missing","series__neq_missing","polars_series",TRUE
"polars_series","gt","series__gt","polars_series",TRUE
"polars_series","gt_eq","series__gt_eq","polars_series",TRUE
"polars_series","lt","series__lt","polars_series",TRUE
"polars_series","lt_eq","series__lt_eq","polars_series",TRUE
"polars_series","add","series__add","polars_series",TRUE
"polars_series","sub","series__sub","polars_series",TRUE
"polars_series","true_div","series__true_div","polars_series",TRUE
"polars_series","mul","series__mul","polars_series",TRUE
"polars_series","mod","series__mod","polars_series",TRUE
"polars_series","serialize","series__serialize","",FALSE
"polars_series","clone","series__clone","polars_series",TRUE
"polars_series","alias","series__alias","polars_series",TRUE
"polars_series","rename","series__rename","polars_series",TRUE
"polars_series","slice","series__slice","polars_series",TRUE
"polars_series","equals","series__equals","",FALSE
"polars_series","cast","series__cast","polars_series",TRUE
"polars_series","reshape","series__reshape","polars_series",TRUE
"polars_series","to_frame","series__to_frame","polars_data_frame",TRUE
"polars_series","len","series__len","",FALSE
"polars_series","n_chunks","series__n_chunks","",FALSE
"polars_series","chunk_lengths","series__chunk_lengths","",FALSE
"polars_series","rechunk","series__rechunk","polars_series",TRUE
"polars_series","is_empty","series__is_empty","",FALSE
"polars_series","shrink_dtype","series__shrink_dtype","polars_series",TRUE
"polars_series","to_r_vector","series__to_r_vector","",FALSE
"polars_series","truediv",".delegated:polars_series:truediv","polars_series",TRUE
"polars_series","pow",".delegated:polars_series:pow","polars_series",TRUE
"polars_series","floor_div",".delegated:polars_series:floor_div","polars_series",TRUE
"polars_series","floordiv",".delegated:polars_series:floordiv","polars_series",TRUE
"polars_series","neg",".delegated:polars_series:neg","polars_series",TRUE
"polars_series","ne",".delegated:polars_series:ne","polars_series",TRUE
"polars_series","ne_missing",".delegated:polars_series:ne_missing","polars_series",TRUE
"polars_series","ge",".delegated:polars_series:ge","polars_series",TRUE
"polars_series","le",".delegated:polars_series:le","polars_series",TRUE
"polars_series","not",".delegated:polars_series:not","polars_series",TRUE
"polars_series","invert",".delegated:polars_series:invert","polars_series",TRUE
"polars_series","is_null",".delegated:polars_series:is_null","polars_series",TRUE
"polars_series","is_not_null",".delegated:polars_series:is_not_null","polars_series",TRUE
"polars_series","is_infinite",".delegated:polars_series:is_infinite","polars_series",TRUE
"polars_series","is_finite",".delegated:polars_series:is_finite","polars_series",TRUE
"polars_series","is_nan",".delegated:polars_series:is_nan","polars_series",TRUE
"polars_series","is_not_nan",".delegated:polars_series:is_not_nan","polars_series",TRUE
"polars_series","min",".delegated:polars_series:min","polars_series",TRUE
"polars_series","max",".delegated:polars_series:max","polars_series",TRUE
"polars_series","nan_max",".delegated:polars_series:nan_max","polars_series",TRUE
"polars_series","nan_min",".delegated:polars_series:nan_min","polars_series",TRUE
"polars_series","mean",".delegated:polars_series:mean","polars_series",TRUE
"polars_series","median",".delegated:polars_series:median","polars_series",TRUE
"polars_series","sum",".delegated:polars_series:sum","polars_series",TRUE
"polars_series","sort",".delegated:polars_series:sort","polars_series",TRUE
"polars_series","arg_sort",".delegated:polars_series:arg_sort","polars_series",TRUE
"polars_series","sort_by",".delegated:polars_series:sort_by","polars_series",TRUE
"polars_series","reverse",".delegated:polars_series:reverse","polars_series",TRUE
"polars_series","head",".delegated:polars_series:head","polars_series",TRUE
"polars_series","tail",".delegated:polars_series:tail","polars_series",TRUE
"polars_series","first",".delegated:polars_series:first","polars_series",TRUE
"polars_series","last",".delegated:polars_series:last","polars_series",TRUE
"polars_series","filter",".delegated:polars_series:filter","polars_series",TRUE
"polars_series","map_batches",".delegated:polars_series:map_batches","polars_series",TRUE
"polars_series","and",".delegated:polars_series:and","polars_series",TRUE
"polars_series","or",".delegated:polars_series:or","polars_series",TRUE
"polars_series","xor",".delegated:polars_series:xor","polars_series",TRUE
"polars_series","diff",".delegated:polars_series:diff","polars_series",TRUE
"polars_series","dot",".delegated:polars_series:dot","polars_series",TRUE
"polars_series","any",".delegated:polars_series:any","polars_series",TRUE
"polars_series","all",".delegated:polars_series:all","polars_series",TRUE
"polars_series","cum_sum",".delegated:polars_series:cum_sum","polars_series",TRUE
"polars_series","cum_prod",".delegated:polars_series:cum_prod","polars_series",TRUE
"polars_series","cum_min",".delegated:polars_series:cum_min","polars_series",TRUE
"polars_series","cum_max",".delegated:polars_series:cum_max","polars_series",TRUE
"polars_series","cum_count",".delegated:polars_series:cum_count","polars_series",TRUE
"polars_series","cumulative_eval",".delegated:polars_series:cumulative_eval","polars_series",TRUE
"polars_series","arg_max",".delegated:polars_series:arg_max","polars_series",TRUE
"polars_series","arg_min",".delegated:polars_series:arg_min","polars_series",TRUE
"polars_series","arg_unique",".delegated:polars_series:arg_unique","polars_series",TRUE
"polars_series","arg_true",".delegated:polars_series:arg_true","polars_series",TRUE
"polars_series","count",".delegated:polars_series:count","polars_series",TRUE
"polars_series","implode",".delegated:polars_series:implode","polars_series",TRUE
"polars_series","product",".delegated:polars_series:product","polars_series",TRUE
"polars_series","quantile",".delegated:polars_series:quantile","polars_series",TRUE
"polars_series","std",".delegated:polars_series:std","polars_series",TRUE
"polars_series","var",".delegated:polars_series:var","polars_series",TRUE
"polars_series","has_nulls",".delegated:polars_series:has_nulls","polars_series",TRUE
"polars_series","is_between",".delegated:polars_series:is_between","polars_series",TRUE
"polars_series","is_duplicated",".delegated:polars_series:is_duplicated","polars_series",TRUE
"polars_series","is_first_distinct",".delegated:polars_series:is_first_distinct","polars_series",TRUE
"polars_series","is_last_distinct",".delegated:polars_series:is_last_distinct","polars_series",TRUE
"polars_series","is_in",".delegated:polars_series:is_in","polars_series",TRUE
"polars_series","is_unique",".delegated:polars_series:is_unique","polars_series",TRUE
"polars_series","abs",".delegated:polars_series:abs","polars_series",TRUE
"polars_series","approx_n_unique",".delegated:polars_series:approx_n_unique","polars_series",TRUE
"polars_series","n_unique",".delegated:polars_series:n_unique","polars_series",TRUE
"polars_series","sin",".delegated:polars_series:sin","polars_series",TRUE
"polars_series","cos",".delegated:polars_series:cos","polars_series",TRUE
"polars_series","cot",".delegated:polars_series:cot","polars_series",TRUE
"polars_series","tan",".delegated:polars_series:tan","polars_series",TRUE
"polars_series","arcsin",".delegated:polars_series:arcsin","polars_series",TRUE
"polars_series","arccos",".delegated:polars_series:arccos","polars_series",TRUE
"polars_series","arctan",".delegated:polars_series:arctan","polars_series",TRUE
"polars_series","sinh",".delegated:polars_series:sinh","polars_series",TRUE
"polars_series","cosh",".delegated:polars_series:cosh","polars_series",TRUE
"polars_series","tanh",".delegated:polars_series:tanh","polars_series",TRUE
"polars_series","arcsinh",".delegated:polars_series:arcsinh","polars_series",TRUE
"polars_series","arccosh",".delegated:polars_series:arccosh","polars_series",TRUE
"polars_series","arctanh",".delegated:polars_series:arctanh","polars_series",TRUE
"polars_series","sqrt",".delegated:polars_series:sqrt","polars_series",TRUE
"polars_series","cbrt",".delegated:polars_series:cbrt","polars_series",TRUE
"polars_series","degrees",".delegated:polars_series:degrees","polars_series",TRUE
"polars_series","radians",".delegated:polars_series:radians","polars_series",TRUE
"polars_series","entropy",".delegated:polars_series:entropy","polars_series",TRUE
"polars_series","exp",".delegated:polars_series:exp","polars_series",TRUE
"polars_series","log",".delegated:polars_series:log","polars_series",TRUE
"polars_series","log10",".delegated:polars_series:log10","polars_series",TRUE
"polars_series","log1p",".delegated:polars_series:log1p","polars_series",TRUE
"polars_series","hash",".delegated:polars_series:hash","polars_series",TRUE
"polars_series","mode",".delegated:polars_series:mode","polars_series",TRUE
"polars_series","null_count",".delegated:polars_series:null_count","polars_series",TRUE
"polars_series","pct_change",".delegated:polars_series:pct_change","polars_series",TRUE
"polars_series","peak_max",".delegated:polars_series:peak_max","polars_series",TRUE
"polars_series","peak_min",".delegated:polars_series:peak_min","polars_series",TRUE
"polars_series","rank",".delegated:polars_series:rank","polars_series",TRUE
"polars_series","kurtosis",".delegated:polars_series:kurtosis","polars_series",TRUE
"polars_series","skew",".delegated:polars_series:skew","polars_series",TRUE
"polars_series","hist",".delegated:polars_series:hist","polars_series",TRUE
"polars_series","value_counts",".delegated:polars_series:value_counts","polars_series",TRUE
"polars_series","unique_counts",".delegated:polars_series:unique_counts","polars_series",TRUE
"polars_series","unique",".delegated:polars_series:unique","polars_series",TRUE
"polars_series","sign",".delegated:polars_series:sign","polars_series",TRUE
"polars_series","search_sorted",".delegated:polars_series:search_sorted","polars_series",TRUE
"polars_series","rolling_max",".delegated:polars_series:rolling_max","polars_series",TRUE
"polars_series","rolling_min",".delegated:polars_series:rolling_min","polars_series",TRUE
"polars_series","rolling_mean",".delegated:polars_series:rolling_mean","polars_series",TRUE
"polars_series","rolling_median",".delegated:polars_series:rolling_median","polars_series",TRUE
"polars_series","rolling_sum",".delegated:polars_series:rolling_sum","polars_series",TRUE
"polars_series","rolling_quantile",".delegated:polars_series:rolling_quantile","polars_series",TRUE
"polars_series","rolling_skew",".delegated:polars_series:rolling_skew","polars_series",TRUE
"polars_series","rolling_std",".delegated:polars_series:rolling_std","polars_series",TRUE
"polars_series","rolling_var",".delegated:polars_series:rolling_var","polars_series",TRUE
"polars_series","rolling_rank",".delegated:polars_series:rolling_rank","polars_series",TRUE
"polars_series","rolling_kurtosis",".delegated:polars_series:rolling_kurtosis","polars_series",TRUE
"polars_series","rolling_max_by",".delegated:polars_series:rolling_max_by","polars_series",TRUE
"polars_series","rolling_min_by",".delegated:polars_series:rolling_min_by","polars_series",TRUE
"polars_series","rolling_mean_by",".delegated:polars_series:rolling_mean_by","polars_series",TRUE
"polars_series","rolling_median_by",".delegated:polars_series:rolling_median_by","polars_series",TRUE
"polars_series","rolling_sum_by",".delegated:polars_series:rolling_sum_by","polars_series",TRUE
"polars_series","rolling_quantile_by",".delegated:polars_series:rolling_quantile_by","polars_series",TRUE
"polars_series","rolling_std_by",".delegated:polars_series:rolling_std_by","polars_series",TRUE
"polars_series","rolling_var_by",".delegated:polars_series:rolling_var_by","polars_series",TRUE
"polars_series","rolling_rank_by",".delegated:polars_series:rolling_rank_by","polars_series",TRUE
"polars_series","ewm_var",".delegated:polars_series:ewm_var","polars_series",TRUE
"polars_series","ewm_std",".delegated:polars_series:ewm_std","polars_series",TRUE
"polars_series","ewm_mean",".delegated:polars_series:ewm_mean","polars_series",TRUE
"polars_series","ewm_mean_by",".delegated:polars_series:ewm_mean_by","polars_series",TRUE
"polars_series","append",".delegated:polars_series:append","polars_series",TRUE
"polars_series","backward_fill",".delegated:polars_series:backward_fill","polars_series",TRUE
"polars_series","forward_fill",".delegated:polars_series:forward_fill","polars_series",TRUE
"polars_series","bottom_k",".delegated:polars_series:bottom_k","polars_series",TRUE
"polars_series","top_k",".delegated:polars_series:top_k","polars_series",TRUE
"polars_series","bottom_k_by",".delegated:polars_series:bottom_k_by","polars_series",TRUE
"polars_series","top_k_by",".delegated:polars_series:top_k_by","polars_series",TRUE
"polars_series","ceil",".delegated:polars_series:ceil","polars_series",TRUE
"polars_series","floor",".delegated:polars_series:floor","polars_series",TRUE
"polars_series","clip",".delegated:polars_series:clip","polars_series",TRUE
"polars_series","drop_nans",".delegated:polars_series:drop_nans","polars_series",TRUE
"polars_series","drop_nulls",".delegated:polars_series:drop_nulls","polars_series",TRUE
"polars_series","explode",".delegated:polars_series:explode","polars_series",TRUE
"polars_series","extend_constant",".delegated:polars_series:extend_constant","polars_series",TRUE
"polars_series","fill_nan",".delegated:polars_series:fill_nan","polars_series",TRUE
"polars_series","fill_null",".delegated:polars_series:fill_null","polars_series",TRUE
"polars_series","gather",".delegated:polars_series:gather","polars_series",TRUE
"polars_series","get",".delegated:polars_series:get","polars_series",TRUE
"polars_series","gather_every",".delegated:polars_series:gather_every","polars_series",TRUE
"polars_series","interpolate",".delegated:polars_series:interpolate","polars_series",TRUE
"polars_series","interpolate_by",".delegated:polars_series:interpolate_by","polars_series",TRUE
"polars_series","limit",".delegated:polars_series:limit","polars_series",TRUE
"polars_series","lower_bound",".delegated:polars_series:lower_bound","polars_series",TRUE
"polars_series","upper_bound",".delegated:polars_series:upper_bound","polars_series",TRUE
"polars_series","cut",".delegated:polars_series:cut","polars_series",TRUE
"polars_series","qcut",".delegated:polars_series:qcut","polars_series",TRUE
"polars_series","bin_intervals",".delegated:polars_series:bin_intervals","polars_series",TRUE
"polars_series","bin_quantiles",".delegated:polars_series:bin_quantiles","polars_series",TRUE
"polars_series","bin_ranks",".delegated:polars_series:bin_ranks","polars_series",TRUE
"polars_series","reinterpret",".delegated:polars_series:reinterpret","polars_series",TRUE
"polars_series","repeat_by",".delegated:polars_series:repeat_by","polars_series",TRUE
"polars_series","replace",".delegated:polars_series:replace","polars_series",TRUE
"polars_series","replace_strict",".delegated:polars_series:replace_strict","polars_series",TRUE
"polars_series","rle",".delegated:polars_series:rle","polars_series",TRUE
"polars_series","rle_id",".delegated:polars_series:rle_id","polars_series",TRUE
"polars_series","sample",".delegated:polars_series:sample","polars_series",TRUE
"polars_series","round",".delegated:polars_series:round","polars_series",TRUE
"polars_series","round_sig_figs",".delegated:polars_series:round_sig_figs","polars_series",TRUE
"polars_series","truncate",".delegated:polars_series:truncate","polars_series",TRUE
"polars_series","shift",".delegated:polars_series:shift","polars_series",TRUE
"polars_series","shuffle",".delegated:polars_series:shuffle","polars_series",TRUE
"polars_series","set_sorted",".delegated:polars_series:set_sorted","polars_series",TRUE
"polars_series","to_physical",".delegated:polars_series:to_physical","polars_series",TRUE
"polars_series","bitwise_count_ones",".delegated:polars_series:bitwise_count_ones","polars_series",TRUE
"polars_series","bitwise_count_zeros",".delegated:polars_series:bitwise_count_zeros","polars_series",TRUE
"polars_series","bitwise_leading_ones",".delegated:polars_series:bitwise_leading_ones","polars_series",TRUE
"polars_series","bitwise_leading_zeros",".delegated:polars_series:bitwise_leading_zeros","polars_series",TRUE
"polars_series","bitwise_trailing_ones",".delegated:polars_series:bitwise_trailing_ones","polars_series",TRUE
"polars_series","bitwise_trailing_zeros",".delegated:polars_series:bitwise_trailing_zeros","polars_series",TRUE
"polars_series","bitwise_and",".delegated:polars_series:bitwise_and","polars_series",TRUE
"polars_series","bitwise_or",".delegated:polars_series:bitwise_or","polars_series",TRUE
"polars_series","bitwise_xor",".delegated:polars_series:bitwise_xor","polars_series",TRUE
"polars_series","index_of",".delegated:polars_series:index_of","polars_series",TRUE
"polars_series","is_close",".delegated:polars_series:is_close","polars_series",TRUE
"polars_series","item",".delegated:polars_series:item","polars_series",TRUE
"polars_series","max_by",".delegated:polars_series:max_by","polars_series",TRUE
"polars_series","min_by",".delegated:polars_series:min_by","polars_series",TRUE
"pl","DataFrame","pl__DataFrame","polars_data_frame",TRUE
"pl","deserialize_df","pl__deserialize_df","polars_data_frame",TRUE
"pl","Decimal","pl__Decimal","polars_dtype",TRUE
"pl","Datetime","pl__Datetime","polars_dtype",TRUE
"pl","Duration","pl__Duration","polars_dtype",TRUE
"pl","Categorical","pl__Categorical","polars_dtype",TRUE
"pl","Enum","pl__Enum","polars_dtype",TRUE
"pl","Array","pl__Array","polars_dtype",TRUE
"pl","List","pl__List","polars_dtype",TRUE
"pl","Map","pl__Map","polars_dtype",TRUE
"pl","Struct","pl__Struct","polars_dtype",TRUE
"pl","deserialize_expr","pl__deserialize_expr","polars_expr",TRUE
"pl","min_horizontal","pl__min_horizontal","polars_expr",TRUE
"pl","max_horizontal","pl__max_horizontal","polars_expr",TRUE
"pl","all_horizontal","pl__all_horizontal","polars_expr",TRUE
"pl","any_horizontal","pl__any_horizontal","polars_expr",TRUE
"pl","sum_horizontal","pl__sum_horizontal","polars_expr",TRUE
"pl","mean_horizontal","pl__mean_horizontal","polars_expr",TRUE
"pl","all","pl__all","polars_expr",TRUE
"pl","any","pl__any","",FALSE
"pl","max","pl__max","",FALSE
"pl","min","pl__min","",FALSE
"pl","sum","pl__sum","",FALSE
"pl","cum_sum","pl__cum_sum","",FALSE
"pl","datetime","pl__datetime","polars_expr",TRUE
"pl","date","pl__date","polars_expr",TRUE
"pl","duration","pl__duration","polars_expr",TRUE
"pl","struct","pl__struct","polars_expr",TRUE
"pl","concat_list","pl__concat_list","polars_expr",TRUE
"pl","list","pl__list","polars_expr",TRUE
"pl","concat_arr","pl__concat_arr","polars_expr",TRUE
"pl","concat_str","pl__concat_str","polars_expr",TRUE
"pl","col","pl__col",".never",TRUE
"pl","nth","pl__nth","polars_expr",TRUE
"pl","first","pl__first","polars_expr",TRUE
"pl","last","pl__last","polars_expr",TRUE
"pl","dtype_of","pl__dtype_of",".never",TRUE
"pl","concat","pl__concat",".never",TRUE
"pl","field","pl__field","polars_expr",TRUE
"pl","select","pl__select","polars_data_frame",TRUE
"pl","element","pl__element","polars_expr",TRUE
"pl","coalesce","pl__coalesce","polars_expr",TRUE
"pl","arg_where","pl__arg_where","polars_expr",TRUE
"pl","arg_sort_by","pl__arg_sort_by","polars_expr",TRUE
"pl","collect_all","pl__collect_all","list",TRUE
"pl","explain_all","pl__explain_all","",FALSE
"pl","row_index","pl__row_index","polars_expr",TRUE
"pl","len","pl__len","polars_expr",TRUE
"pl","lit","pl__lit","polars_expr",TRUE
"pl","date_range","pl__date_range","polars_expr",TRUE
"pl","date_ranges","pl__date_ranges","polars_expr",TRUE
"pl","datetime_range","pl__datetime_range","polars_expr",TRUE
"pl","datetime_ranges","pl__datetime_ranges","polars_expr",TRUE
"pl","int_range","pl__int_range","polars_expr",TRUE
"pl","int_ranges","pl__int_ranges","polars_expr",TRUE
"pl","linear_space","pl__linear_space","polars_expr",TRUE
"pl","linear_spaces","pl__linear_spaces","polars_expr",TRUE
"pl","time_range","pl__time_range","polars_expr",TRUE
"pl","time_ranges","pl__time_ranges","polars_expr",TRUE
"pl","repeat_","pl__repeat_","polars_expr",TRUE
"pl","when","pl__when","polars_when",TRUE
"pl","scan_csv","pl__scan_csv","polars_lazy_frame",TRUE
"pl","read_csv","pl__read_csv","",FALSE
"pl","scan_ipc","pl__scan_ipc","polars_lazy_frame",TRUE
"pl","read_ipc","pl__read_ipc","",FALSE
"pl","read_ipc_stream","pl__read_ipc_stream","polars_data_frame",TRUE
"pl","scan_ndjson","pl__scan_ndjson","polars_lazy_frame",TRUE
"pl","read_ndjson","pl__read_ndjson","",FALSE
"pl","scan_lines","pl__scan_lines","polars_lazy_frame",TRUE
"pl","read_lines","pl__read_lines","",FALSE
"pl","scan_parquet","pl__scan_parquet","polars_lazy_frame",TRUE
"pl","read_parquet","pl__read_parquet","",FALSE
"pl","CompatLevel","pl__CompatLevel","",FALSE
"pl","LazyFrame","pl__LazyFrame","polars_lazy_frame",TRUE
"pl","deserialize_lf","pl__deserialize_lf","polars_lazy_frame",TRUE
"pl","QueryOptFlags","pl__QueryOptFlags","QueryOptFlags",TRUE
"pl","thread_pool_size","pl__thread_pool_size","",FALSE
"pl","show_versions","pl__show_versions","",FALSE
"pl","PartitionBy","pl__PartitionBy","PartitionBy",TRUE
"pl","Series","pl__Series","polars_series",TRUE
"pl","deserialize_series","pl__deserialize_series","polars_series",TRUE
"pl","SQLContext","pl__SQLContext","polars_sql_context",TRUE
"polars_when","then","when__then","polars_then",TRUE
"polars_chained_when","then","chainedwhen__then","polars_chained_then",TRUE
"cs","empty","cs__empty","polars_selector",TRUE
"cs","all","cs__all","polars_selector",TRUE
"cs","alpha","cs__alpha","polars_selector",TRUE
"cs","alphanumeric","cs__alphanumeric","polars_selector",TRUE
"cs","binary","cs__binary","polars_selector",TRUE
"cs","boolean","cs__boolean","polars_selector",TRUE
"cs","by_dtype","cs__by_dtype","polars_selector",TRUE
"cs","by_index","cs__by_index","polars_selector",TRUE
"cs","by_name","cs__by_name",".never",TRUE
"cs","enum","cs__enum","polars_selector",TRUE
"cs","list","cs__list","polars_selector",TRUE
"cs","array","cs__array","polars_selector",TRUE
"cs","struct","cs__struct","polars_selector",TRUE
"cs","nested","cs__nested","polars_selector",TRUE
"cs","categorical","cs__categorical","polars_selector",TRUE
"cs","contains","cs__contains","polars_selector",TRUE
"cs","date","cs__date","polars_selector",TRUE
"cs","datetime","cs__datetime","polars_selector",TRUE
"cs","decimal","cs__decimal","polars_selector",TRUE
"cs","digit","cs__digit","polars_selector",TRUE
"cs","duration","cs__duration","polars_selector",TRUE
"cs","ends_with","cs__ends_with","polars_selector",TRUE
"cs","exclude","cs__exclude","",FALSE
"cs","first","cs__first","polars_selector",TRUE
"cs","float","cs__float","polars_selector",TRUE
"cs","integer","cs__integer","polars_selector",TRUE
"cs","signed_integer","cs__signed_integer","polars_selector",TRUE
"cs","unsigned_integer","cs__unsigned_integer","polars_selector",TRUE
"cs","last","cs__last","polars_selector",TRUE
"cs","matches","cs__matches","polars_selector",TRUE
"cs","numeric","cs__numeric","polars_selector",TRUE
"cs","starts_with","cs__starts_with","polars_selector",TRUE
"cs","string","cs__string","polars_selector",TRUE
"cs","temporal","cs__temporal","polars_selector",TRUE
"cs","time","cs__time","polars_selector",TRUE
"pl__api","register_series_namespace","pl_api_register_series_namespace","NULL",TRUE
